{"features":[{"geometry":{"coordinates":[[[-74.1559404384089,41.0450658349566],[-74.1556595540842,41.0449735846751],[-74.1557741503683,41.0446958499919],[-74.1558604164834,41.0444867743253],[-74.1559080478547,41.0443734275904],[-74.1561930913792,41.0444435688622],[-74.1559404384089,41.0450658349566]]],"type":"Polygon"},"properties":{"CALC_ACRE":0.262,"DEED_DATE":null,"NET_VALUE":880700.0,"PAMS_PIN":"0248_3502_8.01","PCLBLOCK":"3502","PCLLOT":"8.01","PROP_CLASS":"2","PROP_LOC":"68 SNYDER AVENUE","SALES_CODE":"","SALE_PRICE":0.0,"YR_CONSTR":1983,"ZIP5":"07446"},"type":"Feature"},{"geometry":{"coordinates":[[[-74.1559404384089,41.0450658349566],[-74.1561930913792,41.0444435688622],[-74.1564618744987,41.0445097073354],[-74.1562037615681,41.0451523134651],[-74.1559404384089,41.0450658349566]]],"type":"Polygon"},"properties":{"CALC_ACRE":0.44,"DEED_DATE":"210329","NET_VALUE":682400.0,"PAMS_PIN":"0248_3502_8","PCLBLOCK":"3502","PCLLOT":"8","PROP_CLASS":"2","PROP_LOC":"62 SNYDER AVE","SALES_CODE":"","SALE_PRICE":500000.0,"YR_CONSTR":1911,"ZIP5":"07446"},"type":"Feature"},{"geometry":{"coordinates":[[[-74.1557741503683,41.0446958499919],[-74.1554139816349,41.0446102631617],[-74.1555003429714,41.0444002719067],[-74.1558604164834,41.0444867743253],[-74.1557741503683,41.0446958499919]]],"type":"Polygon"},"properties":{"CALC_ACRE":0.2,"DEED_DATE":"100626","NET_VALUE":1008000.0,"PAMS_PIN":"0248_3502_9.01","PCLBLOCK":"3502","PCLLOT":"9.01","PROP_CLASS":"2","PROP_LOC":"11 GARLAND AVE","SALES_CODE":"","SALE_PRICE":637500.0,"YR_CONSTR":1982,"ZIP5":"07446"},"type":"Feature"},{"geometry":{"coordinates":[[[-74.1554139816349,41.0446102631617],[-74.1557741503683,41.0446958499919],[-74.1556595540842,41.0449735846751],[-74.1553116383712,41.0448591141196],[-74.1554139816349,41.0446102631617]]],"type":"Polygon"},"properties":{"CALC_ACRE":0.23800000000000002,"DEED_DATE":"920608","NET_VALUE":766400.0,"PAMS_PIN":"0248_3502_9","PCLBLOCK":"3502","PCLLOT":"9","PROP_CLASS":"2","PROP_LOC":"72 SNYDER AVE","SALES_CODE":"","SALE_PRICE":0.0,"YR_CONSTR":1929,"ZIP5":"07446"},"type":"Feature"},{"geometry":{"coordinates":[[[-74.1558604164834,41.0444867743253],[-74.1555003429714,41.0444002719067],[-74.1555864267284,41.0441909520741],[-74.155948048936,41.0442772711621],[-74.1559080478547,41.0443734275904],[-74.1558604164834,41.0444867743253]]],"type":"Polygon"},"properties":{"CALC_ACRE":0.187,"DEED_DATE":"210901","NET_VALUE":683600.0,"PAMS_PIN":"0248_3502_10","PCLBLOCK":"3502","PCLLOT":"10","PROP_CLASS":"2","PROP_LOC":"15 GARLAND AVE","SALES_CODE":"","SALE_PRICE":547000.0,"YR_CONSTR":1953,"ZIP5":"92085"},"type":"Feature"},{"geometry":{"coordinates":[[[-74.1562037615681,41.0451523134651],[-74.1564618744987,41.0445097073354],[-74.1567623537747,41.0446567103894],[-74.156788205492,41.0446693574225],[-74.1565621615187,41.0452700151919],[-74.1562037615681,41.0451523134651]]],"type":"Polygon"},"properties":{"CALC_ACRE":0.5780000000000001,"DEED_DATE":null,"NET_VALUE":832500.0,"PAMS_PIN":"0248_3502_7","PCLBLOCK":"3502","PCLLOT":"7","PROP_CLASS":"2","PROP_LOC":"50 SNYDER AVENUE","SALES_CODE":"","SALE_PRICE":0.0,"YR_CONSTR":1957,"ZIP5":"07446"},"type":"Feature"},{"geometry":{"coordinates":[[[-74.1561930913792,41.0444435688622],[-74.1563204644016,41.0439913132578],[-74.1563388065263,41.0440080547251],[-74.1563605185322,41.0440223199917],[-74.1563850207928,41.0440337282318],[-74.1564116591926,41.0440419748913],[-74.1564397225895,41.0440468398174],[-74.1564684617996,41.0440481931363],[-74.1564971095973,41.0440459987198],[-74.1565249011973,41.04404031515],[-74.1565433200041,41.0440358119031],[-74.1565626319462,41.044034758063],[-74.1565817184354,41.0440372146705],[-74.1565994739424,41.0440430394335],[-74.1566419229328,41.0440611060173],[-74.1564618744987,41.0445097073354],[-74.1561930913792,41.0444435688622]]],"type":"Polygon"},"properties":{"CALC_ACRE":0.252,"DEED_DATE":"160720","NET_VALUE":728400.0,"PAMS_PIN":"0248_3502_40","PCLBLOCK":"3502","PCLLOT":"40","PROP_CLASS":"2","PROP_LOC":"65 E CEDAR PLACE","SALES_CODE":"","SALE_PRICE":599000.0,"YR_CONSTR":1965,"ZIP5":"07446"},"type":"Feature"},{"geometry":{"coordinates":[[[-74.1555864267284,41.0441909520741],[-74.1556728320824,41.0439808490462],[-74.1560351980949,41.0440677802048],[-74.155948048936,41.0442772711621],[-74.1555864267284,41.0441909520741]]],"type":"Polygon"},"properties":{"CALC_ACRE":0.187,"DEED_DATE":"121026","NET_VALUE":604600.0,"PAMS_PIN":"0248_3502_11","PCLBLOCK":"3502","PCLLOT":"11","PROP_CLASS":"2","PROP_LOC":"21 GARLAND AVENUE","SALES_CODE":"","SALE_PRICE":446000.0,"YR_CONSTR":1955,"ZIP5":"07446"},"type":"Feature"},{"geometry":{"coordinates":[[[-74.1559080478547,41.0443734275904],[-74.155948048936,41.0442772711621],[-74.1560351980949,41.0440677802048],[-74.1561472898761,41.0437983256927],[-74.1561855985314,41.0437062409813],[-74.1564329164072,41.0437756553112],[-74.1564108819446,41.0437800686004],[-74.156389747839,41.0437865173128],[-74.1563698432009,41.0437949010253],[-74.156351477995,41.0438050891822],[-74.1563349382132,41.0438169231275],[-74.1563204814212,41.0438302185765],[-74.156308332747,41.0438447684852],[-74.1562986813757,41.0438603462746],[-74.1562916776033,41.0438767093591],[-74.1562874304958,41.0438936029243],[-74.1562860061913,41.0439107638951],[-74.1562874268697,41.0439279250324],[-74.1562916704075,41.0439448190948],[-74.1562986707224,41.0439611829999],[-74.156308318802,41.0439767619215],[-74.1563204644016,41.0439913132578],[-74.1561930913792,41.0444435688622],[-74.1559080478547,41.0443734275904]]],"type":"Polygon"},"properties":{"CALC_ACRE":0.459,"DEED_DATE":null,"NET_VALUE":612900.0,"PAMS_PIN":"0248_3502_39","PCLBLOCK":"3502","PCLLOT":"39","PROP_CLASS":"2","PROP_LOC":"72 E CEDAR PL","SALES_CODE":"","SALE_PRICE":0.0,"YR_CONSTR":1956,"ZIP5":"07446"},"type":"Feature"},{"geometry":{"coordinates":[[[-74.1564618744987,41.0445097073354],[-74.1566419229328,41.0440611060173],[-74.1567068693312,41.0440887492494],[-74.1567338008548,41.0441019555185],[-74.1567565498239,41.0441190611375],[-74.1567741412966,41.0441393330158],[-74.1567858213632,41.0441619023685],[-74.156793126808,41.0441789182837],[-74.1568033339566,41.0441950625],[-74.1568162657461,41.0442100549652],[-74.1568316978493,41.0442236356066],[-74.1568493625663,41.0442355688424],[-74.156868953468,41.0442456476681],[-74.1568901307119,41.0442536972479],[-74.1569125269374,41.0442595779466],[-74.1567623537747,41.0446567103894],[-74.1564618744987,41.0445097073354]]],"type":"Polygon"},"properties":{"CALC_ACRE":0.365,"DEED_DATE":null,"NET_VALUE":695300.0,"PAMS_PIN":"0248_3502_41","PCLBLOCK":"3502","PCLLOT":"41","PROP_CLASS":"2","PROP_LOC":"61 E CEDAR PL","SALES_CODE":"","SALE_PRICE":0.0,"YR_CONSTR":1951,"ZIP5":"07446"},"type":"Feature"},{"geometry":{"coordinates":[[[-74.1565621615187,41.0452700151919],[-74.156788205492,41.0446693574225],[-74.1570581186921,41.0448014062066],[-74.1571053997205,41.0448245369388],[-74.15689771282,41.0453802113619],[-74.1565621615187,41.0452700151919]]],"type":"Polygon"},"properties":{"CALC_ACRE":0.527,"DEED_DATE":null,"NET_VALUE":672900.0,"PAMS_PIN":"0248_3502_6","PCLBLOCK":"3502","PCLLOT":"6","PROP_CLASS":"2","PROP_LOC":"40 SNYDER AVE","SALES_CODE":"","SALE_PRICE":0.0,"YR_CONSTR":1915,"ZIP5":"07446"},"type":"Feature"},{"geometry":{"coordinates":[[[-74.1549309395404,41.0443953098215],[-74.1551561867079,41.0441108490569],[-74.1553390154279,41.0441736260472],[-74.1553511377652,41.0441786394664],[-74.1553617022456,41.044185365399],[-74.1553702897635,41.0441935370188],[-74.1553765596418,41.0442028301474],[-74.1553802631469,41.044212876115],[-74.1553812533564,41.0442232763858],[-74.1553794909876,41.0442336183685],[-74.1553750459556,41.0442434917846],[-74.1552702314265,41.0444979593262],[-74.1549309395404,41.0443953098215]]],"type":"Polygon"},"properties":{"CALC_ACRE":0.23700000000000002,"DEED_DATE":"041215","NET_VALUE":865800.0,"PAMS_PIN":"0248_3503_19","PCLBLOCK":"3503","PCLLOT":"19","PROP_CLASS":"2","PROP_LOC":"3 WOODS ROAD","SALES_CODE":"","SALE_PRICE":512500.0,"YR_CONSTR":1952,"ZIP5":"07446"},"type":"Feature"},{"geometry":{"coordinates":[[[-74.1548088261539,41.0446937273619],[-74.1549309395404,41.0443953098215],[-74.1552702314265,41.0444979593262],[-74.1551441519781,41.0448040505129],[-74.1548088261539,41.0446937273619]]],"type":"Polygon"},"properties":{"CALC_ACRE":0.272,"DEED_DATE":"070126","NET_VALUE":597400.0,"PAMS_PIN":"0248_3503_1","PCLBLOCK":"3503","PCLLOT":"1","PROP_CLASS":"2","PROP_LOC":"80 SNYDER AVE","SALES_CODE":"","SALE_PRICE":472000.0,"YR_CONSTR":1920,"ZIP5":"07446"},"type":"Feature"},{"geometry":{"coordinates":[[[-74.156788205492,41.0446693574225],[-74.1567623537747,41.0446567103894],[-74.1569125269374,41.0442595779466],[-74.1569337805954,41.0442629527947],[-74.1569554196956,41.0442643618565],[-74.1570384096548,41.0442675868119],[-74.1570612054531,41.0442717729344],[-74.1570831441719,41.0442780445222],[-74.1571038918011,41.0442863060917],[-74.1571231324642,41.0442964318624],[-74.1571770077446,41.0443198988086],[-74.1572334267164,41.0443396753627],[-74.1570581186921,41.0448014062066],[-74.156788205492,41.0446693574225]]],"type":"Polygon"},"properties":{"CALC_ACRE":0.366,"DEED_DATE":"160518","NET_VALUE":730200.0,"PAMS_PIN":"0248_3502_42","PCLBLOCK":"3502","PCLLOT":"42","PROP_CLASS":"2","PROP_LOC":"57 E CEDAR PL","SALES_CODE":"","SALE_PRICE":465000.0,"YR_CONSTR":1959,"ZIP5":"07446"},"type":"Feature"},{"geometry":{"coordinates":[[[-74.155545353957,41.0457148881347],[-74.1554684357108,41.0456908126073],[-74.1552064573296,41.0456092270182],[-74.1554304971614,41.0450487442538],[-74.1557628729182,41.0451580444585],[-74.155545353957,41.0457148881347]]],"type":"Polygon"},"properties":{"CALC_ACRE":0.48200000000000004,"DEED_DATE":null,"NET_VALUE":615500.0,"PAMS_PIN":"0248_3501_41","PCLBLOCK":"3501","PCLLOT":"41","PROP_CLASS":"2","PROP_LOC":"65 SNYDER AVE","SALES_CODE":"","SALE_PRICE":0.0,"YR_CONSTR":1956,"ZIP5":"07446"},"type":"Feature"},{"geometry":{"coordinates":[[[-74.1558075587137,41.0457964735929],[-74.155545353957,41.0457148881347],[-74.1557628729182,41.0451580444585],[-74.1561200152274,41.0452754880471],[-74.155825179168,41.0458019585992],[-74.1558075587137,41.0457964735929]]],"type":"Polygon"},"properties":{"CALC_ACRE":0.527,"DEED_DATE":"101215","NET_VALUE":931300.0,"PAMS_PIN":"0248_3501_42","PCLBLOCK":"3501","PCLLOT":"42","PROP_CLASS":"2","PROP_LOC":"57 SNYDER AVE","SALES_CODE":"","SALE_PRICE":100.0,"YR_CONSTR":1954,"ZIP5":"07446"},"type":"Feature"},{"geometry":{"coordinates":[[[-74.1556728320824,41.0439808490462],[-74.1557836293912,41.0437114361844],[-74.1561472898761,41.0437983256927],[-74.1560351980949,41.0440677802048],[-74.1556728320824,41.0439808490462]]],"type":"Polygon"},"properties":{"CALC_ACRE":0.24300000000000002,"DEED_DATE":"190627","NET_VALUE":739600.0,"PAMS_PIN":"0248_3502_12","PCLBLOCK":"3502","PCLLOT":"12","PROP_CLASS":"2","PROP_LOC":"31 GARLAND AVE","SALES_CODE":"","SALE_PRICE":540000.0,"YR_CONSTR":1956,"ZIP5":"07446"},"type":"Feature"},{"geometry":{"coordinates":[[[-74.1552064573296,41.0456092270182],[-74.1550182324298,41.0455506789875],[-74.1549580542889,41.045531970544],[-74.1551870824655,41.0449686985136],[-74.1554304971614,41.0450487442538],[-74.1552064573296,41.0456092270182]]],"type":"Polygon"},"properties":{"CALC_ACRE":0.333,"DEED_DATE":"230308","NET_VALUE":939800.0,"PAMS_PIN":"0248_3501_40","PCLBLOCK":"3501","PCLLOT":"40","PROP_CLASS":"2","PROP_LOC":"75 SNYDER AVENUE","SALES_CODE":"","SALE_PRICE":10.0,"YR_CONSTR":1930,"ZIP5":"07446"},"type":"Feature"},{"geometry":{"coordinates":[[[-74.1561799400434,41.0459123550943],[-74.1561319780921,41.0458974583397],[-74.155825179168,41.0458019585992],[-74.1561200152274,41.0452754880471],[-74.1564313443555,41.0453778645013],[-74.1561799400434,41.0459123550943]]],"type":"Polygon"},"properties":{"CALC_ACRE":0.432,"DEED_DATE":"021030","NET_VALUE":777200.0,"PAMS_PIN":"0248_3501_43","PCLBLOCK":"3501","PCLLOT":"43","PROP_CLASS":"2","PROP_LOC":"51 SNYDER AVE","SALES_CODE":"","SALE_PRICE":499000.0,"YR_CONSTR":1962,"ZIP5":"07446"},"type":"Feature"},{"geometry":{"coordinates":[[[-74.1547248094203,41.0454593907573],[-74.1549538771228,41.0448920090369],[-74.1551870824655,41.0449686985136],[-74.1549580542889,41.045531970544],[-74.1547248094203,41.0454593907573]]],"type":"Polygon"},"properties":{"CALC_ACRE":0.339,"DEED_DATE":"921030","NET_VALUE":1017800.0,"PAMS_PIN":"0248_3501_40.01","PCLBLOCK":"3501","PCLLOT":"40.01","PROP_CLASS":"2","PROP_LOC":"79 SNYDER AVE","SALES_CODE":"","SALE_PRICE":300000.0,"YR_CONSTR":1981,"ZIP5":"07446"},"type":"Feature"},{"geometry":{"coordinates":[[[-74.1549309395404,41.0443953098215],[-74.1546992810966,41.0443170153303],[-74.1546954506802,41.044315719929],[-74.1548734904813,41.0440137809883],[-74.1551561867079,41.0441108490569],[-74.1549309395404,41.0443953098215]]],"type":"Polygon"},"properties":{"CALC_ACRE":0.22,"DEED_DATE":"170627","NET_VALUE":621600.0,"PAMS_PIN":"0248_3503_18","PCLBLOCK":"3503","PCLLOT":"18","PROP_CLASS":"2","PROP_LOC":"9 WOODS ROAD","SALES_CODE":"","SALE_PRICE":501000.0,"YR_CONSTR":1953,"ZIP5":"07446"},"type":"Feature"},{"geometry":{"coordinates":[[[-74.15689771282,41.0453802113619],[-74.1571053997205,41.0448245369388],[-74.1573600056282,41.0449490949211],[-74.15716556259,41.0454681731806],[-74.15689771282,41.0453802113619]]],"type":"Polygon"},"properties":{"CALC_ACRE":0.34400000000000003,"DEED_DATE":"060612","NET_VALUE":1240400.0,"PAMS_PIN":"0248_3502_5","PCLBLOCK":"3502","PCLLOT":"5","PROP_CLASS":"2","PROP_LOC":"36 SNYDER AVE","SALES_CODE":"","SALE_PRICE":1085000.0,"YR_CONSTR":2005,"ZIP5":"07446"},"type":"Feature"},{"geometry":{"coordinates":[[[-74.1545355128304,41.0446039399785],[-74.1546992810966,41.0443170153303],[-74.1549309395404,41.0443953098215],[-74.1548088261539,41.0446937273619],[-74.1545355128304,41.0446039399785]]],"type":"Polygon"},"properties":{"CALC_ACRE":0.22,"DEED_DATE":"230824","NET_VALUE":852800.0,"PAMS_PIN":"0248_3503_2","PCLBLOCK":"3503","PCLLOT":"2","PROP_CLASS":"2","PROP_LOC":"92 SNYDER AVE","SALES_CODE":"","SALE_PRICE":880000.0,"YR_CONSTR":1960,"ZIP5":"07446"},"type":"Feature"},{"geometry":{"coordinates":[[[-74.1571053997205,41.0448245369388],[-74.1570581186921,41.0448014062066],[-74.1572334267164,41.0443396753627],[-74.1572866088339,41.0443543313109],[-74.157341185923,41.0443657019375],[-74.1574207728357,41.0443896106256],[-74.1574980138053,41.0444175551908],[-74.1575532143812,41.0444373005412],[-74.1574006525982,41.044840582986],[-74.1573600056282,41.0449490949211],[-74.1571053997205,41.0448245369388]]],"type":"Polygon"},"properties":{"CALC_ACRE":0.401,"DEED_DATE":"180207","NET_VALUE":960900.0,"PAMS_PIN":"0248_3502_43","PCLBLOCK":"3502","PCLLOT":"43","PROP_CLASS":"2","PROP_LOC":"51 E CEDAR PL","SALES_CODE":"","SALE_PRICE":438000.0,"YR_CONSTR":1959,"ZIP5":"07446"},"type":"Feature"},{"geometry":{"coordinates":[[[-74.1549649380789,41.0438928716891],[-74.1551432698325,41.0435962798172],[-74.155215943539,41.0436224401571],[-74.1555769342308,41.0437523880295],[-74.1554760318649,41.0439982306801],[-74.1554703904423,41.044009070433],[-74.1554618369453,41.0440187651145],[-74.1554507583485,41.0440268761214],[-74.1554376558661,41.0440330364988],[-74.1554231222765,41.0440369675414],[-74.1554078151037,41.0440384914028],[-74.15539242687,41.044037539141],[-74.1553776537649,41.0440341538378],[-74.1549649380789,41.0438928716891]]],"type":"Polygon"},"properties":{"CALC_ACRE":0.403,"DEED_DATE":"960425","NET_VALUE":647300.0,"PAMS_PIN":"0248_3504_1","PCLBLOCK":"3504","PCLLOT":"1","PROP_CLASS":"2","PROP_LOC":"8 WOODS ROAD","SALES_CODE":"","SALE_PRICE":250000.0,"YR_CONSTR":1963,"ZIP5":"07446"},"type":"Feature"},{"geometry":{"coordinates":[[[-74.1565434990187,41.0460256361716],[-74.1564729138952,41.0460036379536],[-74.1561799400434,41.0459123550943],[-74.1564313443555,41.0453778645013],[-74.1567431666586,41.0454804013635],[-74.1565434990187,41.0460256361716]]],"type":"Polygon"},"properties":{"CALC_ACRE":0.449,"DEED_DATE":null,"NET_VALUE":796400.0,"PAMS_PIN":"0248_3501_44","PCLBLOCK":"3501","PCLLOT":"44","PROP_CLASS":"2","PROP_LOC":"43 SNYDER AVENUE","SALES_CODE":"","SALE_PRICE":0.0,"YR_CONSTR":1926,"ZIP5":"07446"},"type":"Feature"},{"geometry":{"coordinates":[[[-74.1557836293912,41.0437114361844],[-74.1558946099563,41.0434415737013],[-74.1562596709148,41.0435281810404],[-74.1561855985314,41.0437062409813],[-74.1561472898761,41.0437983256927],[-74.1557836293912,41.0437114361844]]],"type":"Polygon"},"properties":{"CALC_ACRE":0.24300000000000002,"DEED_DATE":"211208","NET_VALUE":655600.0,"PAMS_PIN":"0248_3502_13","PCLBLOCK":"3502","PCLLOT":"13","PROP_CLASS":"2","PROP_LOC":"39 GARLAND AVE","SALES_CODE":"","SALE_PRICE":590000.0,"YR_CONSTR":1956,"ZIP5":"07446"},"type":"Feature"},{"geometry":{"coordinates":[[[-74.1545264039134,41.045397551976],[-74.154354469063,41.0453440260686],[-74.1546019504322,41.0447762754676],[-74.1549538771228,41.0448920090369],[-74.1547248094203,41.0454593907573],[-74.1545264039134,41.045397551976]]],"type":"Polygon"},"properties":{"CALC_ACRE":0.523,"DEED_DATE":"220725","NET_VALUE":624900.0,"PAMS_PIN":"0248_3501_39","PCLBLOCK":"3501","PCLLOT":"39","PROP_CLASS":"2","PROP_LOC":"83 SNYDER AVENUE","SALES_CODE":"","SALE_PRICE":1.0,"YR_CONSTR":1925,"ZIP5":"07446"},"type":"Feature"},{"geometry":{"coordinates":[[[-74.1544316451257,41.0442265600836],[-74.1546111168413,41.0439236891504],[-74.1548734904813,41.0440137809883],[-74.1546954506802,41.044315719929],[-74.1544352824043,41.0442277884129],[-74.1544316451257,41.0442265600836]]],"type":"Polygon"},"properties":{"CALC_ACRE":0.22,"DEED_DATE":"070730","NET_VALUE":768300.0,"PAMS_PIN":"0248_3503_17","PCLBLOCK":"3503","PCLLOT":"17","PROP_CLASS":"2","PROP_LOC":"15 WOODS ROAD","SALES_CODE":"","SALE_PRICE":493000.0,"YR_CONSTR":1952,"ZIP5":"07446"},"type":"Feature"},{"geometry":{"coordinates":[[[-74.1545355128304,41.0446039399785],[-74.1542803805099,41.0445201240372],[-74.1544352824043,41.0442277884129],[-74.1546954506802,41.044315719929],[-74.1546992810966,41.0443170153303],[-74.1545355128304,41.0446039399785]]],"type":"Polygon"},"properties":{"CALC_ACRE":0.22,"DEED_DATE":"140501","NET_VALUE":548500.0,"PAMS_PIN":"0248_3503_3","PCLBLOCK":"3503","PCLLOT":"3","PROP_CLASS":"2","PROP_LOC":"98 SNYDER AVE","SALES_CODE":"","SALE_PRICE":440000.0,"YR_CONSTR":1952,"ZIP5":"07446"},"type":"Feature"},{"geometry":{"coordinates":[[[-74.1566966986055,41.0439273368919],[-74.1568925187611,41.0434738114554],[-74.1570675474093,41.0435628496898],[-74.1571754090238,41.0436177192098],[-74.157022921801,41.0440004712201],[-74.1569923855753,41.0439922866752],[-74.156960292469,41.0439888921792],[-74.1569279491746,41.0439904259421],[-74.1568966725709,41.0439968255152],[-74.1568795608415,41.0439990917471],[-74.1568625329969,41.0439964908231],[-74.1567932845666,41.0439684071677],[-74.1566966986055,41.0439273368919]]],"type":"Polygon"},"properties":{"CALC_ACRE":0.332,"DEED_DATE":"171030","NET_VALUE":689300.0,"PAMS_PIN":"0248_3502_37","PCLBLOCK":"3502","PCLLOT":"37","PROP_CLASS":"2","PROP_LOC":"64 E CEDAR PL","SALES_CODE":"","SALE_PRICE":490000.0,"YR_CONSTR":1959,"ZIP5":"07446"},"type":"Feature"},{"geometry":{"coordinates":[[[-74.1564329164072,41.0437756553112],[-74.1561855985314,41.0437062409813],[-74.1562596709148,41.0435281810404],[-74.1563712210118,41.0432600258388],[-74.1563888693139,41.0432176007536],[-74.1567585556977,41.0434056637704],[-74.1568925187611,41.0434738114554],[-74.1566966986055,41.0439273368919],[-74.156685810126,41.043922707431],[-74.1566703843073,41.0439144148341],[-74.1566574991732,41.043903941893],[-74.1566476865921,41.0438917209052],[-74.1566413516043,41.0438782563238],[-74.1566305380485,41.0438536702537],[-74.1566137004848,41.0438310931601],[-74.1565914581746,41.0438113553988],[-74.1565646291586,41.0437951828995],[-74.1565342001697,41.0437831704665],[-74.1565012903428,41.0437757599022],[-74.1564671100545,41.0437732237584],[-74.1564329164072,41.0437756553112]]],"type":"Polygon"},"properties":{"CALC_ACRE":0.661,"DEED_DATE":"210423","NET_VALUE":701600.0,"PAMS_PIN":"0248_3502_38","PCLBLOCK":"3502","PCLLOT":"38","PROP_CLASS":"2","PROP_LOC":"68 E CEDAR PL","SALES_CODE":"","SALE_PRICE":630000.0,"YR_CONSTR":1965,"ZIP5":"07446"},"type":"Feature"},{"geometry":{"coordinates":[[[-74.1565434990187,41.0460256361716],[-74.1567431666586,41.0454804013635],[-74.1569505894543,41.0455486085523],[-74.1567231315328,41.0460814108012],[-74.1565434990187,41.0460256361716]]],"type":"Polygon"},"properties":{"CALC_ACRE":0.3,"DEED_DATE":null,"NET_VALUE":762500.0,"PAMS_PIN":"0248_3501_45","PCLBLOCK":"3501","PCLLOT":"45","PROP_CLASS":"2","PROP_LOC":"37 SNYDER AVE.","SALES_CODE":"","SALE_PRICE":0.0,"YR_CONSTR":1928,"ZIP5":"07446"},"type":"Feature"},{"geometry":{"coordinates":[[[-74.1555769342308,41.0437523880295],[-74.155215943539,41.0436224401571],[-74.1553319932973,41.0433559405234],[-74.1556854390391,41.0434880224313],[-74.1555769342308,41.0437523880295]]],"type":"Polygon"},"properties":{"CALC_ACRE":0.259,"DEED_DATE":"231229","NET_VALUE":649800.0,"PAMS_PIN":"0248_3504_31","PCLBLOCK":"3504","PCLLOT":"31","PROP_CLASS":"2","PROP_LOC":"38 GARLAND AVE","SALES_CODE":"","SALE_PRICE":670000.0,"YR_CONSTR":1955,"ZIP5":"07446"},"type":"Feature"},{"geometry":{"coordinates":[[[-74.157022921801,41.0440004712201],[-74.1571754090238,41.0436177192098],[-74.1573676916138,41.0437155324541],[-74.157460067171,41.0437625236817],[-74.1572857311238,41.0442005842671],[-74.1572541832622,41.0441898461553],[-74.1572237491659,41.0441774133424],[-74.1571942093499,41.0441622616694],[-74.157169121054,41.0441430809833],[-74.1571494348491,41.0441205980182],[-74.157135896626,41.0440956646288],[-74.1571304780332,41.0440793671453],[-74.1571221301236,41.0440637892951],[-74.1571110125431,41.0440492289907],[-74.1570973379051,41.0440359646851],[-74.1570813677243,41.0440242500466],[-74.1570634074155,41.0440143091076],[-74.1570438004527,41.0440063319802],[-74.157022921801,41.0440004712201]]],"type":"Polygon"},"properties":{"CALC_ACRE":0.329,"DEED_DATE":"210420","NET_VALUE":963900.0,"PAMS_PIN":"0248_3502_36","PCLBLOCK":"3502","PCLLOT":"36","PROP_CLASS":"2","PROP_LOC":"58 E CEDAR PL","SALES_CODE":"","SALE_PRICE":780000.0,"YR_CONSTR":1960,"ZIP5":"07446"},"type":"Feature"},{"geometry":{"coordinates":[[[-74.1574006525982,41.044840582986],[-74.1575532143812,41.0444373005412],[-74.1575580787584,41.0444244427578],[-74.1579325693324,41.0446208119617],[-74.157613127519,41.0449515759429],[-74.1574006525982,41.044840582986]]],"type":"Polygon"},"properties":{"CALC_ACRE":0.35800000000000004,"DEED_DATE":"201214","NET_VALUE":793200.0,"PAMS_PIN":"0248_3502_44","PCLBLOCK":"3502","PCLLOT":"44","PROP_CLASS":"2","PROP_LOC":"43 E CEDAR PL","SALES_CODE":"","SALE_PRICE":550000.0,"YR_CONSTR":1947,"ZIP5":"07446"},"type":"Feature"},{"geometry":{"coordinates":[[[-74.1547028851375,41.0438031631599],[-74.1548821107148,41.0435022672801],[-74.1551432698325,41.0435962798172],[-74.1549649380789,41.0438928716891],[-74.1547028851375,41.0438031631599]]],"type":"Polygon"},"properties":{"CALC_ACRE":0.217,"DEED_DATE":"960920","NET_VALUE":592900.0,"PAMS_PIN":"0248_3504_2","PCLBLOCK":"3504","PCLLOT":"2","PROP_CLASS":"2","PROP_LOC":"16 WOODS ROAD","SALES_CODE":"","SALE_PRICE":243500.0,"YR_CONSTR":1954,"ZIP5":"07446"},"type":"Feature"},{"geometry":{"coordinates":[[[-74.15716556259,41.0454681731806],[-74.1573600056282,41.0449490949211],[-74.1574006525982,41.044840582986],[-74.157613127519,41.0449515759429],[-74.1578349009014,41.0450674243795],[-74.1580580657742,41.0451840002495],[-74.1580910635896,41.0452012372575],[-74.1574590736343,41.0456821054158],[-74.15716556259,41.0454681731806]]],"type":"Polygon"},"properties":{"CALC_ACRE":0.614,"DEED_DATE":"980107","NET_VALUE":818600.0,"PAMS_PIN":"0248_3502_4","PCLBLOCK":"3502","PCLLOT":"4","PROP_CLASS":"2","PROP_LOC":"30 SNYDER AVE","SALES_CODE":"","SALE_PRICE":347500.0,"YR_CONSTR":1926,"ZIP5":"07446"},"type":"Feature"},{"geometry":{"coordinates":[[[-74.1541221305945,41.0452716195149],[-74.1539811885197,41.0452277926205],[-74.1542546500652,41.0446620626992],[-74.1546019504322,41.0447762754676],[-74.154354469063,41.0453440260686],[-74.1541221305945,41.0452716195149]]],"type":"Polygon"},"properties":{"CALC_ACRE":0.535,"DEED_DATE":"200422","NET_VALUE":707400.0,"PAMS_PIN":"0248_3501_38","PCLBLOCK":"3501","PCLLOT":"38","PROP_CLASS":"2","PROP_LOC":"93 SNYDER AVE","SALES_CODE":"","SALE_PRICE":575000.0,"YR_CONSTR":1928,"ZIP5":"07446"},"type":"Feature"},{"geometry":{"coordinates":[[[-74.1572857311238,41.0442005842671],[-74.157460067171,41.0437625236817],[-74.1576614505931,41.0438649654986],[-74.1577500505313,41.0439100351862],[-74.1576041003488,41.0442990280856],[-74.1575512317993,41.0442764886363],[-74.1575028942279,41.0442586558639],[-74.1574534010321,41.0442427279185],[-74.1574028840684,41.0442287472359],[-74.1573514779212,41.0442167510636],[-74.15731821567,41.0442095671887],[-74.1572857311238,41.0442005842671]]],"type":"Polygon"},"properties":{"CALC_ACRE":0.331,"DEED_DATE":null,"NET_VALUE":1034200.0,"PAMS_PIN":"0248_3502_35","PCLBLOCK":"3502","PCLLOT":"35","PROP_CLASS":"2","PROP_LOC":"52 E CEDAR PL","SALES_CODE":"","SALE_PRICE":0.0,"YR_CONSTR":1954,"ZIP5":"07446"},"type":"Feature"},{"geometry":{"coordinates":[[[-74.1553143485885,41.046211704081],[-74.1549736346692,41.0461065518817],[-74.1554684357108,41.0456908126073],[-74.155545353957,41.0457148881347],[-74.1558075587137,41.0457964735929],[-74.1553143485885,41.046211704081]]],"type":"Polygon"},"properties":{"CALC_ACRE":0.47700000000000004,"DEED_DATE":"131012","NET_VALUE":880100.0,"PAMS_PIN":"0248_3501_7","PCLBLOCK":"3501","PCLLOT":"7","PROP_CLASS":"2","PROP_LOC":"58 PINE ST","SALES_CODE":"","SALE_PRICE":629000.0,"YR_CONSTR":1956,"ZIP5":"07446"},"type":"Feature"},{"geometry":{"coordinates":[[[-74.1549736346692,41.0461065518817],[-74.154630658792,41.0460007050832],[-74.1550182324298,41.0455506789875],[-74.1552064573296,41.0456092270182],[-74.1554684357108,41.0456908126073],[-74.1549736346692,41.0461065518817]]],"type":"Polygon"},"properties":{"CALC_ACRE":0.48500000000000004,"DEED_DATE":"961114","NET_VALUE":1039500.0,"PAMS_PIN":"0248_3501_8","PCLBLOCK":"3501","PCLLOT":"8","PROP_CLASS":"2","PROP_LOC":"62 PINE STREET","SALES_CODE":"","SALE_PRICE":300000.0,"YR_CONSTR":1954,"ZIP5":"07446"},"type":"Feature"},{"geometry":{"coordinates":[[[-74.1562596709148,41.0435281810404],[-74.1558946099563,41.0434415737013],[-74.1560051880763,41.0431726891322],[-74.1563712210118,41.0432600258388],[-74.1562596709148,41.0435281810404]]],"type":"Polygon"},"properties":{"CALC_ACRE":0.24100000000000002,"DEED_DATE":"210617","NET_VALUE":706500.0,"PAMS_PIN":"0248_3502_14","PCLBLOCK":"3502","PCLLOT":"14","PROP_CLASS":"2","PROP_LOC":"47 GARLAND AVE","SALES_CODE":"","SALE_PRICE":670000.0,"YR_CONSTR":1956,"ZIP5":"07446"},"type":"Feature"},{"geometry":{"coordinates":[[[-74.1568204127898,41.0461117218281],[-74.1567231315328,41.0460814108012],[-74.1569505894543,41.0455486085523],[-74.1570646593257,41.0455861175642],[-74.1571718121694,41.0456641043168],[-74.156963393142,41.0461562384984],[-74.1568204127898,41.0461117218281]]],"type":"Polygon"},"properties":{"CALC_ACRE":0.28700000000000003,"DEED_DATE":"970609","NET_VALUE":849600.0,"PAMS_PIN":"0248_3501_46","PCLBLOCK":"3501","PCLLOT":"46","PROP_CLASS":"2","PROP_LOC":"31 SNYDER AVENUE","SALES_CODE":"","SALE_PRICE":250000.0,"YR_CONSTR":1928,"ZIP5":"07446"},"type":"Feature"},{"geometry":{"coordinates":[[[-74.1556620927231,41.0463209603498],[-74.1553143485885,41.046211704081],[-74.1558075587137,41.0457964735929],[-74.155825179168,41.0458019585992],[-74.1561319780921,41.0458974583397],[-74.1556620927231,41.0463209603498]]],"type":"Polygon"},"properties":{"CALC_ACRE":0.47700000000000004,"DEED_DATE":"240920","NET_VALUE":654200.0,"PAMS_PIN":"0248_3501_6","PCLBLOCK":"3501","PCLLOT":"6","PROP_CLASS":"2","PROP_LOC":"50 PINE STREET","SALES_CODE":"","SALE_PRICE":1.0,"YR_CONSTR":1956,"ZIP5":"07446"},"type":"Feature"},{"geometry":{"coordinates":[[[-74.1541685312739,41.0441376318267],[-74.1543481557031,41.0438333959669],[-74.1546111168413,41.0439236891504],[-74.1544316451257,41.0442265600836],[-74.1541718244977,41.0441387449805],[-74.1541685312739,41.0441376318267]]],"type":"Polygon"},"properties":{"CALC_ACRE":0.22,"DEED_DATE":"221021","NET_VALUE":671100.0,"PAMS_PIN":"0248_3503_16","PCLBLOCK":"3503","PCLLOT":"16","PROP_CLASS":"2","PROP_LOC":"21 WOODS RD","SALES_CODE":"","SALE_PRICE":670000.0,"YR_CONSTR":1953,"ZIP5":"07446"},"type":"Feature"},{"geometry":{"coordinates":[[[-74.1542803805099,41.0445201240372],[-74.1540160943567,41.0444333012003],[-74.1541718244977,41.0441387449805],[-74.1544316451257,41.0442265600836],[-74.1544352824043,41.0442277884129],[-74.1542803805099,41.0445201240372]]],"type":"Polygon"},"properties":{"CALC_ACRE":0.22,"DEED_DATE":null,"NET_VALUE":945900.0,"PAMS_PIN":"0248_3503_4","PCLBLOCK":"3503","PCLLOT":"4","PROP_CLASS":"2","PROP_LOC":"104 SNYDER AVE","SALES_CODE":"","SALE_PRICE":0.0,"YR_CONSTR":1952,"ZIP5":"07446"},"type":"Feature"},{"geometry":{"coordinates":[[[-74.1578349009014,41.0450674243795],[-74.157613127519,41.0449515759429],[-74.1579325693324,41.0446208119617],[-74.1581543013923,41.0447370796797],[-74.1578349009014,41.0450674243795]]],"type":"Polygon"},"properties":{"CALC_ACRE":0.258,"DEED_DATE":null,"NET_VALUE":727000.0,"PAMS_PIN":"0248_3502_45","PCLBLOCK":"3502","PCLLOT":"45","PROP_CLASS":"2","PROP_LOC":"35 E CEDAR PL","SALES_CODE":"","SALE_PRICE":0.0,"YR_CONSTR":1954,"ZIP5":"07446"},"type":"Feature"},{"geometry":{"coordinates":[[[-74.154630658792,41.0460007050832],[-74.1542578220165,41.0458855032648],[-74.1545264039134,41.045397551976],[-74.1547248094203,41.0454593907573],[-74.1549580542889,41.045531970544],[-74.1550182324298,41.0455506789875],[-74.154630658792,41.0460007050832]]],"type":"Polygon"},"properties":{"CALC_ACRE":0.47300000000000003,"DEED_DATE":"090316","NET_VALUE":1056300.0,"PAMS_PIN":"0248_3501_9","PCLBLOCK":"3501","PCLLOT":"9","PROP_CLASS":"2","PROP_LOC":"72 PINE ST","SALES_CODE":"","SALE_PRICE":682000.0,"YR_CONSTR":1953,"ZIP5":"07446"},"type":"Feature"},{"geometry":{"coordinates":[[[-74.1551432698325,41.0435962798172],[-74.1548821107148,41.0435022672801],[-74.1547576760816,41.0434574723864],[-74.1547928190738,41.0433819336112],[-74.1548163348247,41.0433862806965],[-74.1548404043491,41.0433882574284],[-74.1548646094986,41.0433878294665],[-74.1548885297684,41.0433850042454],[-74.154911749603,41.0433798308461],[-74.154933865615,41.0433723991431],[-74.1549544935935,41.0433628382432],[-74.1549732751783,41.0433513142424],[-74.1549898840857,41.0433380273408],[-74.155004031777,41.0433232083645],[-74.1550154724709,41.0433071147558],[-74.1550240074138,41.0432900261004],[-74.1550294883321,41.0432722392708],[-74.1550318200082,41.043254063269],[-74.1550309619353,41.0432358138577],[-74.15502692902,41.0432178080755],[-74.1553319932973,41.0433559405234],[-74.155215943539,41.0436224401571],[-74.1551432698325,41.0435962798172]]],"type":"Polygon"},"properties":{"CALC_ACRE":0.255,"DEED_DATE":"980910","NET_VALUE":594500.0,"PAMS_PIN":"0248_3504_24","PCLBLOCK":"3504","PCLLOT":"24","PROP_CLASS":"2","PROP_LOC":"26 DELWOOD COURT","SALES_CODE":"","SALE_PRICE":292000.0,"YR_CONSTR":1956,"ZIP5":"07446"},"type":"Feature"},{"geometry":{"coordinates":[[[-74.1556854390391,41.0434880224313],[-74.1553319932973,41.0433559405234],[-74.1554497938721,41.0430851016258],[-74.1557935171475,41.0432246903478],[-74.1556854390391,41.0434880224313]]],"type":"Polygon"},"properties":{"CALC_ACRE":0.25,"DEED_DATE":"950228","NET_VALUE":656000.0,"PAMS_PIN":"0248_3504_30","PCLBLOCK":"3504","PCLLOT":"30","PROP_CLASS":"2","PROP_LOC":"46 GARLAND AVE","SALES_CODE":"","SALE_PRICE":230000.0,"YR_CONSTR":1955,"ZIP5":"07446"},"type":"Feature"},{"geometry":{"coordinates":[[[-74.1556620927231,41.0463209603498],[-74.1561319780921,41.0458974583397],[-74.1561799400434,41.0459123550943],[-74.1564729138952,41.0460036379536],[-74.155989753223,41.0464219354843],[-74.1556620927231,41.0463209603498]]],"type":"Polygon"},"properties":{"CALC_ACRE":0.47700000000000004,"DEED_DATE":"020408","NET_VALUE":840100.0,"PAMS_PIN":"0248_3501_5","PCLBLOCK":"3501","PCLLOT":"5","PROP_CLASS":"2","PROP_LOC":"40 PINE ST","SALES_CODE":"","SALE_PRICE":310000.0,"YR_CONSTR":1957,"ZIP5":"07446"},"type":"Feature"},{"geometry":{"coordinates":[[[-74.1577500505313,41.0439100351862],[-74.1579633168679,41.0440185222327],[-74.1581041556365,41.0440901652525],[-74.1578119210982,41.0444252063115],[-74.1575988568825,41.0443130024319],[-74.1576041003488,41.0442990280856],[-74.1577500505313,41.0439100351862]]],"type":"Polygon"},"properties":{"CALC_ACRE":0.262,"DEED_DATE":"040505","NET_VALUE":822900.0,"PAMS_PIN":"0248_3502_34","PCLBLOCK":"3502","PCLLOT":"34","PROP_CLASS":"2","PROP_LOC":"44 E CEDAR PL","SALES_CODE":"","SALE_PRICE":1.0,"YR_CONSTR":1946,"ZIP5":"07446"},"type":"Feature"},{"geometry":{"coordinates":[[[-74.1543562603036,41.0436845035098],[-74.154540059204,41.0433791340956],[-74.1547576760816,41.0434574723864],[-74.1548821107148,41.0435022672801],[-74.1547028851375,41.0438031631599],[-74.1543562603036,41.0436845035098]]],"type":"Polygon"},"properties":{"CALC_ACRE":0.28700000000000003,"DEED_DATE":"071107","NET_VALUE":801200.0,"PAMS_PIN":"0248_3504_3","PCLBLOCK":"3504","PCLLOT":"3","PROP_CLASS":"2","PROP_LOC":"24 WOODS ROAD","SALES_CODE":"","SALE_PRICE":650000.0,"YR_CONSTR":1956,"ZIP5":"07446"},"type":"Feature"},{"geometry":{"coordinates":[[[-74.1539811885197,41.0452277926205],[-74.1538746348523,41.04519453473],[-74.153670575349,41.0451311340561],[-74.1539479598373,41.0445612047832],[-74.1542546500652,41.0446620626992],[-74.1539811885197,41.0452277926205]]],"type":"Polygon"},"properties":{"CALC_ACRE":0.457,"DEED_DATE":"210610","NET_VALUE":1017500.0,"PAMS_PIN":"0248_3501_37","PCLBLOCK":"3501","PCLLOT":"37","PROP_CLASS":"2","PROP_LOC":"101 SNYDER AVE","SALES_CODE":"","SALE_PRICE":499900.0,"YR_CONSTR":1933,"ZIP5":"07446"},"type":"Feature"},{"geometry":{"coordinates":[[[-74.1570675474093,41.0435628496898],[-74.1568925187611,41.0434738114554],[-74.1567585556977,41.0434056637704],[-74.1569258642244,41.0431339822386],[-74.1572556016292,41.0432877473224],[-74.1570675474093,41.0435628496898]]],"type":"Polygon"},"properties":{"CALC_ACRE":0.277,"DEED_DATE":"060301","NET_VALUE":678600.0,"PAMS_PIN":"0248_3502_17","PCLBLOCK":"3502","PCLLOT":"17","PROP_CLASS":"2","PROP_LOC":"77 FOREST AVENUE","SALES_CODE":"","SALE_PRICE":450000.0,"YR_CONSTR":1955,"ZIP5":"07446"},"type":"Feature"},{"geometry":{"coordinates":[[[-74.1573676916138,41.0437155324541],[-74.1571754090238,41.0436177192098],[-74.1570675474093,41.0435628496898],[-74.1572556016292,41.0432877473224],[-74.1575642942019,41.0434316988449],[-74.1573676916138,41.0437155324541]]],"type":"Polygon"},"properties":{"CALC_ACRE":0.275,"DEED_DATE":"131030","NET_VALUE":937500.0,"PAMS_PIN":"0248_3502_18","PCLBLOCK":"3502","PCLLOT":"18","PROP_CLASS":"2","PROP_LOC":"69 FOREST AVENUE","SALES_CODE":"","SALE_PRICE":742500.0,"YR_CONSTR":2009,"ZIP5":"07446"},"type":"Feature"},{"geometry":{"coordinates":[[[-74.1571455139895,41.046212878174],[-74.156963393142,41.0461562384984],[-74.1571718121694,41.0456641043168],[-74.1574376568996,41.0458575850469],[-74.1572321636852,41.0462398978877],[-74.1571455139895,41.046212878174]]],"type":"Polygon"},"properties":{"CALC_ACRE":0.34400000000000003,"DEED_DATE":"210125","NET_VALUE":688000.0,"PAMS_PIN":"0248_3501_47","PCLBLOCK":"3501","PCLLOT":"47","PROP_CLASS":"2","PROP_LOC":"25 SNYDER AVENUE","SALES_CODE":"","SALE_PRICE":1.0,"YR_CONSTR":1961,"ZIP5":"07446"},"type":"Feature"},{"geometry":{"coordinates":[[[-74.155989753223,41.0464219354843],[-74.1564729138952,41.0460036379536],[-74.1565434990187,41.0460256361716],[-74.1567231315328,41.0460814108012],[-74.1568204127898,41.0461117218281],[-74.156333868164,41.0465279801093],[-74.155989753223,41.0464219354843]]],"type":"Polygon"},"properties":{"CALC_ACRE":0.48900000000000005,"DEED_DATE":"181228","NET_VALUE":1468500.0,"PAMS_PIN":"0248_3501_4","PCLBLOCK":"3501","PCLLOT":"4","PROP_CLASS":"2","PROP_LOC":"30 PINE ST","SALES_CODE":"","SALE_PRICE":900000.0,"YR_CONSTR":2003,"ZIP5":"07446"},"type":"Feature"},{"geometry":{"coordinates":[[[-74.1563888693139,41.0432176007536],[-74.1565748798665,41.0429703052835],[-74.1569258642244,41.0431339822386],[-74.1567585556977,41.0434056637704],[-74.1563888693139,41.0432176007536]]],"type":"Polygon"},"properties":{"CALC_ACRE":0.29,"DEED_DATE":"110809","NET_VALUE":633500.0,"PAMS_PIN":"0248_3502_16","PCLBLOCK":"3502","PCLLOT":"16","PROP_CLASS":"2","PROP_LOC":"85 FOREST AVE","SALES_CODE":"","SALE_PRICE":462500.0,"YR_CONSTR":1955,"ZIP5":"07446"},"type":"Feature"},{"geometry":{"coordinates":[[[-74.1541685312739,41.0441376318267],[-74.1539083333535,41.0440496899098],[-74.1539048505852,41.0440485123908],[-74.1540859195054,41.0437433499532],[-74.1543481557031,41.0438333959669],[-74.1541685312739,41.0441376318267]]],"type":"Polygon"},"properties":{"CALC_ACRE":0.226,"DEED_DATE":"081209","NET_VALUE":636800.0,"PAMS_PIN":"0248_3503_15","PCLBLOCK":"3503","PCLLOT":"15","PROP_CLASS":"2","PROP_LOC":"27 WOODS ROAD","SALES_CODE":"","SALE_PRICE":480000.0,"YR_CONSTR":1953,"ZIP5":"07446"},"type":"Feature"},{"geometry":{"coordinates":[[[-74.1537436775518,41.0443438054688],[-74.1539083333535,41.0440496899098],[-74.1541685312739,41.0441376318267],[-74.1541718244977,41.0441387449805],[-74.1540160943567,41.0444333012003],[-74.1537436775518,41.0443438054688]]],"type":"Polygon"},"properties":{"CALC_ACRE":0.22,"DEED_DATE":"180626","NET_VALUE":803200.0,"PAMS_PIN":"0248_3503_5","PCLBLOCK":"3503","PCLLOT":"5","PROP_CLASS":"2","PROP_LOC":"112 SNYDER AVE","SALES_CODE":"","SALE_PRICE":609000.0,"YR_CONSTR":1952,"ZIP5":"07446"},"type":"Feature"},{"geometry":{"coordinates":[[[-74.158034715865,41.0445419052708],[-74.1578119210982,41.0444252063115],[-74.1581041556365,41.0440901652525],[-74.1582744672312,41.0441767995161],[-74.1583246579028,41.0442023308938],[-74.158034715865,41.0445419052708]]],"type":"Polygon"},"properties":{"CALC_ACRE":0.257,"DEED_DATE":"021122","NET_VALUE":913400.0,"PAMS_PIN":"0248_3502_33","PCLBLOCK":"3502","PCLLOT":"33","PROP_CLASS":"2","PROP_LOC":"38 E CEDAR PL","SALES_CODE":"","SALE_PRICE":1.0,"YR_CONSTR":1950,"ZIP5":"07446"},"type":"Feature"},{"geometry":{"coordinates":[[[-74.1580580657742,41.0451840002495],[-74.1578349009014,41.0450674243795],[-74.1581543013923,41.0447370796797],[-74.1583784310557,41.0448546032877],[-74.1580580657742,41.0451840002495]]],"type":"Polygon"},"properties":{"CALC_ACRE":0.258,"DEED_DATE":"150702","NET_VALUE":640100.0,"PAMS_PIN":"0248_3502_46","PCLBLOCK":"3502","PCLLOT":"46","PROP_CLASS":"2","PROP_LOC":"29 E CEDAR PL","SALES_CODE":"","SALE_PRICE":402500.0,"YR_CONSTR":1945,"ZIP5":"07446"},"type":"Feature"},{"geometry":{"coordinates":[[[-74.1574590736343,41.0456821054158],[-74.1580910635896,41.0452012372575],[-74.158280199381,41.0453000359446],[-74.1581246147671,41.045418325477],[-74.1576217288879,41.0458006598397],[-74.1574590736343,41.0456821054158]]],"type":"Polygon"},"properties":{"CALC_ACRE":0.389,"DEED_DATE":"220812","NET_VALUE":871500.0,"PAMS_PIN":"0248_3502_3","PCLBLOCK":"3502","PCLLOT":"3","PROP_CLASS":"2","PROP_LOC":"26 SNYDER AVENUE","SALES_CODE":"","SALE_PRICE":760000.0,"YR_CONSTR":1925,"ZIP5":"07446"},"type":"Feature"},{"geometry":{"coordinates":[[[-74.157460067171,41.0437625236817],[-74.1573676916138,41.0437155324541],[-74.1575642942019,41.0434316988449],[-74.157573030318,41.0434190854498],[-74.157885704224,41.0435644472793],[-74.1576614505931,41.0438649654986],[-74.157460067171,41.0437625236817]]],"type":"Polygon"},"properties":{"CALC_ACRE":0.301,"DEED_DATE":"190605","NET_VALUE":947900.0,"PAMS_PIN":"0248_3502_19","PCLBLOCK":"3502","PCLLOT":"19","PROP_CLASS":"2","PROP_LOC":"65 FOREST AVENUE","SALES_CODE":"","SALE_PRICE":704000.0,"YR_CONSTR":1940,"ZIP5":"07446"},"type":"Feature"},{"geometry":{"coordinates":[[[-74.1538519568829,41.0457602526212],[-74.1541221305945,41.0452716195149],[-74.154354469063,41.0453440260686],[-74.1545264039134,41.045397551976],[-74.1542578220165,41.0458855032648],[-74.1538519568829,41.0457602526212]]],"type":"Polygon"},"properties":{"CALC_ACRE":0.56,"DEED_DATE":"020814","NET_VALUE":537300.0,"PAMS_PIN":"0248_3501_10","PCLBLOCK":"3501","PCLLOT":"10","PROP_CLASS":"2","PROP_LOC":"80 PINE ST","SALES_CODE":"","SALE_PRICE":0.0,"YR_CONSTR":1915,"ZIP5":"07446"},"type":"Feature"},{"geometry":{"coordinates":[[[-74.15502692902,41.0432178080755],[-74.1550168355236,41.0431946699905],[-74.1550015462234,41.0431732142124],[-74.1549976836097,41.0431586995916],[-74.1549979530955,41.0431438968898],[-74.155002342636,41.0431294677205],[-74.1550106560387,41.0431160570027],[-74.1550929668715,41.0429398694999],[-74.1554497938721,41.0430851016258],[-74.1553319932973,41.0433559405234],[-74.15502692902,41.0432178080755]]],"type":"Polygon"},"properties":{"CALC_ACRE":0.252,"DEED_DATE":"221108","NET_VALUE":608300.0,"PAMS_PIN":"0248_3504_25","PCLBLOCK":"3504","PCLLOT":"25","PROP_CLASS":"2","PROP_LOC":"18 DELWOOD COURT","SALES_CODE":"","SALE_PRICE":535000.0,"YR_CONSTR":1956,"ZIP5":"07446"},"type":"Feature"},{"geometry":{"coordinates":[[[-74.1560051880763,41.0431726891322],[-74.1561394134477,41.0428462950621],[-74.1561453921685,41.0428351241542],[-74.156154590165,41.0428252754733],[-74.1561665229756,41.0428172677536],[-74.1561805620952,41.0428115227651],[-74.1561959680785,41.0428083430989],[-74.1562119294872,41.0428078962295],[-74.1562276056285,41.0428102056937],[-74.1562421708347,41.0428151498509],[-74.1565748798665,41.0429703052835],[-74.1563888693139,41.0432176007536],[-74.1563712210118,41.0432600258388],[-74.1560051880763,41.0431726891322]]],"type":"Polygon"},"properties":{"CALC_ACRE":0.316,"DEED_DATE":"050803","NET_VALUE":575800.0,"PAMS_PIN":"0248_3502_15","PCLBLOCK":"3502","PCLLOT":"15","PROP_CLASS":"2","PROP_LOC":"93 FOREST AVE","SALES_CODE":"","SALE_PRICE":1.0,"YR_CONSTR":1955,"ZIP5":"07446"},"type":"Feature"},{"geometry":{"coordinates":[[[-74.1554497938721,41.0430851016258],[-74.155566788658,41.0428161112611],[-74.1559039964527,41.0429555094916],[-74.1557935171475,41.0432246903478],[-74.1554497938721,41.0430851016258]]],"type":"Polygon"},"properties":{"CALC_ACRE":0.24300000000000002,"DEED_DATE":null,"NET_VALUE":795800.0,"PAMS_PIN":"0248_3504_29","PCLBLOCK":"3504","PCLLOT":"29","PROP_CLASS":"2","PROP_LOC":"54 GARLAND AVE","SALES_CODE":"","SALE_PRICE":0.0,"YR_CONSTR":1956,"ZIP5":"07446"},"type":"Feature"},{"geometry":{"coordinates":[[[-74.1577500505313,41.0439100351862],[-74.1576614505931,41.0438649654986],[-74.157885704224,41.0435644472793],[-74.1582055889068,41.043713159111],[-74.1579633168679,41.0440185222327],[-74.1577500505313,41.0439100351862]]],"type":"Polygon"},"properties":{"CALC_ACRE":0.301,"DEED_DATE":null,"NET_VALUE":724800.0,"PAMS_PIN":"0248_3502_20","PCLBLOCK":"3502","PCLLOT":"20","PROP_CLASS":"2","PROP_LOC":"53 FOREST AVE","SALES_CODE":"","SALE_PRICE":0.0,"YR_CONSTR":1925,"ZIP5":"07446"},"type":"Feature"},{"geometry":{"coordinates":[[[-74.1582576148365,41.0446586589012],[-74.158034715865,41.0445419052708],[-74.1583246579028,41.0442023308938],[-74.1585590382419,41.044321553977],[-74.1582576148365,41.0446586589012]]],"type":"Polygon"},"properties":{"CALC_ACRE":0.257,"DEED_DATE":"230907","NET_VALUE":747800.0,"PAMS_PIN":"0248_3502_32","PCLBLOCK":"3502","PCLLOT":"32","PROP_CLASS":"2","PROP_LOC":"34 E CEDAR PL","SALES_CODE":"","SALE_PRICE":668000.0,"YR_CONSTR":1931,"ZIP5":"07446"},"type":"Feature"},{"geometry":{"coordinates":[[[-74.156333868164,41.0465279801093],[-74.1568204127898,41.0461117218281],[-74.156963393142,41.0461562384984],[-74.1571455139895,41.046212878174],[-74.156671062484,41.0466318898011],[-74.156333868164,41.0465279801093]]],"type":"Polygon"},"properties":{"CALC_ACRE":0.47700000000000004,"DEED_DATE":"170301","NET_VALUE":1263600.0,"PAMS_PIN":"0248_3501_3","PCLBLOCK":"3501","PCLLOT":"3","PROP_CLASS":"2","PROP_LOC":"22 PINE STREET","SALES_CODE":"","SALE_PRICE":465000.0,"YR_CONSTR":2018,"ZIP5":"07446"},"type":"Feature"},{"geometry":{"coordinates":[[[-74.1578119309796,41.0459392909221],[-74.1576217288879,41.0458006598397],[-74.1581246147671,41.045418325477],[-74.1583022476314,41.045546150588],[-74.1581792628791,41.0456457028119],[-74.1578119309796,41.0459392909221]]],"type":"Polygon"},"properties":{"CALC_ACRE":0.321,"DEED_DATE":"950615","NET_VALUE":897600.0,"PAMS_PIN":"0248_3502_2","PCLBLOCK":"3502","PCLLOT":"2","PROP_CLASS":"2","PROP_LOC":"20 SNYDER AVENUE","SALES_CODE":"","SALE_PRICE":187000.0,"YR_CONSTR":1936,"ZIP5":"07446"},"type":"Feature"},{"geometry":{"coordinates":[[[-74.1574880371157,41.0463195735268],[-74.1572321636852,41.0462398978877],[-74.1574376568996,41.0458575850469],[-74.1576842561233,41.0460370566787],[-74.1574880371157,41.0463195735268]]],"type":"Polygon"},"properties":{"CALC_ACRE":0.31,"DEED_DATE":"230419","NET_VALUE":461500.0,"PAMS_PIN":"0248_3501_48","PCLBLOCK":"3501","PCLLOT":"48","PROP_CLASS":"2","PROP_LOC":"21 SNYDER AVE","SALES_CODE":"","SALE_PRICE":657000.0,"YR_CONSTR":1929,"ZIP5":"07446"},"type":"Feature"},{"geometry":{"coordinates":[[[-74.1540142501154,41.043567420232],[-74.1541977543684,41.04325590786],[-74.1543027988661,41.043293722386],[-74.154540059204,41.0433791340956],[-74.1543562603036,41.0436845035098],[-74.1540142501154,41.043567420232]]],"type":"Polygon"},"properties":{"CALC_ACRE":0.28900000000000003,"DEED_DATE":"150123","NET_VALUE":777400.0,"PAMS_PIN":"0248_3504_4","PCLBLOCK":"3504","PCLLOT":"4","PROP_CLASS":"2","PROP_LOC":"32 WOODS ROAD","SALES_CODE":"","SALE_PRICE":512000.0,"YR_CONSTR":1956,"ZIP5":"07446"},"type":"Feature"},{"geometry":{"coordinates":[[[-74.1538519568829,41.0457602526212],[-74.1536026465438,41.045683332363],[-74.1538746348523,41.04519453473],[-74.1539811885197,41.0452277926205],[-74.1541221305945,41.0452716195149],[-74.1538519568829,41.0457602526212]]],"type":"Polygon"},"properties":{"CALC_ACRE":0.336,"DEED_DATE":"971003","NET_VALUE":567800.0,"PAMS_PIN":"0248_3501_11","PCLBLOCK":"3501","PCLLOT":"11","PROP_CLASS":"2","PROP_LOC":"88 PINE ST","SALES_CODE":"","SALE_PRICE":50000.0,"YR_CONSTR":1920,"ZIP5":"07446"},"type":"Feature"},{"geometry":{"coordinates":[[[-74.153670575349,41.0451311340561],[-74.1532862131883,41.0450114327667],[-74.1536000441244,41.0444467863561],[-74.1539479598373,41.0445612047832],[-74.153670575349,41.0451311340561]]],"type":"Polygon"},"properties":{"CALC_ACRE":0.58,"DEED_DATE":"120808","NET_VALUE":1241000.0,"PAMS_PIN":"0248_3501_36","PCLBLOCK":"3501","PCLLOT":"36","PROP_CLASS":"2","PROP_LOC":"105 SNYDER AVE","SALES_CODE":"","SALE_PRICE":730000.0,"YR_CONSTR":1901,"ZIP5":"07446"},"type":"Feature"},{"geometry":{"coordinates":[[[-74.1580580657742,41.0451840002495],[-74.1583784310557,41.0448546032877],[-74.158599244139,41.0449703875321],[-74.158280199381,41.0453000359446],[-74.1580910635896,41.0452012372575],[-74.1580580657742,41.0451840002495]]],"type":"Polygon"},"properties":{"CALC_ACRE":0.258,"DEED_DATE":"240608","NET_VALUE":663500.0,"PAMS_PIN":"0248_3502_47","PCLBLOCK":"3502","PCLLOT":"47","PROP_CLASS":"2","PROP_LOC":"21 E CEDAR PL","SALES_CODE":"","SALE_PRICE":691460.0,"YR_CONSTR":1955,"ZIP5":"07446"},"type":"Feature"},{"geometry":{"coordinates":[[[-74.154540059204,41.0433791340956],[-74.1543027988661,41.043293722386],[-74.1544444110842,41.043024663089],[-74.1547755256063,41.0431274969854],[-74.1547521362813,41.043137525756],[-74.1547309525233,41.0431500356854],[-74.1547124334007,41.0431647556724],[-74.1546969802371,41.0431813667222],[-74.1546849279146,41.0431995088592],[-74.154676537616,41.0432187889284],[-74.1546719911658,41.0432387891149],[-74.154671387089,41.0432590759989],[-74.1546747384763,41.043279209948],[-74.1546819727007,41.0432987546442],[-74.1546929329909,41.0433172865398],[-74.154707381829,41.0433344040353],[-74.1547250060976,41.0433497361826],[-74.1547454238652,41.0433629507236],[-74.1547681926631,41.0433737612906],[-74.1547928190738,41.0433819336112],[-74.1547576760816,41.0434574723864],[-74.154540059204,41.0433791340956]]],"type":"Polygon"},"properties":{"CALC_ACRE":0.255,"DEED_DATE":"970116","NET_VALUE":700400.0,"PAMS_PIN":"0248_3504_23","PCLBLOCK":"3504","PCLLOT":"23","PROP_CLASS":"2","PROP_LOC":"25 DELWOOD COURT","SALES_CODE":"","SALE_PRICE":243000.0,"YR_CONSTR":1956,"ZIP5":"07446"},"type":"Feature"},{"geometry":{"coordinates":[[[-74.1536449185661,41.0439606577542],[-74.1535755084391,41.0439371981236],[-74.1537570507715,41.0436304226767],[-74.1540859195054,41.0437433499532],[-74.1539048505852,41.0440485123908],[-74.1536449185661,41.0439606577542]]],"type":"Polygon"},"properties":{"CALC_ACRE":0.28,"DEED_DATE":null,"NET_VALUE":759200.0,"PAMS_PIN":"0248_3503_14","PCLBLOCK":"3503","PCLLOT":"14","PROP_CLASS":"2","PROP_LOC":"33 WOODS ROAD","SALES_CODE":"","SALE_PRICE":0.0,"YR_CONSTR":1955,"ZIP5":"07446"},"type":"Feature"},{"geometry":{"coordinates":[[[-74.1581041556365,41.0440901652525],[-74.1579633168679,41.0440185222327],[-74.1582055889068,41.043713159111],[-74.1585123905258,41.0438557885471],[-74.1582744672312,41.0441767995161],[-74.1581041556365,41.0440901652525]]],"type":"Polygon"},"properties":{"CALC_ACRE":0.301,"DEED_DATE":"111219","NET_VALUE":682700.0,"PAMS_PIN":"0248_3502_21","PCLBLOCK":"3502","PCLLOT":"21","PROP_CLASS":"2","PROP_LOC":"47 FOREST AVE","SALES_CODE":"","SALE_PRICE":1.0,"YR_CONSTR":1925,"ZIP5":"07446"},"type":"Feature"},{"geometry":{"coordinates":[[[-74.1546322236572,41.0464785600265],[-74.1547943426166,41.0461742699499],[-74.1550636153179,41.046257760621],[-74.1550760904597,41.0462626146763],[-74.1550872685119,41.0462690187692],[-74.1550968144203,41.0462767809411],[-74.1551044420531,41.0462856685261],[-74.1551099227774,41.0462954151246],[-74.1551130923124,41.0463057285891],[-74.1551138556536,41.0463162997804],[-74.1551121899203,41.0463268118347],[-74.1549667185398,41.0465839297824],[-74.1546322236572,41.0464785600265]]],"type":"Polygon"},"properties":{"CALC_ACRE":0.281,"DEED_DATE":null,"NET_VALUE":774000.0,"PAMS_PIN":"0248_3211_32","PCLBLOCK":"3211","PCLLOT":"32","PROP_CLASS":"2","PROP_LOC":"49 PINE ST","SALES_CODE":"","SALE_PRICE":0.0,"YR_CONSTR":1951,"ZIP5":"07446"},"type":"Feature"},{"geometry":{"coordinates":[[[-74.1550929668715,41.0429398694999],[-74.1552176117105,41.042673062892],[-74.155566788658,41.0428161112611],[-74.1554497938721,41.0430851016258],[-74.1550929668715,41.0429398694999]]],"type":"Polygon"},"properties":{"CALC_ACRE":0.248,"DEED_DATE":"220209","NET_VALUE":614400.0,"PAMS_PIN":"0248_3504_26","PCLBLOCK":"3504","PCLLOT":"26","PROP_CLASS":"2","PROP_LOC":"10 DELWOOD COURT","SALES_CODE":"","SALE_PRICE":1.0,"YR_CONSTR":1954,"ZIP5":"07446"},"type":"Feature"},{"geometry":{"coordinates":[[[-74.1551216878078,41.0466566865079],[-74.1553031394103,41.046332849629],[-74.1555483713981,41.046408987305],[-74.1553673860211,41.0467339172721],[-74.1551216878078,41.0466566865079]]],"type":"Polygon"},"properties":{"CALC_ACRE":0.224,"DEED_DATE":null,"NET_VALUE":737600.0,"PAMS_PIN":"0248_3210_7","PCLBLOCK":"3210","PCLLOT":"7","PROP_CLASS":"2","PROP_LOC":"47 PINE ST","SALES_CODE":"","SALE_PRICE":0.0,"YR_CONSTR":1915,"ZIP5":"07446"},"type":"Feature"},{"geometry":{"coordinates":[[[-74.1582576148365,41.0446586589012],[-74.1585590382419,41.044321553977],[-74.1586227656264,41.0443539715179],[-74.1587902295617,41.0444391569182],[-74.1584855138308,41.0447780295316],[-74.1582576148365,41.0446586589012]]],"type":"Polygon"},"properties":{"CALC_ACRE":0.26,"DEED_DATE":"950914","NET_VALUE":682400.0,"PAMS_PIN":"0248_3502_31","PCLBLOCK":"3502","PCLLOT":"31","PROP_CLASS":"2","PROP_LOC":"26 E CEDAR PLACE","SALES_CODE":"","SALE_PRICE":136300.0,"YR_CONSTR":1925,"ZIP5":"07446"},"type":"Feature"},{"geometry":{"coordinates":[[[-74.1543677560443,41.0463952484928],[-74.15453130063,41.0460927100273],[-74.1547943426166,41.0461742699499],[-74.1546322236572,41.0464785600265],[-74.1543677560443,41.0463952484928]]],"type":"Polygon"},"properties":{"CALC_ACRE":0.23,"DEED_DATE":null,"NET_VALUE":627800.0,"PAMS_PIN":"0248_3211_31","PCLBLOCK":"3211","PCLLOT":"31","PROP_CLASS":"2","PROP_LOC":"57 PINE ST","SALES_CODE":"","SALE_PRICE":0.0,"YR_CONSTR":1951,"ZIP5":"07446"},"type":"Feature"},{"geometry":{"coordinates":[[[-74.1555895277128,41.0468038737843],[-74.1553673860211,41.0467339172721],[-74.1555483713981,41.046408987305],[-74.1558857328047,41.0465137271081],[-74.1557019653453,41.0468392073534],[-74.1555895277128,41.0468038737843]]],"type":"Polygon"},"properties":{"CALC_ACRE":0.298,"DEED_DATE":null,"NET_VALUE":563500.0,"PAMS_PIN":"0248_3210_8","PCLBLOCK":"3210","PCLLOT":"8","PROP_CLASS":"2","PROP_LOC":"39 PINE ST","SALES_CODE":"","SALE_PRICE":0.0,"YR_CONSTR":1920,"ZIP5":"07446"},"type":"Feature"},{"geometry":{"coordinates":[[[-74.155566788658,41.0428161112611],[-74.1556840053279,41.0425466109725],[-74.1559625091171,41.042673473474],[-74.1559724903487,41.0426784652425],[-74.1559811569959,41.0426846992321],[-74.1559882407229,41.0426919824264],[-74.1559935222041,41.0427000893233],[-74.1559968379145,41.0427087689178],[-74.1559980851937,41.0427177524729],[-74.1559972254233,41.0427267618404],[-74.1559942852236,41.0427355180733],[-74.1559039964527,41.0429555094916],[-74.155566788658,41.0428161112611]]],"type":"Polygon"},"properties":{"CALC_ACRE":0.263,"DEED_DATE":"200513","NET_VALUE":849900.0,"PAMS_PIN":"0248_3504_28","PCLBLOCK":"3504","PCLLOT":"28","PROP_CLASS":"2","PROP_LOC":"62 GARLAND AVENUE","SALES_CODE":"","SALE_PRICE":710000.0,"YR_CONSTR":1956,"ZIP5":"07446"},"type":"Feature"},{"geometry":{"coordinates":[[[-74.156671062484,41.0466318898011],[-74.1571455139895,41.046212878174],[-74.1572321636852,41.0462398978877],[-74.1574880371157,41.0463195735268],[-74.1572613346774,41.046520245902],[-74.1570153499014,41.0467379848993],[-74.156671062484,41.0466318898011]]],"type":"Polygon"},"properties":{"CALC_ACRE":0.47700000000000004,"DEED_DATE":"180612","NET_VALUE":1647400.0,"PAMS_PIN":"0248_3501_2","PCLBLOCK":"3501","PCLLOT":"2","PROP_CLASS":"2","PROP_LOC":"14 PINE STREET","SALES_CODE":"","SALE_PRICE":640500.0,"YR_CONSTR":1922,"ZIP5":"07446"},"type":"Feature"},{"geometry":{"coordinates":[[[-74.1533316176361,41.0455996573611],[-74.1534942109058,41.0453174260375],[-74.1530922318842,41.0451865205575],[-74.1532006980649,41.0449847567208],[-74.1532862131883,41.0450114327667],[-74.153670575349,41.0451311340561],[-74.1538746348523,41.04519453473],[-74.1536026465438,41.045683332363],[-74.1533316176361,41.0455996573611]]],"type":"Polygon"},"properties":{"CALC_ACRE":0.5760000000000001,"DEED_DATE":null,"NET_VALUE":605900.0,"PAMS_PIN":"0248_3501_12","PCLBLOCK":"3501","PCLLOT":"12","PROP_CLASS":"2","PROP_LOC":"96 PINE ST","SALES_CODE":"","SALE_PRICE":0.0,"YR_CONSTR":1965,"ZIP5":"07446"},"type":"Feature"},{"geometry":{"coordinates":[[[-74.158280199381,41.0453000359446],[-74.158599244139,41.0449703875321],[-74.158823691806,41.0450880767117],[-74.1586613985735,41.045254941464],[-74.1585038394626,41.0454169366025],[-74.158280199381,41.0453000359446]]],"type":"Polygon"},"properties":{"CALC_ACRE":0.258,"DEED_DATE":"150507","NET_VALUE":846700.0,"PAMS_PIN":"0248_3502_48","PCLBLOCK":"3502","PCLLOT":"48","PROP_CLASS":"2","PROP_LOC":"17 E CEDAR PL","SALES_CODE":"","SALE_PRICE":655000.0,"YR_CONSTR":1928,"ZIP5":"07446"},"type":"Feature"},{"geometry":{"coordinates":[[[-74.1544444110842,41.043024663089],[-74.1545871479929,41.0427511980877],[-74.1549360752088,41.0428637081618],[-74.1548314529193,41.0430878367893],[-74.1548209901528,41.0431002756863],[-74.1548079279479,41.0431112274202],[-74.1547926308089,41.0431203863807],[-74.1547755256063,41.0431274969854],[-74.1544444110842,41.043024663089]]],"type":"Polygon"},"properties":{"CALC_ACRE":0.26,"DEED_DATE":"070125","NET_VALUE":778400.0,"PAMS_PIN":"0248_3504_22","PCLBLOCK":"3504","PCLLOT":"22","PROP_CLASS":"2","PROP_LOC":"17 DELWOOD COURT","SALES_CODE":"","SALE_PRICE":1.0,"YR_CONSTR":1956,"ZIP5":"07446"},"type":"Feature"},{"geometry":{"coordinates":[[[-74.1586227656264,41.0443539715179],[-74.1585590382419,41.044321553977],[-74.1583246579028,41.0442023308938],[-74.1582744672312,41.0441767995161],[-74.1585123905258,41.0438557885471],[-74.1588261495966,41.0440016494175],[-74.1586227656264,41.0443539715179]]],"type":"Polygon"},"properties":{"CALC_ACRE":0.301,"DEED_DATE":"220311","NET_VALUE":530100.0,"PAMS_PIN":"0248_3502_22","PCLBLOCK":"3502","PCLLOT":"22","PROP_CLASS":"2","PROP_LOC":"39 FOREST AVE","SALES_CODE":"","SALE_PRICE":379000.0,"YR_CONSTR":1900,"ZIP5":"07446"},"type":"Feature"},{"geometry":{"coordinates":[[[-74.153476403602,41.0442559979748],[-74.1532114967129,41.0441689674706],[-74.1533820194117,41.0438717995996],[-74.1535755084391,41.0439371981236],[-74.1536449185661,41.0439606577542],[-74.153476403602,41.0442559979748]]],"type":"Polygon"},"properties":{"CALC_ACRE":0.22,"DEED_DATE":"961120","NET_VALUE":661000.0,"PAMS_PIN":"0248_3503_7","PCLBLOCK":"3503","PCLLOT":"7","PROP_CLASS":"2","PROP_LOC":"122 SNYDER AVE","SALES_CODE":"","SALE_PRICE":245000.0,"YR_CONSTR":1952,"ZIP5":"07446"},"type":"Feature"},{"geometry":{"coordinates":[[[-74.1558612348486,41.0468892619685],[-74.1557019653453,41.0468392073534],[-74.1558857328047,41.0465137271081],[-74.156308302111,41.046644919235],[-74.1561447296775,41.0469302518076],[-74.1561225359001,41.0469713581484],[-74.1558612348486,41.0468892619685]]],"type":"Polygon"},"properties":{"CALC_ACRE":0.373,"DEED_DATE":"130615","NET_VALUE":1475100.0,"PAMS_PIN":"0248_3210_9","PCLBLOCK":"3210","PCLLOT":"9","PROP_CLASS":"2","PROP_LOC":"29 PINE ST","SALES_CODE":"","SALE_PRICE":975000.0,"YR_CONSTR":2001,"ZIP5":"07446"},"type":"Feature"},{"geometry":{"coordinates":[[[-74.1532006980649,41.0449847567208],[-74.1530783079973,41.0449468185057],[-74.1531100499679,41.0442856411388],[-74.1536000441244,41.0444467863561],[-74.1532862131883,41.0450114327667],[-74.1532006980649,41.0449847567208]]],"type":"Polygon"},"properties":{"CALC_ACRE":0.518,"DEED_DATE":"230410","NET_VALUE":1095500.0,"PAMS_PIN":"0248_3501_35","PCLBLOCK":"3501","PCLLOT":"35","PROP_CLASS":"2","PROP_LOC":"117 SNYDER AVENUE","SALES_CODE":"","SALE_PRICE":999999.0,"YR_CONSTR":1976,"ZIP5":"07446"},"type":"Feature"},{"geometry":{"coordinates":[[[-74.1536678795048,41.0434488434917],[-74.1538549895953,41.0431325147231],[-74.1541977543684,41.04325590786],[-74.1540142501154,41.043567420232],[-74.1536678795048,41.0434488434917]]],"type":"Polygon"},"properties":{"CALC_ACRE":0.29200000000000004,"DEED_DATE":"030414","NET_VALUE":547000.0,"PAMS_PIN":"0248_3504_5","PCLBLOCK":"3504","PCLLOT":"5","PROP_CLASS":"2","PROP_LOC":"40 WOODS ROAD","SALES_CODE":"","SALE_PRICE":1.0,"YR_CONSTR":1956,"ZIP5":"07446"},"type":"Feature"},{"geometry":{"coordinates":[[[-74.1574880371157,41.0463195735268],[-74.1576842561233,41.0460370566787],[-74.1580811857147,41.046326650592],[-74.1579272279497,41.0464510343264],[-74.1574880371157,41.0463195735268]]],"type":"Polygon"},"properties":{"CALC_ACRE":0.248,"DEED_DATE":"171221","NET_VALUE":775300.0,"PAMS_PIN":"0248_3501_49","PCLBLOCK":"3501","PCLLOT":"49","PROP_CLASS":"2","PROP_LOC":"7 SNYDER AVE","SALES_CODE":"","SALE_PRICE":530000.0,"YR_CONSTR":1788,"ZIP5":"07446"},"type":"Feature"},{"geometry":{"coordinates":[[[-74.1578119309796,41.0459392909221],[-74.1581792628791,41.0456457028119],[-74.1585728192966,41.0459298385196],[-74.1582067019194,41.0462252444266],[-74.1578119309796,41.0459392909221]]],"type":"Polygon"},"properties":{"CALC_ACRE":0.49200000000000005,"DEED_DATE":"220427","NET_VALUE":751000.0,"PAMS_PIN":"0248_3502_1","PCLBLOCK":"3502","PCLLOT":"1","PROP_CLASS":"2","PROP_LOC":"10 SNYDER AVE","SALES_CODE":"","SALE_PRICE":678000.0,"YR_CONSTR":1925,"ZIP5":"07446"},"type":"Feature"},{"geometry":{"coordinates":[[[-74.1584855138308,41.0447780295316],[-74.1587902295617,41.0444391569182],[-74.1589036221034,41.0444968360159],[-74.1590171880199,41.0445546038167],[-74.1587093641181,41.0448952786768],[-74.1584855138308,41.0447780295316]]],"type":"Polygon"},"properties":{"CALC_ACRE":0.262,"DEED_DATE":"140708","NET_VALUE":770700.0,"PAMS_PIN":"0248_3502_30","PCLBLOCK":"3502","PCLLOT":"30","PROP_CLASS":"2","PROP_LOC":"22 E CEDAR PL","SALES_CODE":"","SALE_PRICE":549000.0,"YR_CONSTR":1930,"ZIP5":"07446"},"type":"Feature"},{"geometry":{"coordinates":[[[-74.1578622258558,41.0434245469411],[-74.1580404758626,41.0432016058024],[-74.158367334167,41.0433132682047],[-74.1584041570088,41.043325847744],[-74.1581995306685,41.0435814828111],[-74.1578622258558,41.0434245469411]]],"type":"Polygon"},"properties":{"CALC_ACRE":0.27,"DEED_DATE":"240404","NET_VALUE":941800.0,"PAMS_PIN":"0248_3509_5","PCLBLOCK":"3509","PCLLOT":"5","PROP_CLASS":"2","PROP_LOC":"58 FOREST AVE","SALES_CODE":"","SALE_PRICE":999999.0,"YR_CONSTR":1923,"ZIP5":"07446"},"type":"Feature"},{"geometry":{"coordinates":[[[-74.1581246147671,41.045418325477],[-74.158280199381,41.0453000359446],[-74.1585038394626,41.0454169366025],[-74.158931460894,41.0456404610142],[-74.1586966251091,41.0458299432353],[-74.1583022476314,41.045546150588],[-74.1581246147671,41.045418325477]]],"type":"Polygon"},"properties":{"CALC_ACRE":0.449,"DEED_DATE":"040729","NET_VALUE":708700.0,"PAMS_PIN":"0248_3502_51","PCLBLOCK":"3502","PCLLOT":"51","PROP_CLASS":"2","PROP_LOC":"432 WYCKOFF AVE","SALES_CODE":"","SALE_PRICE":489000.0,"YR_CONSTR":1938,"ZIP5":"07446"},"type":"Feature"},{"geometry":{"coordinates":[[[-74.1574687978973,41.0432406459971],[-74.1570747123721,41.0430572255814],[-74.1574644626277,41.0425526030416],[-74.157747328636,41.0427031322565],[-74.1574687978973,41.0432406459971]]],"type":"Polygon"},"properties":{"CALC_ACRE":0.5740000000000001,"DEED_DATE":"180726","NET_VALUE":740000.0,"PAMS_PIN":"0248_3510_2","PCLBLOCK":"3510","PCLLOT":"2","PROP_CLASS":"2","PROP_LOC":"78 FOREST AVE","SALES_CODE":"","SALE_PRICE":485000.0,"YR_CONSTR":1925,"ZIP5":"07446"},"type":"Feature"},{"geometry":{"coordinates":[[[-74.1541977543684,41.04325590786],[-74.1538549895953,41.0431325147231],[-74.1538994032013,41.0430559586113],[-74.1539195725211,41.0430597116155],[-74.1539401784769,41.043061700937],[-74.1539609508707,41.0430619004908],[-74.1539816173224,41.0430603076604],[-74.1540019068407,41.0430569433317],[-74.1540215533772,41.0430518516196],[-74.1540402993145,41.0430450992893],[-74.1540578988445,41.043036774881],[-74.1540741211915,41.0430269875489],[-74.1540887536381,41.0430158656297],[-74.1541016043147,41.0430035549602],[-74.1541125047156,41.0429902169649],[-74.1541213119079,41.0429760265389],[-74.1541279104064,41.0429611697555],[-74.1541322136877,41.0429458414253],[-74.1541341653244,41.0429302425425],[-74.1544444110842,41.043024663089],[-74.1543027988661,41.043293722386],[-74.1541977543684,41.04325590786]]],"type":"Polygon"},"properties":{"CALC_ACRE":0.255,"DEED_DATE":"980911","NET_VALUE":782900.0,"PAMS_PIN":"0248_3504_16","PCLBLOCK":"3504","PCLLOT":"16","PROP_CLASS":"2","PROP_LOC":"26 ROSEWOOD COURT","SALES_CODE":"","SALE_PRICE":290100.0,"YR_CONSTR":1956,"ZIP5":"07446"},"type":"Feature"},{"geometry":{"coordinates":[[[-74.1533820194117,41.0438717995996],[-74.1532469226745,41.0438261377368],[-74.1534285925676,41.0435176354529],[-74.1537570507715,41.0436304226767],[-74.1535755084391,41.0439371981236],[-74.1533820194117,41.0438717995996]]],"type":"Polygon"},"properties":{"CALC_ACRE":0.28200000000000003,"DEED_DATE":"220103","NET_VALUE":651600.0,"PAMS_PIN":"0248_3503_13","PCLBLOCK":"3503","PCLLOT":"13","PROP_CLASS":"2","PROP_LOC":"41 WOODS ROAD","SALES_CODE":"","SALE_PRICE":1.0,"YR_CONSTR":1956,"ZIP5":"07446"},"type":"Feature"},{"geometry":{"coordinates":[[[-74.1552176117105,41.042673062892],[-74.1553187557232,41.042456559133],[-74.1553257468327,41.042446037248],[-74.1553355359519,41.0424368720015],[-74.1553476782701,41.0424294798566],[-74.1553616220486,41.0424241967081],[-74.1553767336917,41.0424212626189],[-74.1553923265368,41.0424208109125],[-74.1554076920556,41.0424228621142],[-74.1554221320495,41.0424273230185],[-74.1556840053279,41.0425466109725],[-74.155566788658,41.0428161112611],[-74.1552176117105,41.042673062892]]],"type":"Polygon"},"properties":{"CALC_ACRE":0.265,"DEED_DATE":"210420","NET_VALUE":957300.0,"PAMS_PIN":"0248_3504_27","PCLBLOCK":"3504","PCLLOT":"27","PROP_CLASS":"2","PROP_LOC":"2 DELWOOD COURT","SALES_CODE":"","SALE_PRICE":1.0,"YR_CONSTR":1940,"ZIP5":"07446"},"type":"Feature"},{"geometry":{"coordinates":[[[-74.1561447296775,41.0469302518076],[-74.156308302111,41.046644919235],[-74.1566387833209,41.046747519839],[-74.1564044568807,41.0470101129187],[-74.1561447296775,41.0469302518076]]],"type":"Polygon"},"properties":{"CALC_ACRE":0.23800000000000002,"DEED_DATE":null,"NET_VALUE":653300.0,"PAMS_PIN":"0248_3210_10","PCLBLOCK":"3210","PCLLOT":"10","PROP_CLASS":"2","PROP_LOC":"19 PINE ST","SALES_CODE":"","SALE_PRICE":0.0,"YR_CONSTR":1959,"ZIP5":"07446"},"type":"Feature"},{"geometry":{"coordinates":[[[-74.1576787171112,41.0466518086013],[-74.1572613346774,41.046520245902],[-74.1574880371157,41.0463195735268],[-74.1579272279497,41.0464510343264],[-74.1576787171112,41.0466518086013]]],"type":"Polygon"},"properties":{"CALC_ACRE":0.28200000000000003,"DEED_DATE":"940112","NET_VALUE":658700.0,"PAMS_PIN":"0248_3501_50","PCLBLOCK":"3501","PCLLOT":"50","PROP_CLASS":"2","PROP_LOC":"400 WYCKOFF AVE","SALES_CODE":"","SALE_PRICE":173000.0,"YR_CONSTR":1937,"ZIP5":"07446"},"type":"Feature"},{"geometry":{"coordinates":[[[-74.1566117116915,41.0428422441326],[-74.1566301469177,41.0428180374691],[-74.1570139036138,41.0423141197609],[-74.1574644626277,41.0425526030416],[-74.1570747123721,41.0430572255814],[-74.1566117116915,41.0428422441326]]],"type":"Polygon"},"properties":{"CALC_ACRE":0.7090000000000001,"DEED_DATE":"181212","NET_VALUE":981500.0,"PAMS_PIN":"0248_3510_3","PCLBLOCK":"3510","PCLLOT":"3","PROP_CLASS":"2","PROP_LOC":"86 FOREST AVE","SALES_CODE":"","SALE_PRICE":651000.0,"YR_CONSTR":1943,"ZIP5":"07446"},"type":"Feature"},{"geometry":{"coordinates":[[[-74.1539094769089,41.0465025675169],[-74.1537418369038,41.0464504266186],[-74.154028087764,41.0459366798586],[-74.1541893766801,41.0459866904457],[-74.1539094769089,41.0465025675169]]],"type":"Polygon"},"properties":{"CALC_ACRE":0.23500000000000001,"DEED_DATE":"161005","NET_VALUE":589300.0,"PAMS_PIN":"0248_3211_29","PCLBLOCK":"3211","PCLLOT":"29","PROP_CLASS":"2","PROP_LOC":"75 PINE ST","SALES_CODE":"","SALE_PRICE":420000.0,"YR_CONSTR":1926,"ZIP5":"07446"},"type":"Feature"},{"geometry":{"coordinates":[[[-74.1545014199687,41.0466863523026],[-74.154252204851,41.0466090029223],[-74.1543677560443,41.0463952484928],[-74.1546322236572,41.0464785600265],[-74.1549667185398,41.0465839297824],[-74.1548486987761,41.0467925265787],[-74.1545014199687,41.0466863523026]]],"type":"Polygon"},"properties":{"CALC_ACRE":0.331,"DEED_DATE":null,"NET_VALUE":796300.0,"PAMS_PIN":"0248_3211_33","PCLBLOCK":"3211","PCLLOT":"33","PROP_CLASS":"2","PROP_LOC":"126 CENTER ST","SALES_CODE":"","SALE_PRICE":0.0,"YR_CONSTR":1951,"ZIP5":"07446"},"type":"Feature"},{"geometry":{"coordinates":[[[-74.1549360752088,41.0428637081618],[-74.1545871479929,41.0427511980877],[-74.1547123291261,41.0425113638549],[-74.1550415895255,41.0426376647533],[-74.1549360752088,41.0428637081618]]],"type":"Polygon"},"properties":{"CALC_ACRE":0.24300000000000002,"DEED_DATE":null,"NET_VALUE":699100.0,"PAMS_PIN":"0248_3504_21","PCLBLOCK":"3504","PCLLOT":"21","PROP_CLASS":"2","PROP_LOC":"9 DELWOOD COURT","SALES_CODE":"","SALE_PRICE":0.0,"YR_CONSTR":1956,"ZIP5":"07446"},"type":"Feature"},{"geometry":{"coordinates":[[[-74.1581995306685,41.0435814828111],[-74.1584041570088,41.043325847744],[-74.1587697398884,41.0434507371602],[-74.1585371013826,41.0437385402598],[-74.1581995306685,41.0435814828111]]],"type":"Polygon"},"properties":{"CALC_ACRE":0.303,"DEED_DATE":"210722","NET_VALUE":620500.0,"PAMS_PIN":"0248_3509_4","PCLBLOCK":"3509","PCLLOT":"4","PROP_CLASS":"2","PROP_LOC":"50 FOREST AVENUE","SALES_CODE":"","SALE_PRICE":455000.0,"YR_CONSTR":1940,"ZIP5":"07446"},"type":"Feature"},{"geometry":{"coordinates":[[[-74.1533316176361,41.0455996573611],[-74.1529357094291,41.0454773485524],[-74.1530922318842,41.0451865205575],[-74.1534942109058,41.0453174260375],[-74.1533316176361,41.0455996573611]]],"type":"Polygon"},"properties":{"CALC_ACRE":0.32,"DEED_DATE":"210208","NET_VALUE":706700.0,"PAMS_PIN":"0248_3501_13","PCLBLOCK":"3501","PCLLOT":"13","PROP_CLASS":"2","PROP_LOC":"100 PINE ST","SALES_CODE":"","SALE_PRICE":1.0,"YR_CONSTR":1925,"ZIP5":"07446"},"type":"Feature"},{"geometry":{"coordinates":[[[-74.1537418369038,41.0464504266186],[-74.1537042316294,41.0464387927741],[-74.1535741960004,41.0463984564065],[-74.1538590266242,41.0458842587066],[-74.154028087764,41.0459366798586],[-74.1537418369038,41.0464504266186]]],"type":"Polygon"},"properties":{"CALC_ACRE":0.23500000000000001,"DEED_DATE":"061220","NET_VALUE":658900.0,"PAMS_PIN":"0248_3211_28","PCLBLOCK":"3211","PCLLOT":"28","PROP_CLASS":"2","PROP_LOC":"79 PINE ST","SALES_CODE":"","SALE_PRICE":510000.0,"YR_CONSTR":1971,"ZIP5":"07446"},"type":"Feature"},{"geometry":{"coordinates":[[[-74.1554550193721,41.0470465635466],[-74.1549879753744,41.0468953220682],[-74.1551216878078,41.0466566865079],[-74.1553673860211,41.0467339172721],[-74.1555895277128,41.0468038737843],[-74.1554550193721,41.0470465635466]]],"type":"Polygon"},"properties":{"CALC_ACRE":0.313,"DEED_DATE":"120925","NET_VALUE":852300.0,"PAMS_PIN":"0248_3210_6","PCLBLOCK":"3210","PCLLOT":"6","PROP_CLASS":"2","PROP_LOC":"125 CENTER STREET","SALES_CODE":"","SALE_PRICE":1.0,"YR_CONSTR":1951,"ZIP5":"07446"},"type":"Feature"},{"geometry":{"coordinates":[[[-74.1587902295617,41.0444391569182],[-74.1586227656264,41.0443539715179],[-74.1588261495966,41.0440016494175],[-74.1591819363481,41.0441903639933],[-74.1589036221034,41.0444968360159],[-74.1587902295617,41.0444391569182]]],"type":"Polygon"},"properties":{"CALC_ACRE":0.325,"DEED_DATE":null,"NET_VALUE":670500.0,"PAMS_PIN":"0248_3502_23","PCLBLOCK":"3502","PCLLOT":"23","PROP_CLASS":"2","PROP_LOC":"29 FOREST AVE","SALES_CODE":"","SALE_PRICE":0.0,"YR_CONSTR":1964,"ZIP5":"07446"},"type":"Feature"},{"geometry":{"coordinates":[[[-74.1574183386295,41.0468621673206],[-74.1570153499014,41.0467379848993],[-74.1572613346774,41.046520245902],[-74.1576787171112,41.0466518086013],[-74.1574183386295,41.0468621673206]]],"type":"Polygon"},"properties":{"CALC_ACRE":0.31,"DEED_DATE":null,"NET_VALUE":461600.0,"PAMS_PIN":"0248_3501_1","PCLBLOCK":"3501","PCLLOT":"1","PROP_CLASS":"2","PROP_LOC":"390 WYCKOFF AVE","SALES_CODE":"","SALE_PRICE":0.0,"YR_CONSTR":1930,"ZIP5":"07446"},"type":"Feature"},{"geometry":{"coordinates":[[[-74.1585038394626,41.0454169366025],[-74.1586613985735,41.045254941464],[-74.1591178694003,41.0454900509828],[-74.158931460894,41.0456404610142],[-74.1585038394626,41.0454169366025]]],"type":"Polygon"},"properties":{"CALC_ACRE":0.23800000000000002,"DEED_DATE":"240620","NET_VALUE":610900.0,"PAMS_PIN":"0248_3502_50","PCLBLOCK":"3502","PCLLOT":"50","PROP_CLASS":"2","PROP_LOC":"440 WYCKOFF AVE","SALES_CODE":"","SALE_PRICE":10.0,"YR_CONSTR":1945,"ZIP5":"07446"},"type":"Feature"},{"geometry":{"coordinates":[[[-74.1587093641181,41.0448952786768],[-74.1590171880199,41.0445546038167],[-74.1592387817392,41.0446675383149],[-74.1592433469775,41.0446696426532],[-74.1591193255694,41.0448108323485],[-74.1589393382208,41.0450157355942],[-74.1587093641181,41.0448952786768]]],"type":"Polygon"},"properties":{"CALC_ACRE":0.263,"DEED_DATE":"180710","NET_VALUE":1356200.0,"PAMS_PIN":"0248_3502_29","PCLBLOCK":"3502","PCLLOT":"29","PROP_CLASS":"2","PROP_LOC":"16 E CEDAR PLACE","SALES_CODE":"","SALE_PRICE":975000.0,"YR_CONSTR":2018,"ZIP5":"07446"},"type":"Feature"},{"geometry":{"coordinates":[[[-74.1566301469177,41.0428180374691],[-74.1563195050009,41.0426768563713],[-74.1566880514226,41.0422114668499],[-74.1570139036138,41.0423141197609],[-74.1566301469177,41.0428180374691]]],"type":"Polygon"},"properties":{"CALC_ACRE":0.459,"DEED_DATE":"200731","NET_VALUE":692000.0,"PAMS_PIN":"0248_3510_4","PCLBLOCK":"3510","PCLLOT":"4","PROP_CLASS":"2","PROP_LOC":"98 FOREST AVE","SALES_CODE":"","SALE_PRICE":561000.0,"YR_CONSTR":1956,"ZIP5":"07446"},"type":"Feature"},{"geometry":{"coordinates":[[[-74.1532114967129,41.0441689674706],[-74.1529473156626,41.0440821760135],[-74.153118122229,41.0437826032443],[-74.1532469226745,41.0438261377368],[-74.1533820194117,41.0438717995996],[-74.1532114967129,41.0441689674706]]],"type":"Polygon"},"properties":{"CALC_ACRE":0.228,"DEED_DATE":"961115","NET_VALUE":622700.0,"PAMS_PIN":"0248_3503_8","PCLBLOCK":"3503","PCLLOT":"8","PROP_CLASS":"2","PROP_LOC":"128 SNYDER AVE","SALES_CODE":"","SALE_PRICE":245900.0,"YR_CONSTR":1953,"ZIP5":"07446"},"type":"Feature"},{"geometry":{"coordinates":[[[-74.1541341653244,41.0429302425425],[-74.1541336552549,41.0429131663917],[-74.1541303467259,41.0428962691645],[-74.1541242906209,41.0428798107313],[-74.1541155800795,41.0428640442147],[-74.1541071817727,41.0428501609695],[-74.1541035904656,41.0428351433301],[-74.1541050287204,41.0428199219773],[-74.154111407405,41.0428054402171],[-74.1542029969364,41.0426274964064],[-74.1545871479929,41.0427511980877],[-74.1544444110842,41.043024663089],[-74.1541341653244,41.0429302425425]]],"type":"Polygon"},"properties":{"CALC_ACRE":0.268,"DEED_DATE":"210813","NET_VALUE":594700.0,"PAMS_PIN":"0248_3504_17","PCLBLOCK":"3504","PCLLOT":"17","PROP_CLASS":"2","PROP_LOC":"18 ROSEWOOD COURT","SALES_CODE":"","SALE_PRICE":530000.0,"YR_CONSTR":1956,"ZIP5":"07446"},"type":"Feature"},{"geometry":{"coordinates":[[[-74.1564044568807,41.0470101129187],[-74.1566387833209,41.046747519839],[-74.156975901284,41.04685217916],[-74.1566929175965,41.0470988083048],[-74.1564044568807,41.0470101129187]]],"type":"Polygon"},"properties":{"CALC_ACRE":0.23800000000000002,"DEED_DATE":"210310","NET_VALUE":631300.0,"PAMS_PIN":"0248_3210_11","PCLBLOCK":"3210","PCLLOT":"11","PROP_CLASS":"2","PROP_LOC":"11 PINE STREET","SALES_CODE":"","SALE_PRICE":1.0,"YR_CONSTR":1959,"ZIP5":"07446"},"type":"Feature"},{"geometry":{"coordinates":[[[-74.1580404758626,41.0432016058024],[-74.1578978278871,41.0431528736175],[-74.1580094920702,41.0429879182201],[-74.1580195026394,41.0429760159691],[-74.1580320070736,41.0429655410751],[-74.1580466544626,41.0429567874943],[-74.1580630337589,41.042950000878],[-74.1580806853127,41.0429453716785],[-74.1580991137712,41.0429430298048],[-74.1581178019791,41.0429430409769],[-74.1581362254921,41.0429454048812],[-74.158480707844,41.0430240634799],[-74.158367334167,41.0433132682047],[-74.1580404758626,41.0432016058024]]],"type":"Polygon"},"properties":{"CALC_ACRE":0.263,"DEED_DATE":"970711","NET_VALUE":643700.0,"PAMS_PIN":"0248_3509_7","PCLBLOCK":"3509","PCLLOT":"7","PROP_CLASS":"2","PROP_LOC":"10 SCHIERLOH CT","SALES_CODE":"","SALE_PRICE":268750.0,"YR_CONSTR":1959,"ZIP5":"07446"},"type":"Feature"},{"geometry":{"coordinates":[[[-74.1535741960004,41.0463984564065],[-74.1534280886127,41.0463529737991],[-74.1532500038959,41.0462976377362],[-74.1535278087958,41.0457815558096],[-74.1538590266242,41.0458842587066],[-74.1535741960004,41.0463984564065]]],"type":"Polygon"},"properties":{"CALC_ACRE":0.47100000000000003,"DEED_DATE":"000719","NET_VALUE":703500.0,"PAMS_PIN":"0248_3211_27","PCLBLOCK":"3211","PCLLOT":"27","PROP_CLASS":"2","PROP_LOC":"85 PINE ST","SALES_CODE":"","SALE_PRICE":240000.0,"YR_CONSTR":1925,"ZIP5":"07446"},"type":"Feature"},{"geometry":{"coordinates":[[[-74.1527663419638,41.0448494657628],[-74.1527807239914,41.044177333396],[-74.1531100499679,41.0442856411388],[-74.1530783079973,41.0449468185057],[-74.1527663419638,41.0448494657628]]],"type":"Polygon"},"properties":{"CALC_ACRE":0.536,"DEED_DATE":"231227","NET_VALUE":711700.0,"PAMS_PIN":"0248_3501_34","PCLBLOCK":"3501","PCLLOT":"34","PROP_CLASS":"2","PROP_LOC":"127 SNYDER AVE","SALES_CODE":"","SALE_PRICE":10.0,"YR_CONSTR":1949,"ZIP5":"07446"},"type":"Feature"},{"geometry":{"coordinates":[[[-74.1586613985735,41.045254941464],[-74.158823691806,41.0450880767117],[-74.1593039572081,41.0453399000903],[-74.1591178694003,41.0454900509828],[-74.1586613985735,41.045254941464]]],"type":"Polygon"},"properties":{"CALC_ACRE":0.258,"DEED_DATE":null,"NET_VALUE":588300.0,"PAMS_PIN":"0248_3502_49","PCLBLOCK":"3502","PCLLOT":"49","PROP_CLASS":"2","PROP_LOC":"446 WYCKOFF AVENUE","SALES_CODE":"","SALE_PRICE":0.0,"YR_CONSTR":1960,"ZIP5":"07446"},"type":"Feature"},{"geometry":{"coordinates":[[[-74.1563195050009,41.0426768563713],[-74.1560073664908,41.0425349933761],[-74.1563534343692,41.0421060514732],[-74.1566880514226,41.0422114668499],[-74.1563195050009,41.0426768563713]]],"type":"Polygon"},"properties":{"CALC_ACRE":0.47100000000000003,"DEED_DATE":"140502","NET_VALUE":989600.0,"PAMS_PIN":"0248_3510_5","PCLBLOCK":"3510","PCLLOT":"5","PROP_CLASS":"2","PROP_LOC":"106 FOREST AVE","SALES_CODE":"","SALE_PRICE":739000.0,"YR_CONSTR":1956,"ZIP5":"07446"},"type":"Feature"},{"geometry":{"coordinates":[[[-74.1533218745085,41.0433303912017],[-74.1535135516339,41.0430095983321],[-74.1538549895953,41.0431325147231],[-74.1536678795048,41.0434488434917],[-74.1533218745085,41.0433303912017]]],"type":"Polygon"},"properties":{"CALC_ACRE":0.299,"DEED_DATE":"100928","NET_VALUE":751600.0,"PAMS_PIN":"0248_3504_6","PCLBLOCK":"3504","PCLLOT":"6","PROP_CLASS":"2","PROP_LOC":"48 WOODS RD","SALES_CODE":"","SALE_PRICE":620000.0,"YR_CONSTR":1956,"ZIP5":"07446"},"type":"Feature"},{"geometry":{"coordinates":[[[-74.1585371013826,41.0437385402598],[-74.1587697398884,41.0434507371602],[-74.1587847534317,41.0434558659865],[-74.1591392331344,41.0435769197226],[-74.1592086980587,41.0436181081053],[-74.1589997625,41.0437473229128],[-74.1589012640258,41.0439086063064],[-74.1588914355582,41.0439033962135],[-74.1585371013826,41.0437385402598]]],"type":"Polygon"},"properties":{"CALC_ACRE":0.381,"DEED_DATE":null,"NET_VALUE":1127000.0,"PAMS_PIN":"0248_3509_3.01","PCLBLOCK":"3509","PCLLOT":"3.01","PROP_CLASS":"2","PROP_LOC":"42 FOREST AVE","SALES_CODE":"","SALE_PRICE":0.0,"YR_CONSTR":1922,"ZIP5":"07446"},"type":"Feature"},{"geometry":{"coordinates":[[[-74.1532469226745,41.0438261377368],[-74.153118122229,41.0437826032443],[-74.1529172032359,41.0437146936877],[-74.1530999277512,41.0434047755411],[-74.1534285925676,41.0435176354529],[-74.1532469226745,41.0438261377368]]],"type":"Polygon"},"properties":{"CALC_ACRE":0.28200000000000003,"DEED_DATE":"211207","NET_VALUE":846600.0,"PAMS_PIN":"0248_3503_12","PCLBLOCK":"3503","PCLLOT":"12","PROP_CLASS":"2","PROP_LOC":"49 WOODS ROAD","SALES_CODE":"","SALE_PRICE":776000.0,"YR_CONSTR":1955,"ZIP5":"07446"},"type":"Feature"},{"geometry":{"coordinates":[[[-74.1553171612136,41.0472952061122],[-74.1554550193721,41.0470465635466],[-74.1555895277128,41.0468038737843],[-74.1557019653453,41.0468392073534],[-74.1558612348486,41.0468892619685],[-74.1557191914392,41.0471429096883],[-74.1555867465287,41.047379726485],[-74.1553171612136,41.0472952061122]]],"type":"Polygon"},"properties":{"CALC_ACRE":0.35600000000000004,"DEED_DATE":null,"NET_VALUE":867600.0,"PAMS_PIN":"0248_3210_4","PCLBLOCK":"3210","PCLLOT":"4","PROP_CLASS":"2","PROP_LOC":"22 MOMAR DRIVE","SALES_CODE":"","SALE_PRICE":0.0,"YR_CONSTR":1951,"ZIP5":"07446"},"type":"Feature"},{"geometry":{"coordinates":[[[-74.1547123291261,41.0425113638549],[-74.1548839037521,41.0421826418891],[-74.1551397816743,41.0422989687949],[-74.1551499072428,41.0423043718029],[-74.155158599995,41.0423110449315],[-74.155165583695,41.0423187761237],[-74.1551706364167,41.0423273196993],[-74.1551735975961,41.0423364041627],[-74.1551743731337,41.0423457408302],[-74.1551729383847,41.0423550330037],[-74.155169338942,41.0423639853991],[-74.1550415895255,41.0426376647533],[-74.1547123291261,41.0425113638549]]],"type":"Polygon"},"properties":{"CALC_ACRE":0.314,"DEED_DATE":"190201","NET_VALUE":798600.0,"PAMS_PIN":"0248_3504_20","PCLBLOCK":"3504","PCLLOT":"20","PROP_CLASS":"2","PROP_LOC":"1 DELWOOD COURT","SALES_CODE":"","SALE_PRICE":545000.0,"YR_CONSTR":1956,"ZIP5":"07446"},"type":"Feature"},{"geometry":{"coordinates":[[[-74.1524988569098,41.0453423919373],[-74.1527663419638,41.0448494657628],[-74.1530783079973,41.0449468185057],[-74.1532006980649,41.0449847567208],[-74.1530922318842,41.0451865205575],[-74.1529357094291,41.0454773485524],[-74.1524988569098,41.0453423919373]]],"type":"Polygon"},"properties":{"CALC_ACRE":0.5880000000000001,"DEED_DATE":null,"NET_VALUE":769600.0,"PAMS_PIN":"0248_3501_14","PCLBLOCK":"3501","PCLLOT":"14","PROP_CLASS":"2","PROP_LOC":"112 PINE ST","SALES_CODE":"","SALE_PRICE":0.0,"YR_CONSTR":1929,"ZIP5":"07446"},"type":"Feature"},{"geometry":{"coordinates":[[[-74.1543395004354,41.0469868190037],[-74.1545014199687,41.0466863523026],[-74.1548486987761,41.0467925265787],[-74.1547075330208,41.0470420291527],[-74.154700466722,41.047051563317],[-74.1546911247399,41.0470599097083],[-74.1546798482023,41.0470667635537],[-74.1546670488781,41.0470718745819],[-74.1546531941419,41.0470750561613],[-74.1546387899071,41.047076192115],[-74.1546243621523,41.047075240963],[-74.154610437715,41.0470722374373],[-74.1543395004354,41.0469868190037]]],"type":"Polygon"},"properties":{"CALC_ACRE":0.23,"DEED_DATE":"990617","NET_VALUE":734700.0,"PAMS_PIN":"0248_3211_1","PCLBLOCK":"3211","PCLLOT":"1","PROP_CLASS":"2","PROP_LOC":"20 ALDER DRIVE","SALES_CODE":"","SALE_PRICE":250000.0,"YR_CONSTR":1951,"ZIP5":"07446"},"type":"Feature"},{"geometry":{"coordinates":[[[-74.1542029969364,41.0426274964064],[-74.1543366896069,41.0423677524725],[-74.1547123291261,41.0425113638549],[-74.1545871479929,41.0427511980877],[-74.1542029969364,41.0426274964064]]],"type":"Polygon"},"properties":{"CALC_ACRE":0.23,"DEED_DATE":"111104","NET_VALUE":646800.0,"PAMS_PIN":"0248_3504_18","PCLBLOCK":"3504","PCLLOT":"18","PROP_CLASS":"2","PROP_LOC":"10 ROSEWOOD COURT","SALES_CODE":"","SALE_PRICE":1.0,"YR_CONSTR":1956,"ZIP5":"07446"},"type":"Feature"},{"geometry":{"coordinates":[[[-74.1590171880199,41.0445546038167],[-74.1589036221034,41.0444968360159],[-74.1591819363481,41.0441903639933],[-74.1595214950339,41.0443704689019],[-74.1592387817392,41.0446675383149],[-74.1590171880199,41.0445546038167]]],"type":"Polygon"},"properties":{"CALC_ACRE":0.318,"DEED_DATE":null,"NET_VALUE":660300.0,"PAMS_PIN":"0248_3502_24","PCLBLOCK":"3502","PCLLOT":"24","PROP_CLASS":"2","PROP_LOC":"21 FOREST AVE","SALES_CODE":"","SALE_PRICE":0.0,"YR_CONSTR":1964,"ZIP5":"07446"},"type":"Feature"},{"geometry":{"coordinates":[[[-74.1560073664908,41.0425349933761],[-74.1556994922834,41.0423950671359],[-74.1560178534234,41.0420003317145],[-74.1563534343692,41.0421060514732],[-74.1560073664908,41.0425349933761]]],"type":"Polygon"},"properties":{"CALC_ACRE":0.436,"DEED_DATE":"191219","NET_VALUE":1393100.0,"PAMS_PIN":"0248_3510_6","PCLBLOCK":"3510","PCLLOT":"6","PROP_CLASS":"2","PROP_LOC":"114 FOREST AVE","SALES_CODE":"","SALE_PRICE":1.0,"YR_CONSTR":2019,"ZIP5":"07646"},"type":"Feature"},{"geometry":{"coordinates":[[[-74.1566929175965,41.0470988083048],[-74.156975901284,41.04685217916],[-74.1573036974295,41.0469539441032],[-74.1570031211355,41.0471941869264],[-74.1566929175965,41.0470988083048]]],"type":"Polygon"},"properties":{"CALC_ACRE":0.24700000000000003,"DEED_DATE":"170824","NET_VALUE":563400.0,"PAMS_PIN":"0248_3210_12","PCLBLOCK":"3210","PCLLOT":"12","PROP_CLASS":"2","PROP_LOC":"382 WYCKOFF AVE","SALES_CODE":"","SALE_PRICE":352000.0,"YR_CONSTR":1954,"ZIP5":"07446"},"type":"Feature"},{"geometry":{"coordinates":[[[-74.1531566276153,41.0462686960043],[-74.1529531843563,41.046205476578],[-74.1532433446847,41.0456933505108],[-74.1535278087958,41.0457815558096],[-74.1532500038959,41.0462976377362],[-74.1531566276153,41.0462686960043]]],"type":"Polygon"},"properties":{"CALC_ACRE":0.42400000000000004,"DEED_DATE":"071030","NET_VALUE":865100.0,"PAMS_PIN":"0248_3211_26","PCLBLOCK":"3211","PCLLOT":"26","PROP_CLASS":"2","PROP_LOC":"99 PINE ST","SALES_CODE":"","SALE_PRICE":545000.0,"YR_CONSTR":1923,"ZIP5":"07446"},"type":"Feature"},{"geometry":{"coordinates":[[[-74.1543395004354,41.0469868190037],[-74.1540690868736,41.046901565088],[-74.1542370969846,41.046604314031],[-74.154252204851,41.0466090029223],[-74.1545014199687,41.0466863523026],[-74.1543395004354,41.0469868190037]]],"type":"Polygon"},"properties":{"CALC_ACRE":0.219,"DEED_DATE":"181001","NET_VALUE":853600.0,"PAMS_PIN":"0248_3211_2","PCLBLOCK":"3211","PCLLOT":"2","PROP_CLASS":"2","PROP_LOC":"26 ALDER DRIVE","SALES_CODE":"","SALE_PRICE":620000.0,"YR_CONSTR":1921,"ZIP5":"07446"},"type":"Feature"},{"geometry":{"coordinates":[[[-74.1529473156626,41.0440821760135],[-74.1526827654047,41.043995261812],[-74.1528549859194,41.0436936642248],[-74.1529172032359,41.0437146936877],[-74.153118122229,41.0437826032443],[-74.1529473156626,41.0440821760135]]],"type":"Polygon"},"properties":{"CALC_ACRE":0.23,"DEED_DATE":"080305","NET_VALUE":744400.0,"PAMS_PIN":"0248_3503_9","PCLBLOCK":"3503","PCLLOT":"9","PROP_CLASS":"2","PROP_LOC":"134 SNYDER AVE","SALES_CODE":"","SALE_PRICE":675000.0,"YR_CONSTR":1953,"ZIP5":"07446"},"type":"Feature"},{"geometry":{"coordinates":[[[-74.1587697398884,41.0434507371602],[-74.1584041570088,41.043325847744],[-74.158367334167,41.0433132682047],[-74.158480707844,41.0430240634799],[-74.1588472088018,41.0431077485319],[-74.1588652370197,41.0431135974083],[-74.1588814715756,41.0431219141361],[-74.1588953255754,41.0431323980573],[-74.1589062981846,41.0431446701674],[-74.1587847534317,41.0434558659865],[-74.1587697398884,41.0434507371602]]],"type":"Polygon"},"properties":{"CALC_ACRE":0.321,"DEED_DATE":null,"NET_VALUE":791400.0,"PAMS_PIN":"0248_3509_8","PCLBLOCK":"3509","PCLLOT":"8","PROP_CLASS":"2","PROP_LOC":"12 SCHIERLOH CT","SALES_CODE":"","SALE_PRICE":0.0,"YR_CONSTR":1957,"ZIP5":"07446"},"type":"Feature"},{"geometry":{"coordinates":[[[-74.1549879753744,41.0468953220682],[-74.1554550193721,41.0470465635466],[-74.1553171612136,41.0472952061122],[-74.1549058127635,41.0471662374221],[-74.1548938977897,41.0471602611826],[-74.1548838179123,41.0471526013795],[-74.1548759842275,41.0471435704087],[-74.1548707162229,41.047133536587],[-74.1548682287481,41.047122909132],[-74.1548686232517,41.0471121214719],[-74.1548718836444,41.0471016135687],[-74.1548778769548,41.0470918139754],[-74.1549879753744,41.0468953220682]]],"type":"Polygon"},"properties":{"CALC_ACRE":0.28700000000000003,"DEED_DATE":"160414","NET_VALUE":1102500.0,"PAMS_PIN":"0248_3210_5","PCLBLOCK":"3210","PCLLOT":"5","PROP_CLASS":"2","PROP_LOC":"4 ALDER DRIVE","SALES_CODE":"","SALE_PRICE":849000.0,"YR_CONSTR":1951,"ZIP5":"07446"},"type":"Feature"},{"geometry":{"coordinates":[[[-74.1589393382208,41.0450157355942],[-74.1591193255694,41.0448108323485],[-74.1595975365244,41.045102977037],[-74.1594040465987,41.0452591385853],[-74.1589393382208,41.0450157355942]]],"type":"Polygon"},"properties":{"CALC_ACRE":0.303,"DEED_DATE":"140327","NET_VALUE":537500.0,"PAMS_PIN":"0248_3502_28","PCLBLOCK":"3502","PCLLOT":"28","PROP_CLASS":"2","PROP_LOC":"458 WYCKOFF AVE","SALES_CODE":"","SALE_PRICE":1.0,"YR_CONSTR":1948,"ZIP5":"07446"},"type":"Feature"},{"geometry":{"coordinates":[[[-74.1535135516339,41.0430095983321],[-74.1533994170838,41.0429685098423],[-74.1535433909727,41.0427054656619],[-74.1538500264034,41.0428126341948],[-74.1538301203745,41.0428245244032],[-74.153812615968,41.0428383983142],[-74.1537978575653,41.0428539829715],[-74.1537861355231,41.0428709717616],[-74.1537776804606,41.0428890304463],[-74.1537726587228,41.0429078037385],[-74.1537711691071,41.0429269222924],[-74.1537732409203,41.0429460099694],[-74.1537788334015,41.0429646912391],[-74.1537878365244,41.0429825985669],[-74.1538000731616,41.042999379645],[-74.1538153025697,41.0430147043236],[-74.1538332251254,41.0430282711064],[-74.1538534882205,41.0430398130818],[-74.1538756931994,41.0430491031742],[-74.1538994032013,41.0430559586113],[-74.1538549895953,41.0431325147231],[-74.1535135516339,41.0430095983321]]],"type":"Polygon"},"properties":{"CALC_ACRE":0.252,"DEED_DATE":null,"NET_VALUE":685200.0,"PAMS_PIN":"0248_3504_15","PCLBLOCK":"3504","PCLLOT":"15","PROP_CLASS":"2","PROP_LOC":"25 ROSEWOOD COURT","SALES_CODE":"","SALE_PRICE":0.0,"YR_CONSTR":1956,"ZIP5":"07446"},"type":"Feature"},{"geometry":{"coordinates":[[[-74.1580907815185,41.0464898632494],[-74.1583068434124,41.0463134171704],[-74.1583173590873,41.0463067695571],[-74.1583293114594,41.0463016871876],[-74.1583422960378,41.0462983420594],[-74.1583558733995,41.0462968473783],[-74.158369584061,41.0462972537273],[-74.1583829640274,41.0462995473546],[-74.1583955604952,41.0463036506395],[-74.1584069471761,41.0463094247185],[-74.1587019107962,41.0465250208402],[-74.1584505567898,41.0467304451551],[-74.1584569447098,41.0466042679619],[-74.1580907815185,41.0464898632494]]],"type":"Polygon"},"properties":{"CALC_ACRE":0.195,"DEED_DATE":"180723","NET_VALUE":497300.0,"PAMS_PIN":"0248_3101_39","PCLBLOCK":"3101","PCLLOT":"39","PROP_CLASS":"2","PROP_LOC":"419 WYCKOFF AVENUE","SALES_CODE":"","SALE_PRICE":400000.0,"YR_CONSTR":1951,"ZIP5":"07446"},"type":"Feature"},{"geometry":{"coordinates":[[[-74.1524577679687,41.0447534936344],[-74.1525161360043,41.044090314983],[-74.1527807239914,41.044177333396],[-74.1527663419638,41.0448494657628],[-74.1524577679687,41.0447534936344]]],"type":"Polygon"},"properties":{"CALC_ACRE":0.47300000000000003,"DEED_DATE":"980217","NET_VALUE":1009600.0,"PAMS_PIN":"0248_3501_34.01","PCLBLOCK":"3501","PCLLOT":"34.01","PROP_CLASS":"2","PROP_LOC":"135 SNYDER AVENUE","SALES_CODE":"","SALE_PRICE":424900.0,"YR_CONSTR":1993,"ZIP5":"07446"},"type":"Feature"},{"geometry":{"coordinates":[[[-74.1595035466945,41.0437914143472],[-74.1592371791448,41.044086669283],[-74.1589012640258,41.0439086063064],[-74.1589997625,41.0437473229128],[-74.1592086980587,41.0436181081053],[-74.1595035466945,41.0437914143472]]],"type":"Polygon"},"properties":{"CALC_ACRE":0.331,"DEED_DATE":"130123","NET_VALUE":1405700.0,"PAMS_PIN":"0248_3509_2.02","PCLBLOCK":"3509","PCLLOT":"2.02","PROP_CLASS":"2","PROP_LOC":"30 FOREST AVE","SALES_CODE":"","SALE_PRICE":1.0,"YR_CONSTR":2005,"ZIP5":"07446"},"type":"Feature"},{"geometry":{"coordinates":[[[-74.1584505567898,41.0467304451551],[-74.1584468260865,41.0468041197115],[-74.1579171506489,41.0466397303608],[-74.1580907815185,41.0464898632494],[-74.1584569447098,41.0466042679619],[-74.1584505567898,41.0467304451551]]],"type":"Polygon"},"properties":{"CALC_ACRE":0.23800000000000002,"DEED_DATE":null,"NET_VALUE":504100.0,"PAMS_PIN":"0248_3101_38","PCLBLOCK":"3101","PCLLOT":"38","PROP_CLASS":"2","PROP_LOC":"401 WYCKOFF AVE","SALES_CODE":"","SALE_PRICE":0.0,"YR_CONSTR":1925,"ZIP5":"07446"},"type":"Feature"},{"geometry":{"coordinates":[[[-74.153536177501,41.0467335527845],[-74.1537042316294,41.0464387927741],[-74.1537418369038,41.0464504266186],[-74.1539094769089,41.0465025675169],[-74.1539691448067,41.046521007399],[-74.1538003522631,41.0468168401779],[-74.153536177501,41.0467335527845]]],"type":"Polygon"},"properties":{"CALC_ACRE":0.21300000000000002,"DEED_DATE":null,"NET_VALUE":591200.0,"PAMS_PIN":"0248_3211_4","PCLBLOCK":"3211","PCLLOT":"4","PROP_CLASS":"2","PROP_LOC":"38 ALDER DRIVE","SALES_CODE":"","SALE_PRICE":0.0,"YR_CONSTR":1951,"ZIP5":"07446"},"type":"Feature"},{"geometry":{"coordinates":[[[-74.1556994922834,41.0423950671359],[-74.1553796273635,41.0422496898504],[-74.1556671475432,41.0418898446423],[-74.1560178534234,41.0420003317145],[-74.1556994922834,41.0423950671359]]],"type":"Polygon"},"properties":{"CALC_ACRE":0.399,"DEED_DATE":"141215","NET_VALUE":859400.0,"PAMS_PIN":"0248_3510_7","PCLBLOCK":"3510","PCLLOT":"7","PROP_CLASS":"2","PROP_LOC":"122 FOREST AVE","SALES_CODE":"","SALE_PRICE":1.0,"YR_CONSTR":1956,"ZIP5":"07446"},"type":"Feature"},{"geometry":{"coordinates":[[[-74.1587712239052,41.0459474608265],[-74.158965836725,41.0459656508689],[-74.1591916785773,41.0460701833873],[-74.1587922804155,41.0463975370529],[-74.158544849352,41.0462176023226],[-74.1585364899417,41.0462089401311],[-74.1585302922584,41.0461992999827],[-74.1585264514641,41.0461889854407],[-74.1585250885036,41.0461783213051],[-74.1585262462961,41.0461676433845],[-74.158529888383,41.0461572879216],[-74.1585359000769,41.0461475810053],[-74.1585440920722,41.0461388283024],[-74.1587712239052,41.0459474608265]]],"type":"Polygon"},"properties":{"CALC_ACRE":0.34400000000000003,"DEED_DATE":"200715","NET_VALUE":1002700.0,"PAMS_PIN":"0248_3101_42","PCLBLOCK":"3101","PCLLOT":"42","PROP_CLASS":"2","PROP_LOC":"423 WYCKOFF AVE","SALES_CODE":"","SALE_PRICE":10.0,"YR_CONSTR":1850,"ZIP5":"07446"},"type":"Feature"},{"geometry":{"coordinates":[[[-74.1591193255694,41.0448108323485],[-74.1592433469775,41.0446696426532],[-74.1595184156091,41.0448095403445],[-74.159789983506,41.0449476552239],[-74.1595975365244,41.045102977037],[-74.1591193255694,41.0448108323485]]],"type":"Polygon"},"properties":{"CALC_ACRE":0.28500000000000003,"DEED_DATE":"110825","NET_VALUE":1129900.0,"PAMS_PIN":"0248_3502_27","PCLBLOCK":"3502","PCLLOT":"27","PROP_CLASS":"2","PROP_LOC":"462 WYCKOFF AVE","SALES_CODE":"","SALE_PRICE":425000.0,"YR_CONSTR":1960,"ZIP5":"07446"},"type":"Feature"},{"geometry":{"coordinates":[[[-74.1555867465287,41.047379726485],[-74.1557191914392,41.0471429096883],[-74.1559913441394,41.0472300134922],[-74.1558613893588,41.0474658313719],[-74.1555867465287,41.047379726485]]],"type":"Polygon"},"properties":{"CALC_ACRE":0.17600000000000002,"DEED_DATE":null,"NET_VALUE":520500.0,"PAMS_PIN":"0248_3210_3","PCLBLOCK":"3210","PCLLOT":"3","PROP_CLASS":"2","PROP_LOC":"16 MOMAR DR","SALES_CODE":"","SALE_PRICE":0.0,"YR_CONSTR":1951,"ZIP5":"07446"},"type":"Feature"},{"geometry":{"coordinates":[[[-74.1529531843563,41.046205476578],[-74.152888069973,41.0461852209293],[-74.1525785437637,41.0460890630834],[-74.1528660064513,41.0455763439768],[-74.1532433446847,41.0456933505108],[-74.1529531843563,41.046205476578]]],"type":"Polygon"},"properties":{"CALC_ACRE":0.518,"DEED_DATE":"980910","NET_VALUE":863800.0,"PAMS_PIN":"0248_3211_25","PCLBLOCK":"3211","PCLLOT":"25","PROP_CLASS":"2","PROP_LOC":"105 PINE ST","SALES_CODE":"","SALE_PRICE":320000.0,"YR_CONSTR":1970,"ZIP5":"07446"},"type":"Feature"},{"geometry":{"coordinates":[[[-74.1579264230592,41.0424516226473],[-74.1583286329479,41.0425617056467],[-74.1585319046287,41.0426118407537],[-74.1584315134041,41.0428688444867],[-74.1580854113898,41.0427899641512],[-74.1580565991662,41.0427808025979],[-74.158030204398,41.0427681593118],[-74.1580069601771,41.0427523854476],[-74.1579875120918,41.0427339191087],[-74.1579695351597,41.0427061615439],[-74.1579553209315,41.0426771893968],[-74.1579450113368,41.0426472919541],[-74.1579387093174,41.0426167677419],[-74.1579312174919,41.0425757286945],[-74.1579266651356,41.042534444983],[-74.1579250654456,41.0424930362867],[-74.1579264230592,41.0424516226473]]],"type":"Polygon"},"properties":{"CALC_ACRE":0.28200000000000003,"DEED_DATE":null,"NET_VALUE":768700.0,"PAMS_PIN":"0248_3509_13","PCLBLOCK":"3509","PCLLOT":"13","PROP_CLASS":"2","PROP_LOC":"9 SCHIERLOH CT","SALES_CODE":"","SALE_PRICE":0.0,"YR_CONSTR":1957,"ZIP5":"07446"},"type":"Feature"},{"geometry":{"coordinates":[[[-74.1543366896069,41.0423677524725],[-74.1544831733887,41.0420831548899],[-74.1544908584963,41.0420735803718],[-74.154500819645,41.0420652843499],[-74.1545126925256,41.0420585702351],[-74.1545260429114,41.0420536835831],[-74.1545403825387,41.0420508031139],[-74.1545551869644,41.0420500341751],[-74.1545699147464,41.0420514048893],[-74.1545840272456,41.0420548651251],[-74.1547351232393,41.0421172079063],[-74.1548839037521,41.0421826418891],[-74.1547123291261,41.0425113638549],[-74.1543366896069,41.0423677524725]]],"type":"Polygon"},"properties":{"CALC_ACRE":0.326,"DEED_DATE":"090702","NET_VALUE":725000.0,"PAMS_PIN":"0248_3504_19","PCLBLOCK":"3504","PCLLOT":"19","PROP_CLASS":"2","PROP_LOC":"2 ROSEWOOD COURT","SALES_CODE":"","SALE_PRICE":550000.0,"YR_CONSTR":1956,"ZIP5":"07446"},"type":"Feature"},{"geometry":{"coordinates":[[[-74.153536177501,41.0467335527845],[-74.153263019586,41.0466474306797],[-74.1534280886127,41.0463529737991],[-74.1535741960004,41.0463984564065],[-74.1537042316294,41.0464387927741],[-74.153536177501,41.0467335527845]]],"type":"Polygon"},"properties":{"CALC_ACRE":0.21300000000000002,"DEED_DATE":"191206","NET_VALUE":1004600.0,"PAMS_PIN":"0248_3211_5","PCLBLOCK":"3211","PCLLOT":"5","PROP_CLASS":"2","PROP_LOC":"44 ALDER DRIVE","SALES_CODE":"","SALE_PRICE":722000.0,"YR_CONSTR":1951,"ZIP5":"07446"},"type":"Feature"},{"geometry":{"coordinates":[[[-74.1535433909727,41.0427054656619],[-74.153683613497,41.0424543415764],[-74.154037843468,41.0425726721329],[-74.1539425519793,41.0427569950103],[-74.1539343046564,41.0427701541179],[-74.1539223824742,41.0427815995993],[-74.1539073829964,41.0427907577847],[-74.1538900580274,41.0427971696486],[-74.1538693986029,41.0428039541898],[-74.1538500264034,41.0428126341948],[-74.1535433909727,41.0427054656619]]],"type":"Polygon"},"properties":{"CALC_ACRE":0.23,"DEED_DATE":"930816","NET_VALUE":729100.0,"PAMS_PIN":"0248_3504_14","PCLBLOCK":"3504","PCLLOT":"14","PROP_CLASS":"2","PROP_LOC":"17 ROSEWOOD COURT","SALES_CODE":"","SALE_PRICE":222000.0,"YR_CONSTR":1956,"ZIP5":"07446"},"type":"Feature"},{"geometry":{"coordinates":[[[-74.1592387817392,41.0446675383149],[-74.1595214950339,41.0443704689019],[-74.1597893403123,41.0445125352584],[-74.1595184156091,41.0448095403445],[-74.1592433469775,41.0446696426532],[-74.1592387817392,41.0446675383149]]],"type":"Polygon"},"properties":{"CALC_ACRE":0.267,"DEED_DATE":"151013","NET_VALUE":652900.0,"PAMS_PIN":"0248_3502_25","PCLBLOCK":"3502","PCLLOT":"25","PROP_CLASS":"2","PROP_LOC":"11 FOREST AVE","SALES_CODE":"","SALE_PRICE":499900.0,"YR_CONSTR":1964,"ZIP5":"07446"},"type":"Feature"},{"geometry":{"coordinates":[[[-74.1528549859194,41.0436936642248],[-74.152588200653,41.0436028090629],[-74.1527397940522,41.0433430174867],[-74.1527469526104,41.0433341621678],[-74.1527560675774,41.0433263964592],[-74.1527668538531,41.0433199632591],[-74.1527789740616,41.0433150637868],[-74.1527920491042,41.0433118512899],[-74.1528056700165,41.0433104262497],[-74.1528194107603,41.0433108332391],[-74.1528328415493,41.0433130595281],[-74.1530999277512,41.0434047755411],[-74.1529172032359,41.0437146936877],[-74.1528549859194,41.0436936642248]]],"type":"Polygon"},"properties":{"CALC_ACRE":0.28700000000000003,"DEED_DATE":"010426","NET_VALUE":690100.0,"PAMS_PIN":"0248_3503_11","PCLBLOCK":"3503","PCLLOT":"11","PROP_CLASS":"2","PROP_LOC":"57 WOODS ROAD","SALES_CODE":"","SALE_PRICE":290000.0,"YR_CONSTR":1955,"ZIP5":"07446"},"type":"Feature"},{"geometry":{"coordinates":[[[-74.1530349211657,41.0428372900602],[-74.1533994170838,41.0429685098423],[-74.1535135516339,41.0430095983321],[-74.1533218745085,41.0433303912017],[-74.1529007191505,41.0431862090999],[-74.1528905220648,41.0431807045391],[-74.1528817387641,41.0431739543867],[-74.1528746332416,41.0431661615265],[-74.1528694190628,41.0431575601826],[-74.1528662529464,41.043148408879],[-74.1528652300541,41.0431389826696],[-74.1528663811302,41.0431295648708],[-74.1528696715776,41.0431204385468],[-74.1530349211657,41.0428372900602]]],"type":"Polygon"},"properties":{"CALC_ACRE":0.404,"DEED_DATE":"210330","NET_VALUE":985600.0,"PAMS_PIN":"0248_3504_7","PCLBLOCK":"3504","PCLLOT":"7","PROP_CLASS":"2","PROP_LOC":"56 WOODS ROAD","SALES_CODE":"","SALE_PRICE":810000.0,"YR_CONSTR":1956,"ZIP5":"07446"},"type":"Feature"},{"geometry":{"coordinates":[[[-74.1576632912411,41.0468469950445],[-74.1579171506489,41.0466397303608],[-74.1584468260865,41.0468041197115],[-74.158432484483,41.0470873812071],[-74.1576632912411,41.0468469950445]]],"type":"Polygon"},"properties":{"CALC_ACRE":0.454,"DEED_DATE":"230613","NET_VALUE":725300.0,"PAMS_PIN":"0248_3101_37","PCLBLOCK":"3101","PCLLOT":"37","PROP_CLASS":"2","PROP_LOC":"395 WYCKOFF AVE","SALES_CODE":"","SALE_PRICE":725000.0,"YR_CONSTR":1911,"ZIP5":"07446"},"type":"Feature"},{"geometry":{"coordinates":[[[-74.1587847534317,41.0434558659865],[-74.1589062981846,41.0431446701674],[-74.1589153783555,41.0431576386371],[-74.1589265796356,41.0431701183723],[-74.1589395735162,41.0431815670337],[-74.1589541945936,41.043191838888],[-74.1589702567512,41.043200803182],[-74.1589875555284,41.0432083458065],[-74.159005870723,41.0432143707496],[-74.1590249691948,41.043218801318],[-74.1590446078329,41.0432215811139],[-74.1590645366502,41.0432226747525],[-74.1590845019661,41.0432220683126],[-74.1591042496354,41.0432197695137],[-74.1591235282832,41.0432158076179],[-74.159142092505,41.0432102330572],[-74.1591597059906,41.0432031167916],[-74.1591761445318,41.043194549406],[-74.159191198877,41.0431846399572],[-74.1593990573556,41.043333893309],[-74.1594103141445,41.0433396874703],[-74.1593594632111,41.043463854624],[-74.1592086980587,41.0436181081053],[-74.1591392331344,41.0435769197226],[-74.1587847534317,41.0434558659865]]],"type":"Polygon"},"properties":{"CALC_ACRE":0.367,"DEED_DATE":null,"NET_VALUE":667600.0,"PAMS_PIN":"0248_3509_9","PCLBLOCK":"3509","PCLLOT":"9","PROP_CLASS":"2","PROP_LOC":"14 SCHIERLOH CT","SALES_CODE":"","SALE_PRICE":0.0,"YR_CONSTR":1957,"ZIP5":"07446"},"type":"Feature"},{"geometry":{"coordinates":[[[-74.1561318532262,41.0475506265815],[-74.1558613893588,41.0474658313719],[-74.1559913441394,41.0472300134922],[-74.1562589729238,41.0473155596538],[-74.1561318532262,41.0475506265815]]],"type":"Polygon"},"properties":{"CALC_ACRE":0.17500000000000002,"DEED_DATE":null,"NET_VALUE":941100.0,"PAMS_PIN":"0248_3210_2","PCLBLOCK":"3210","PCLLOT":"2","PROP_CLASS":"2","PROP_LOC":"8 MOMAR DRIVE","SALES_CODE":"","SALE_PRICE":0.0,"YR_CONSTR":1951,"ZIP5":"07446"},"type":"Feature"},{"geometry":{"coordinates":[[[-74.152588200653,41.0436028090629],[-74.1528549859194,41.0436936642248],[-74.1526827654047,41.043995261812],[-74.1524796958448,41.0439285442238],[-74.152467250719,41.0439233555798],[-74.152456343489,41.043916474402],[-74.1524473733772,41.0439081525521],[-74.1524406687041,41.0438986946229],[-74.1524364748717,41.0438884467894],[-74.152434945381,41.0438777841387],[-74.1524361362139,41.043867096941],[-74.152440003784,41.0438567763651],[-74.152588200653,41.0436028090629]]],"type":"Polygon"},"properties":{"CALC_ACRE":0.23,"DEED_DATE":null,"NET_VALUE":804800.0,"PAMS_PIN":"0248_3503_10","PCLBLOCK":"3503","PCLLOT":"10","PROP_CLASS":"2","PROP_LOC":"140 SNYDER AVENUE","SALES_CODE":"","SALE_PRICE":0.0,"YR_CONSTR":1953,"ZIP5":"07446"},"type":"Feature"},{"geometry":{"coordinates":[[[-74.1567786653836,41.0421529882924],[-74.1571619109384,41.0419621587068],[-74.1571628119486,41.0419628484378],[-74.1571652984853,41.0419642285772],[-74.1571680096008,41.0419657801331],[-74.1571704943409,41.041967159595],[-74.1571732072531,41.0419685404119],[-74.1571759174703,41.0419699205513],[-74.1571786294841,41.0419713013681],[-74.1571813432946,41.0419725107685],[-74.1571840553084,41.0419738909078],[-74.1571867682206,41.0419750996306],[-74.1571897066099,41.0419763097085],[-74.1571924204204,41.0419773470148],[-74.1571953606063,41.0419785564152],[-74.1571982998939,41.041979594399],[-74.1572012409781,41.0419806323829],[-74.1572041802657,41.0419816703667],[-74.1572071222483,41.0419825376117],[-74.1572100624342,41.0419835755956],[-74.1572130026201,41.0419844414854],[-74.1572161727748,41.041985137314],[-74.1572191129607,41.0419860038814],[-74.1572222813187,41.0419866997099],[-74.1572252233013,41.0419875655998],[-74.1572283925576,41.0419880906894],[-74.1572315618139,41.0419887851629],[-74.1574373191331,41.042029369501],[-74.1573223132172,41.0423155236066],[-74.1567786653836,41.0421529882924]]],"type":"Polygon"},"properties":{"CALC_ACRE":0.28200000000000003,"DEED_DATE":null,"NET_VALUE":675900.0,"PAMS_PIN":"0248_3510_19","PCLBLOCK":"3510","PCLLOT":"19","PROP_CLASS":"2","PROP_LOC":"22 SKYTOP DR","SALES_CODE":"","SALE_PRICE":0.0,"YR_CONSTR":1963,"ZIP5":"07446"},"type":"Feature"},{"geometry":{"coordinates":[[[-74.152086434973,41.0452153984028],[-74.1523512151996,41.0447202341491],[-74.1524577679687,41.0447534936344],[-74.1527663419638,41.0448494657628],[-74.1524988569098,41.0453423919373],[-74.1523024869853,41.0452817556107],[-74.152086434973,41.0452153984028]]],"type":"Polygon"},"properties":{"CALC_ACRE":0.56,"DEED_DATE":"000825","NET_VALUE":1464400.0,"PAMS_PIN":"0248_3501_15","PCLBLOCK":"3501","PCLLOT":"15","PROP_CLASS":"2","PROP_LOC":"124 PINE STREET","SALES_CODE":"","SALE_PRICE":333000.0,"YR_CONSTR":2001,"ZIP5":"07446"},"type":"Feature"},{"geometry":{"coordinates":[[[-74.1529946631662,41.0465628219703],[-74.1531566276153,41.0462686960043],[-74.1532500038959,41.0462976377362],[-74.1534280886127,41.0463529737991],[-74.153263019586,41.0466474306797],[-74.1529946631662,41.0465628219703]]],"type":"Polygon"},"properties":{"CALC_ACRE":0.21300000000000002,"DEED_DATE":"940203","NET_VALUE":768600.0,"PAMS_PIN":"0248_3211_6","PCLBLOCK":"3211","PCLLOT":"6","PROP_CLASS":"2","PROP_LOC":"52 ALDER DRIVE","SALES_CODE":"","SALE_PRICE":306000.0,"YR_CONSTR":1951,"ZIP5":"07446"},"type":"Feature"},{"geometry":{"coordinates":[[[-74.157747328636,41.0427031322565],[-74.1574644626277,41.0425526030416],[-74.1570139036138,41.0423141197609],[-74.1566880514226,41.0422114668499],[-74.1563534343692,41.0421060514732],[-74.1560178534234,41.0420003317145],[-74.1556671475432,41.0418898446423],[-74.1552500750282,41.0417587880287],[-74.1548466191762,41.0416313498887],[-74.1549798078918,41.0414100985606],[-74.1557314354766,41.0415681835983],[-74.155759250911,41.0415740341507],[-74.1556960759903,41.0416573633063],[-74.1556856402617,41.0417112343689],[-74.1556646816678,41.0418197656923],[-74.1567786653836,41.0421529882924],[-74.1573223132172,41.0423155236066],[-74.1577459362473,41.0424456888367],[-74.157745405343,41.0424689437073],[-74.1577474277229,41.0425456359872],[-74.1577560997864,41.0426220639827],[-74.1577694467025,41.0426722436124],[-74.1577866029802,41.0427217602008],[-74.157747328636,41.0427031322565]]],"type":"Polygon"},"properties":{"CALC_ACRE":0.454,"DEED_DATE":null,"NET_VALUE":687100.0,"PAMS_PIN":"0248_3510_17","PCLBLOCK":"3510","PCLLOT":"17","PROP_CLASS":"2","PROP_LOC":"2 CLARANA STREET","SALES_CODE":"","SALE_PRICE":0.0,"YR_CONSTR":1958,"ZIP5":"07446"},"type":"Feature"},{"geometry":{"coordinates":[[[-74.1573223132172,41.0423155236066],[-74.1574373191331,41.042029369501],[-74.1577712328057,41.0421004164239],[-74.1577820000299,41.0421040343555],[-74.1577917147863,41.0421090694426],[-74.1578000527807,41.0421153536055],[-74.1578067356777,41.0421226770684],[-74.1578115403913,41.0421307953622],[-74.1578143065325,41.0421394374849],[-74.157814941763,41.0421483149484],[-74.1578134248779,41.0421571314088],[-74.1577553991005,41.0423623471287],[-74.1577491925673,41.0424039227198],[-74.1577459362473,41.0424456888367],[-74.1573223132172,41.0423155236066]]],"type":"Polygon"},"properties":{"CALC_ACRE":0.322,"DEED_DATE":"950628","NET_VALUE":882500.0,"PAMS_PIN":"0248_3510_18","PCLBLOCK":"3510","PCLLOT":"18","PROP_CLASS":"2","PROP_LOC":"26 SKYTOP DRIVE","SALES_CODE":"","SALE_PRICE":308750.0,"YR_CONSTR":1969,"ZIP5":"07446"},"type":"Feature"},{"geometry":{"coordinates":[[[-74.1550158015886,41.04208718283],[-74.1552500750282,41.0417587880287],[-74.1556671475432,41.0418898446423],[-74.1553796273635,41.0422496898504],[-74.1551733427332,41.0421559335299],[-74.1550158015886,41.04208718283]]],"type":"Polygon"},"properties":{"CALC_ACRE":0.393,"DEED_DATE":"070723","NET_VALUE":611200.0,"PAMS_PIN":"0248_3510_8","PCLBLOCK":"3510","PCLLOT":"8","PROP_CLASS":"2","PROP_LOC":"130 FOREST AVE","SALES_CODE":"","SALE_PRICE":470000.0,"YR_CONSTR":1956,"ZIP5":"07446"},"type":"Feature"},{"geometry":{"coordinates":[[[-74.1592371791448,41.044086669283],[-74.1595035466945,41.0437914143472],[-74.1597197747767,41.0439185075143],[-74.1598449127907,41.0439920585237],[-74.1596821048236,41.0441516272102],[-74.1595684239227,41.0442622561503],[-74.1592371791448,41.044086669283]]],"type":"Polygon"},"properties":{"CALC_ACRE":0.35000000000000003,"DEED_DATE":"130920","NET_VALUE":1300900.0,"PAMS_PIN":"0248_3509_2.01","PCLBLOCK":"3509","PCLLOT":"2.01","PROP_CLASS":"2","PROP_LOC":"28 FOREST AVE","SALES_CODE":"","SALE_PRICE":859000.0,"YR_CONSTR":2005,"ZIP5":"07446"},"type":"Feature"},{"geometry":{"coordinates":[[[-74.1584315134041,41.0428688444867],[-74.1585319046287,41.0426118407537],[-74.1588752092893,41.0426976293761],[-74.1587746671477,41.0429470512675],[-74.1584315134041,41.0428688444867]]],"type":"Polygon"},"properties":{"CALC_ACRE":0.23,"DEED_DATE":"010731","NET_VALUE":720700.0,"PAMS_PIN":"0248_3509_12","PCLBLOCK":"3509","PCLLOT":"12","PROP_CLASS":"2","PROP_LOC":"11 SCHIERLOH COURT","SALES_CODE":"","SALE_PRICE":366000.0,"YR_CONSTR":1957,"ZIP5":"07446"},"type":"Feature"},{"geometry":{"coordinates":[[[-74.154037843468,41.0425726721329],[-74.153683613497,41.0424543415764],[-74.1538261446915,41.0421960157131],[-74.1541715334436,41.0423140709786],[-74.154037843468,41.0425726721329]]],"type":"Polygon"},"properties":{"CALC_ACRE":0.23,"DEED_DATE":"920630","NET_VALUE":618800.0,"PAMS_PIN":"0248_3504_13","PCLBLOCK":"3504","PCLLOT":"13","PROP_CLASS":"2","PROP_LOC":"9 ROSEWOOD COURT","SALES_CODE":"","SALE_PRICE":218000.0,"YR_CONSTR":1956,"ZIP5":"07446"},"type":"Feature"},{"geometry":{"coordinates":[[[-74.1590877048714,41.0456993863307],[-74.1592768810871,41.0455505096129],[-74.1597762410788,41.0458225592111],[-74.1595874709016,41.0459718418099],[-74.1590877048714,41.0456993863307]]],"type":"Polygon"},"properties":{"CALC_ACRE":0.29700000000000004,"DEED_DATE":"201105","NET_VALUE":1062100.0,"PAMS_PIN":"0248_3101_44","PCLBLOCK":"3101","PCLLOT":"44","PROP_CLASS":"2","PROP_LOC":"439 WYCKOFF AVE","SALES_CODE":"","SALE_PRICE":1.0,"YR_CONSTR":1930,"ZIP5":"07446"},"type":"Feature"},{"geometry":{"coordinates":[[[-74.1561318532262,41.0475506265815],[-74.1562589729238,41.0473155596538],[-74.1566819509635,41.0474508882229],[-74.1564768880421,41.0476172226164],[-74.1564560229043,41.0476270260772],[-74.1564325579764,41.0476325540514],[-74.1564080036044,41.0476334507259],[-74.1563839402579,41.0476296583854],[-74.1561318532262,41.0475506265815]]],"type":"Polygon"},"properties":{"CALC_ACRE":0.20500000000000002,"DEED_DATE":"210419","NET_VALUE":794300.0,"PAMS_PIN":"0248_3210_1","PCLBLOCK":"3210","PCLLOT":"1","PROP_CLASS":"2","PROP_LOC":"4 MOMAR DRIVE","SALES_CODE":"","SALE_PRICE":565000.0,"YR_CONSTR":1951,"ZIP5":"07446"},"type":"Feature"},{"geometry":{"coordinates":[[[-74.1530349211657,41.0428372900602],[-74.1531859324566,41.0425785408894],[-74.1535433909727,41.0427054656619],[-74.1533994170838,41.0429685098423],[-74.1530349211657,41.0428372900602]]],"type":"Polygon"},"properties":{"CALC_ACRE":0.41100000000000003,"DEED_DATE":"120706","NET_VALUE":864200.0,"PAMS_PIN":"0248_3504_8","PCLBLOCK":"3504","PCLLOT":"8","PROP_CLASS":"2","PROP_LOC":"36 TULIP STREET","SALES_CODE":"","SALE_PRICE":575000.0,"YR_CONSTR":1956,"ZIP5":"07446"},"type":"Feature"},{"geometry":{"coordinates":[[[-74.1525785437637,41.0460890630834],[-74.1525203715609,41.0460710078963],[-74.1522563899365,41.0459889343054],[-74.1525318726914,41.0454727334279],[-74.1528660064513,41.0455763439768],[-74.1525785437637,41.0460890630834]]],"type":"Polygon"},"properties":{"CALC_ACRE":0.516,"DEED_DATE":null,"NET_VALUE":894700.0,"PAMS_PIN":"0248_3211_24","PCLBLOCK":"3211","PCLLOT":"24","PROP_CLASS":"2","PROP_LOC":"109 PINE STREET","SALES_CODE":"","SALE_PRICE":0.0,"YR_CONSTR":1965,"ZIP5":"07446"},"type":"Feature"},{"geometry":{"coordinates":[[[-74.1523512151996,41.0447202341491],[-74.1520216035589,41.0446176798422],[-74.1521628959767,41.0439741402967],[-74.1525161360043,41.044090314983],[-74.1524577679687,41.0447534936344],[-74.1523512151996,41.0447202341491]]],"type":"Polygon"},"properties":{"CALC_ACRE":0.5640000000000001,"DEED_DATE":"151203","NET_VALUE":929600.0,"PAMS_PIN":"0248_3501_33","PCLBLOCK":"3501","PCLLOT":"33","PROP_CLASS":"2","PROP_LOC":"143 SNYDER AVE","SALES_CODE":"","SALE_PRICE":655000.0,"YR_CONSTR":1955,"ZIP5":"07446"},"type":"Feature"},{"geometry":{"coordinates":[[[-74.1556646816678,41.0418197656923],[-74.1556856402617,41.0417112343689],[-74.1560418788657,41.0417896695003],[-74.1560891392328,41.0416776142508],[-74.1561023875866,41.0416462022139],[-74.1566300723575,41.041757182265],[-74.1570833065544,41.0418525015526],[-74.1570990800724,41.0418875173058],[-74.1570993028546,41.0418883764216],[-74.1570999703029,41.041890608903],[-74.1571008641266,41.0418930134785],[-74.1571019843257,41.0418952466373],[-74.1571028799461,41.0418976505351],[-74.1571040001453,41.0418998850488],[-74.1571051212427,41.0419022889465],[-74.1571062423402,41.0419045227825],[-74.1571073625394,41.0419067572959],[-74.1571087118089,41.0419089904543],[-74.1571098329064,41.0419112249676],[-74.1571111803793,41.0419134588033],[-74.1571127560243,41.041915692639],[-74.1571141034972,41.0419179278296],[-74.157115678244,41.0419199909261],[-74.157117253889,41.0419222261166],[-74.1571188286357,41.0419242885354],[-74.1571204042806,41.0419263529867],[-74.1571222054028,41.0419284167605],[-74.1571240074232,41.0419304812117],[-74.157125810342,41.0419325449853],[-74.1571276123625,41.0419344366648],[-74.157129414383,41.0419365011158],[-74.1571314445755,41.0419383948278],[-74.1571332474943,41.0419402865072],[-74.1571352758902,41.0419421802191],[-74.1571375315599,41.0419440732534],[-74.1571395617524,41.0419459662876],[-74.1571415919449,41.0419478599993],[-74.1571438494113,41.0419495822945],[-74.1571461059793,41.0419513039121],[-74.1571483625472,41.0419530262073],[-74.1571506182169,41.0419547485023],[-74.157153102957,41.0419564714748],[-74.1571553604233,41.0419580230309],[-74.1571578442651,41.0419595739094],[-74.1571603281068,41.0419612968818],[-74.1571619109384,41.0419621587068],[-74.1567786653836,41.0421529882924],[-74.1556646816678,41.0418197656923]]],"type":"Polygon"},"properties":{"CALC_ACRE":0.8845000000000001,"DEED_DATE":"201027","NET_VALUE":1124500.0,"PAMS_PIN":"0248_3510_20","PCLBLOCK":"3510","PCLLOT":"20","PROP_CLASS":"2","PROP_LOC":"18 SKYTOP DR","SALES_CODE":"","SALE_PRICE":935000.0,"YR_CONSTR":2017,"ZIP5":"07446"},"type":"Feature"},{"geometry":{"coordinates":[[[-74.157377134704,41.0470804288805],[-74.1576632912411,41.0468469950445],[-74.158432484483,41.0470873812071],[-74.1584121008108,41.0474194050964],[-74.157377134704,41.0470804288805]]],"type":"Polygon"},"properties":{"CALC_ACRE":0.7070000000000001,"DEED_DATE":null,"NET_VALUE":665600.0,"PAMS_PIN":"0248_3101_36","PCLBLOCK":"3101","PCLLOT":"36","PROP_CLASS":"2","PROP_LOC":"387 WYCKOFF AVENUE","SALES_CODE":"","SALE_PRICE":0.0,"YR_CONSTR":1910,"ZIP5":"07446"},"type":"Feature"},{"geometry":{"coordinates":[[[-74.158965836725,41.0459656508689],[-74.1587712239052,41.0459474608265],[-74.1590877048714,41.0456993863307],[-74.1595874709016,41.0459718418099],[-74.1594720167264,41.0460631435566],[-74.1597254566208,41.0461919362284],[-74.1600040098174,41.0463334885023],[-74.1599325066157,41.0464130752769],[-74.1595023106127,41.046213960128],[-74.1591916785773,41.0460701833873],[-74.158965836725,41.0459656508689]]],"type":"Polygon"},"properties":{"CALC_ACRE":0.746,"DEED_DATE":null,"NET_VALUE":852400.0,"PAMS_PIN":"0248_3101_43","PCLBLOCK":"3101","PCLLOT":"43","PROP_CLASS":"2","PROP_LOC":"433 WYCKOFF AV","SALES_CODE":"","SALE_PRICE":0.0,"YR_CONSTR":1952,"ZIP5":"07446"},"type":"Feature"},{"geometry":{"coordinates":[[[-74.1527202089823,41.0464900265242],[-74.152888069973,41.0461852209293],[-74.1529531843563,41.046205476578],[-74.1531566276153,41.0462686960043],[-74.1529946631662,41.0465628219703],[-74.1529127682534,41.0465370015434],[-74.1528175185284,41.0465111127556],[-74.1527202089823,41.0464900265242]]],"type":"Polygon"},"properties":{"CALC_ACRE":0.215,"DEED_DATE":"090128","NET_VALUE":794800.0,"PAMS_PIN":"0248_3211_7","PCLBLOCK":"3211","PCLLOT":"7","PROP_CLASS":"2","PROP_LOC":"58 ALDER DRIVE","SALES_CODE":"","SALE_PRICE":10.0,"YR_CONSTR":1951,"ZIP5":"07446"},"type":"Feature"},{"geometry":{"coordinates":[[[-74.1587922804155,41.0463975370529],[-74.1591916785773,41.0460701833873],[-74.1595023106127,41.046213960128],[-74.159048888668,41.0465841452235],[-74.1587922804155,41.0463975370529]]],"type":"Polygon"},"properties":{"CALC_ACRE":0.39,"DEED_DATE":"090409","NET_VALUE":685400.0,"PAMS_PIN":"0248_3101_41","PCLBLOCK":"3101","PCLLOT":"41","PROP_CLASS":"2","PROP_LOC":"11 HUBBARD LANE","SALES_CODE":"","SALE_PRICE":0.0,"YR_CONSTR":1975,"ZIP5":"07446"},"type":"Feature"},{"geometry":{"coordinates":[[[-74.1587019107962,41.0465250208402],[-74.1589231963934,41.0466867615045],[-74.158432484483,41.0470873812071],[-74.1584468260865,41.0468041197115],[-74.1584505567898,41.0467304451551],[-74.1587019107962,41.0465250208402]]],"type":"Polygon"},"properties":{"CALC_ACRE":0.322,"DEED_DATE":"221208","NET_VALUE":754300.0,"PAMS_PIN":"0248_3101_39.01","PCLBLOCK":"3101","PCLLOT":"39.01","PROP_CLASS":"2","PROP_LOC":"12 HUBBARD LANE","SALES_CODE":"","SALE_PRICE":725000.0,"YR_CONSTR":1970,"ZIP5":"07446"},"type":"Feature"},{"geometry":{"coordinates":[[[-74.1595184156091,41.0448095403445],[-74.1597893403123,41.0445125352584],[-74.1601150541629,41.0446852937514],[-74.159789983506,41.0449476552239],[-74.1595184156091,41.0448095403445]]],"type":"Polygon"},"properties":{"CALC_ACRE":0.267,"DEED_DATE":"971229","NET_VALUE":560100.0,"PAMS_PIN":"0248_3502_26","PCLBLOCK":"3502","PCLLOT":"26","PROP_CLASS":"2","PROP_LOC":"470 WYCKOFF AVE","SALES_CODE":"","SALE_PRICE":202500.0,"YR_CONSTR":1964,"ZIP5":"07446"},"type":"Feature"},{"geometry":{"coordinates":[[[-74.1579264230592,41.0424516226473],[-74.1579310579551,41.0424080565116],[-74.1579389653372,41.0423647591398],[-74.1579874815491,41.0421928719602],[-74.1579918649357,41.0421848077013],[-74.1579981337806,41.0421774860101],[-74.1580060756899,41.0421711549521],[-74.158015421585,41.0421660290293],[-74.158025854819,41.0421622819126],[-74.158037021905,41.0421600405577],[-74.1580485444925,41.0421593809039],[-74.1580600321864,41.0421603253009],[-74.1584911525558,41.0422506072293],[-74.1583286329479,41.0425617056467],[-74.1579264230592,41.0424516226473]]],"type":"Polygon"},"properties":{"CALC_ACRE":0.333,"DEED_DATE":"940627","NET_VALUE":737000.0,"PAMS_PIN":"0248_3509_14","PCLBLOCK":"3509","PCLLOT":"14","PROP_CLASS":"2","PROP_LOC":"30 SKYTOP DRIVE","SALES_CODE":"","SALE_PRICE":288000.0,"YR_CONSTR":1963,"ZIP5":"07446"},"type":"Feature"},{"geometry":{"coordinates":[[[-74.1592768810871,41.0455505096129],[-74.1594605182907,41.0454063079851],[-74.1599613703841,41.0456761556365],[-74.1597762410788,41.0458225592111],[-74.1592768810871,41.0455505096129]]],"type":"Polygon"},"properties":{"CALC_ACRE":0.301,"DEED_DATE":"121227","NET_VALUE":515600.0,"PAMS_PIN":"0248_3101_45","PCLBLOCK":"3101","PCLLOT":"45","PROP_CLASS":"2","PROP_LOC":"6 W CEDAR PLACE","SALES_CODE":"","SALE_PRICE":275000.0,"YR_CONSTR":1952,"ZIP5":"07452"},"type":"Feature"},{"geometry":{"coordinates":[[[-74.1544791417497,41.047475356044],[-74.1539997836461,41.0474306553143],[-74.1541429247967,41.0470735022975],[-74.1545636399802,41.047205887708],[-74.1545737383504,41.0472096227738],[-74.1545827357273,41.0472147128336],[-74.1545903163106,41.0472209792302],[-74.154596214028,41.047228202018],[-74.1546002218746,41.0472361276828],[-74.1546021991781,41.0472444780402],[-74.154602076537,41.0472529599994],[-74.1545998582559,41.0472612758506],[-74.1545561192847,41.0474403229396],[-74.1545529749729,41.0474497225533],[-74.1545471514174,41.0474583647121],[-74.1545389371772,41.0474658211946],[-74.1545287392705,41.0474717225301],[-74.154517063007,41.047475776306],[-74.1545044869492,41.0474777816568],[-74.1544916342449,41.0474776392168],[-74.1544791417497,41.047475356044]]],"type":"Polygon"},"properties":{"CALC_ACRE":0.28200000000000003,"DEED_DATE":"981110","NET_VALUE":615300.0,"PAMS_PIN":"0248_3206_1","PCLBLOCK":"3206","PCLLOT":"1","PROP_CLASS":"2","PROP_LOC":"106 CENTER ST","SALES_CODE":"","SALE_PRICE":270000.0,"YR_CONSTR":1951,"ZIP5":"07446"},"type":"Feature"},{"geometry":{"coordinates":[[[-74.1535433909727,41.0427054656619],[-74.1531859324566,41.0425785408894],[-74.153327671337,41.0423356747516],[-74.153683613497,41.0424543415764],[-74.1535433909727,41.0427054656619]]],"type":"Polygon"},"properties":{"CALC_ACRE":0.252,"DEED_DATE":"000824","NET_VALUE":634700.0,"PAMS_PIN":"0248_3504_9","PCLBLOCK":"3504","PCLLOT":"9","PROP_CLASS":"2","PROP_LOC":"42 TULIP ST","SALES_CODE":"","SALE_PRICE":321000.0,"YR_CONSTR":1956,"ZIP5":"07446"},"type":"Feature"},{"geometry":{"coordinates":[[[-74.1595035466945,41.0437914143472],[-74.1592086980587,41.0436181081053],[-74.1598202630193,41.043526351061],[-74.1598289605953,41.043550047205],[-74.1598401950281,41.0435731284522],[-74.1598538912606,41.0435954405982],[-74.1598699577888,41.0436168345773],[-74.1598882872729,41.043637167458],[-74.1599087572542,41.043656303398],[-74.1599312309733,41.0436741145518],[-74.1599555582842,41.0436904819249],[-74.1597197747767,41.0439185075143],[-74.1595035466945,41.0437914143472]]],"type":"Polygon"},"properties":{"CALC_ACRE":0.35500000000000004,"DEED_DATE":"210331","NET_VALUE":1249100.0,"PAMS_PIN":"0248_3509_22.02","PCLBLOCK":"3509","PCLLOT":"22.02","PROP_CLASS":"2","PROP_LOC":"7 SYCAMORE COURT","SALES_CODE":"","SALE_PRICE":1017500.0,"YR_CONSTR":1992,"ZIP5":"07446"},"type":"Feature"},{"geometry":{"coordinates":[[[-74.1587746671477,41.0429470512675],[-74.1588752092893,41.0426976293761],[-74.1590651814123,41.0427450847593],[-74.1592713654312,41.0427965503891],[-74.1591872453914,41.0429822500475],[-74.1591641648292,41.0429690629809],[-74.1591385866766,41.0429588273835],[-74.1591111684283,41.0429518063661],[-74.1590826148787,41.0429481804071],[-74.159053660006,41.0429480427135],[-74.159025048104,41.0429513968248],[-74.1589975146509,41.042958156522],[-74.1589717674025,41.0429681480439],[-74.1589508848925,41.0429749540995],[-74.1589284809927,41.0429779308253],[-74.1589057718854,41.0429769166321],[-74.1588839903212,41.0429719665747],[-74.1587746671477,41.0429470512675]]],"type":"Polygon"},"properties":{"CALC_ACRE":0.225,"DEED_DATE":"120618","NET_VALUE":627200.0,"PAMS_PIN":"0248_3509_11","PCLBLOCK":"3509","PCLLOT":"11","PROP_CLASS":"2","PROP_LOC":"13 SCHIERLOH CT","SALES_CODE":"","SALE_PRICE":460000.0,"YR_CONSTR":1959,"ZIP5":"07446"},"type":"Feature"},{"geometry":{"coordinates":[[[-74.1546640671374,41.0419345999509],[-74.1548466191762,41.0416313498887],[-74.1552500750282,41.0417587880287],[-74.1550158015886,41.04208718283],[-74.1548413398517,41.0420090483634],[-74.1546640671374,41.0419345999509]]],"type":"Polygon"},"properties":{"CALC_ACRE":0.343,"DEED_DATE":"030307","NET_VALUE":797700.0,"PAMS_PIN":"0248_3510_9","PCLBLOCK":"3510","PCLLOT":"9","PROP_CLASS":"2","PROP_LOC":"138 FOREST AVE","SALES_CODE":"","SALE_PRICE":380000.0,"YR_CONSTR":1956,"ZIP5":"07446"},"type":"Feature"},{"geometry":{"coordinates":[[[-74.1588752092893,41.0426976293761],[-74.1585319046287,41.0426118407537],[-74.1583286329479,41.0425617056467],[-74.1584911525558,41.0422506072293],[-74.1585106627706,41.0422531884301],[-74.158529765598,41.0422571395021],[-74.158548292349,41.0422624255546],[-74.1585660794217,41.0422689999085],[-74.158582969746,41.042276804508],[-74.1585988141705,41.0422857704336],[-74.1586134727799,41.0422958185106],[-74.15862681613,41.0423068600081],[-74.1586479457752,41.0423209895396],[-74.1586715246396,41.0423327093277],[-74.1586970735094,41.0423417811823],[-74.1587240731326,41.0423480207294],[-74.1587278164124,41.0423600001605],[-74.1590651814123,41.0427450847593],[-74.1588752092893,41.0426976293761]]],"type":"Polygon"},"properties":{"CALC_ACRE":0.387,"DEED_DATE":"920730","NET_VALUE":945100.0,"PAMS_PIN":"0248_3509_15","PCLBLOCK":"3509","PCLLOT":"15","PROP_CLASS":"2","PROP_LOC":"34 SKYTOP DRIVE","SALES_CODE":"","SALE_PRICE":255000.0,"YR_CONSTR":1955,"ZIP5":"07446"},"type":"Feature"},{"geometry":{"coordinates":[[[-74.1602129840036,41.0446039169432],[-74.1595684239227,41.0442622561503],[-74.1596821048236,41.0441516272102],[-74.1603016836548,41.044529599],[-74.1602129840036,41.0446039169432]]],"type":"Polygon"},"properties":{"CALC_ACRE":0.20400000000000001,"DEED_DATE":"100325","NET_VALUE":419200.0,"PAMS_PIN":"0248_3509_1","PCLBLOCK":"3509","PCLLOT":"1","PROP_CLASS":"2","PROP_LOC":"482 WYCKOFF AVE","SALES_CODE":"","SALE_PRICE":385000.0,"YR_CONSTR":1915,"ZIP5":"07446"},"type":"Feature"},{"geometry":{"coordinates":[[[-74.1594103141445,41.0433396874703],[-74.159462676044,41.0432096100537],[-74.1598727111572,41.043315302124],[-74.1598281628039,41.0434292428341],[-74.1598208503127,41.0434531234868],[-74.1598170727635,41.0434774665557],[-74.1598168762004,41.0435019753254],[-74.1598202630193,41.043526351061],[-74.1592086980587,41.0436181081053],[-74.1593594632111,41.043463854624],[-74.1594103141445,41.0433396874703]]],"type":"Polygon"},"properties":{"CALC_ACRE":0.336,"DEED_DATE":"230815","NET_VALUE":1000700.0,"PAMS_PIN":"0248_3509_22.03","PCLBLOCK":"3509","PCLLOT":"22.03","PROP_CLASS":"2","PROP_LOC":"9 SYCAMORE COURT","SALES_CODE":"","SALE_PRICE":1020000.0,"YR_CONSTR":1992,"ZIP5":"07446"},"type":"Feature"},{"geometry":{"coordinates":[[[-74.1524957855699,41.0464605828575],[-74.1524599616546,41.0464572279317],[-74.1525203715609,41.0460710078963],[-74.1525785437637,41.0460890630834],[-74.152888069973,41.0461852209293],[-74.1527202089823,41.0464900265242],[-74.1526646875159,41.0464803059995],[-74.152608724629,41.046472151371],[-74.1525523979396,41.0464655739493],[-74.1524957855699,41.0464605828575]]],"type":"Polygon"},"properties":{"CALC_ACRE":0.275,"DEED_DATE":"150623","NET_VALUE":1099100.0,"PAMS_PIN":"0248_3211_8","PCLBLOCK":"3211","PCLLOT":"8","PROP_CLASS":"2","PROP_LOC":"64 ALDER DRIVE","SALES_CODE":"","SALE_PRICE":350000.0,"YR_CONSTR":1951,"ZIP5":"07446"},"type":"Feature"},{"geometry":{"coordinates":[[[-74.1517475383455,41.045111441759],[-74.1520216035589,41.0446176798422],[-74.1523512151996,41.0447202341491],[-74.152086434973,41.0452153984028],[-74.1517475383455,41.045111441759]]],"type":"Polygon"},"properties":{"CALC_ACRE":0.49400000000000005,"DEED_DATE":"210527","NET_VALUE":963400.0,"PAMS_PIN":"0248_3501_16","PCLBLOCK":"3501","PCLLOT":"16","PROP_CLASS":"2","PROP_LOC":"134 PINE ST","SALES_CODE":"","SALE_PRICE":850000.0,"YR_CONSTR":1955,"ZIP5":"07446"},"type":"Feature"},{"geometry":{"coordinates":[[[-74.1541429247967,41.0470735022975],[-74.1539997836461,41.0474306553143],[-74.1536448817352,41.0473975590998],[-74.1536290773711,41.047395038716],[-74.1536143364013,41.0473900560577],[-74.1536013248667,41.0473828362557],[-74.1535906306673,41.0473737055214],[-74.1535827369988,41.047363076408],[-74.1535780005208,41.04735142917],[-74.1535766352415,41.0473392900638],[-74.1535787028482,41.0473272075704],[-74.1535971587357,41.0472286192361],[-74.1536058232392,41.0471977602455],[-74.1536167078673,41.0471673038395],[-74.1536297801787,41.047137340794],[-74.1536450012111,41.0471079604147],[-74.15370884897,41.0469959277703],[-74.1537161779283,41.0469858875296],[-74.1537261088246,41.0469772120855],[-74.1537382097195,41.0469702787726],[-74.153751954291,41.0469653891523],[-74.1537667447258,41.0469627558967],[-74.1537819377217,41.0469624935381],[-74.153796872467,41.0469646134877],[-74.1538108993829,41.0469690235392],[-74.1541429247967,41.0470735022975]]],"type":"Polygon"},"properties":{"CALC_ACRE":0.40900000000000003,"DEED_DATE":"110215","NET_VALUE":750200.0,"PAMS_PIN":"0248_3206_2","PCLBLOCK":"3206","PCLLOT":"2","PROP_CLASS":"2","PROP_LOC":"70 GARDEN ST","SALES_CODE":"","SALE_PRICE":1.0,"YR_CONSTR":1952,"ZIP5":"07446"},"type":"Feature"},{"geometry":{"coordinates":[[[-74.1538261446915,41.0421960157131],[-74.1540170456726,41.041850020414],[-74.1542902979107,41.0419432486927],[-74.1543010042132,41.0419490441198],[-74.1543103527475,41.0419560496151],[-74.1543181057154,41.0419640869798],[-74.1543240659053,41.0419729517678],[-74.1543280817083,41.0419824184857],[-74.1543300509746,41.0419922463291],[-74.1543299236122,41.0420021853077],[-74.1543277028608,41.0420119826045],[-74.1541715334436,41.0423140709786],[-74.1538261446915,41.0421960157131]]],"type":"Polygon"},"properties":{"CALC_ACRE":0.28300000000000003,"DEED_DATE":"220621","NET_VALUE":652600.0,"PAMS_PIN":"0248_3504_12","PCLBLOCK":"3504","PCLLOT":"12","PROP_CLASS":"2","PROP_LOC":"1 ROSEWOOD CT","SALES_CODE":"","SALE_PRICE":1.0,"YR_CONSTR":1956,"ZIP5":"07446"},"type":"Feature"},{"geometry":{"coordinates":[[[-74.1553003734976,41.0475113965398],[-74.1553495182896,41.0475084399406],[-74.1553988169987,41.047508088562],[-74.1554480271075,41.0475103441325],[-74.1554969065345,41.0475151955561],[-74.1555452148249,41.0475226189662],[-74.1555927143335,41.0475325778438],[-74.1556391713938,41.0475450231964],[-74.1556843574675,41.0475598937998],[-74.1558360236301,41.0476073951326],[-74.1557277083664,41.0478131961321],[-74.1555449110876,41.0477553505722],[-74.1554038225874,41.0479990503252],[-74.1553003734976,41.0475113965398]]],"type":"Polygon"},"properties":{"CALC_ACRE":0.306,"DEED_DATE":null,"NET_VALUE":914200.0,"PAMS_PIN":"0248_3205_6","PCLBLOCK":"3205","PCLLOT":"6","PROP_CLASS":"2","PROP_LOC":"17 MOMAR DR","SALES_CODE":"","SALE_PRICE":0.0,"YR_CONSTR":1951,"ZIP5":"07446"},"type":"Feature"},{"geometry":{"coordinates":[[[-74.1522265272415,41.0459797508752],[-74.1519475841761,41.045893132535],[-74.1519036951863,41.0458794464596],[-74.1521948301867,41.0453682202855],[-74.1525318726914,41.0454727334279],[-74.1522563899365,41.0459889343054],[-74.1522265272415,41.0459797508752]]],"type":"Polygon"},"properties":{"CALC_ACRE":0.459,"DEED_DATE":null,"NET_VALUE":904900.0,"PAMS_PIN":"0248_3211_23","PCLBLOCK":"3211","PCLLOT":"23","PROP_CLASS":"2","PROP_LOC":"119 PINE ST","SALES_CODE":"","SALE_PRICE":0.0,"YR_CONSTR":1942,"ZIP5":"07446"},"type":"Feature"},{"geometry":{"coordinates":[[[-74.1578938582319,41.0475930238066],[-74.157720768148,41.0475422441481],[-74.1570961264118,41.0473591195857],[-74.1570521619635,41.0473462298541],[-74.1572474197736,41.0471864074061],[-74.157377134704,41.0470804288805],[-74.1584121008108,41.0474194050964],[-74.1583984275539,41.047740855978],[-74.1578938582319,41.0475930238066]]],"type":"Polygon"},"properties":{"CALC_ACRE":1.01,"DEED_DATE":"050602","NET_VALUE":979700.0,"PAMS_PIN":"0248_3101_35","PCLBLOCK":"3101","PCLLOT":"35","PROP_CLASS":"2","PROP_LOC":"377 WYCKOFF AVE","SALES_CODE":"","SALE_PRICE":779900.0,"YR_CONSTR":1930,"ZIP5":"07446"},"type":"Feature"},{"geometry":{"coordinates":[[[-74.1530716110569,41.0470419871488],[-74.1532143237111,41.0467808677277],[-74.1535001245154,41.0468711297677],[-74.1535137445301,41.046875882689],[-74.1535257522037,41.0468826718288],[-74.1535356202895,41.0468911990812],[-74.1535429154885,41.0469010900214],[-74.1535473174748,41.0469119103462],[-74.153548632961,41.0469231849442],[-74.1535468041852,41.0469344187575],[-74.1535419114475,41.0469451185191],[-74.1534802690527,41.0470564439579],[-74.1534632765661,41.0470885228754],[-74.1534483096898,41.047121170642],[-74.1530716110569,41.0470419871488]]],"type":"Polygon"},"properties":{"CALC_ACRE":0.264,"DEED_DATE":"960112","NET_VALUE":1007500.0,"PAMS_PIN":"0248_3207_16","PCLBLOCK":"3207","PCLLOT":"16","PROP_CLASS":"2","PROP_LOC":"45 ALDER DR","SALES_CODE":"","SALE_PRICE":243000.0,"YR_CONSTR":1951,"ZIP5":"07446"},"type":"Feature"},{"geometry":{"coordinates":[[[-74.1597995577503,41.0451475296198],[-74.1602944782679,41.04540694619],[-74.1600569223843,41.0455910212948],[-74.1595657361633,41.0453259984546],[-74.1597995577503,41.0451475296198]]],"type":"Polygon"},"properties":{"CALC_ACRE":0.35400000000000004,"DEED_DATE":null,"NET_VALUE":572600.0,"PAMS_PIN":"0248_3101_63","PCLBLOCK":"3101","PCLLOT":"63","PROP_CLASS":"2","PROP_LOC":"455 WYCKOFF AVE","SALES_CODE":"","SALE_PRICE":0.0,"YR_CONSTR":1925,"ZIP5":"07446"},"type":"Feature"},{"geometry":{"coordinates":[[[-74.1593990573556,41.043333893309],[-74.159191198877,41.0431846399572],[-74.159204190479,41.0431743467339],[-74.1592157040249,41.0431630971175],[-74.1592256165234,41.0431510112793],[-74.1592338220863,41.0431382183236],[-74.1592402330591,41.0431248549081],[-74.1592447809581,41.0431110637846],[-74.159247417201,41.0430969922739],[-74.1592481136268,41.043082790692],[-74.1592468627961,41.0430686107445],[-74.1592436780705,41.043054603906],[-74.1592385934703,41.0430409198019],[-74.1592316633108,41.0430277046102],[-74.159222961622,41.0430150995],[-74.159212581358,41.0430032391232],[-74.1592006334039,41.0429922501765],[-74.1591872453914,41.0429822500475],[-74.1592713654312,41.0427965503891],[-74.1595963058324,41.0428783840522],[-74.159462676044,41.0432096100537],[-74.1594103141445,41.0433396874703],[-74.1593990573556,41.043333893309]]],"type":"Polygon"},"properties":{"CALC_ACRE":0.35500000000000004,"DEED_DATE":null,"NET_VALUE":933100.0,"PAMS_PIN":"0248_3509_10","PCLBLOCK":"3509","PCLLOT":"10","PROP_CLASS":"2","PROP_LOC":"15 SCHIERLOH CT","SALES_CODE":"","SALE_PRICE":0.0,"YR_CONSTR":1952,"ZIP5":"07446"},"type":"Feature"},{"geometry":{"coordinates":[[[-74.153683613497,41.0424543415764],[-74.153327671337,41.0423356747516],[-74.1534774968517,41.0420789507907],[-74.1538261446915,41.0421960157131],[-74.153683613497,41.0424543415764]]],"type":"Polygon"},"properties":{"CALC_ACRE":0.248,"DEED_DATE":null,"NET_VALUE":704700.0,"PAMS_PIN":"0248_3504_10","PCLBLOCK":"3504","PCLLOT":"10","PROP_CLASS":"2","PROP_LOC":"50 TULIP ST","SALES_CODE":"","SALE_PRICE":0.0,"YR_CONSTR":1956,"ZIP5":"07446"},"type":"Feature"},{"geometry":{"coordinates":[[[-74.1573301267635,41.0478860788636],[-74.1571808824588,41.0477811583265],[-74.1568615673079,41.047556557222],[-74.1570961264118,41.0473591195857],[-74.157720768148,41.0475422441481],[-74.1573301267635,41.0478860788636]]],"type":"Polygon"},"properties":{"CALC_ACRE":0.524,"DEED_DATE":"960116","NET_VALUE":694300.0,"PAMS_PIN":"0248_3101_34","PCLBLOCK":"3101","PCLLOT":"34","PROP_CLASS":"2","PROP_LOC":"369 WYCKOFF AVE","SALES_CODE":"","SALE_PRICE":315000.0,"YR_CONSTR":1914,"ZIP5":"07446"},"type":"Feature"},{"geometry":{"coordinates":[[[-74.1519745569909,41.0437624640602],[-74.1521489092077,41.0434546125746],[-74.1524236194115,41.0435456264806],[-74.1522820494143,41.0437882598302],[-74.1522736268425,41.0437998409144],[-74.1522624347509,41.0438100006798],[-74.1522488826064,41.0438183674286],[-74.1522334662192,41.0438246350606],[-74.1522167496038,41.0438285742728],[-74.1521993443437,41.0438300409482],[-74.1521818872169,41.043828981428],[-74.1521650168991,41.043825434475],[-74.1519745569909,41.0437624640602]]],"type":"Polygon"},"properties":{"CALC_ACRE":0.23,"DEED_DATE":"180820","NET_VALUE":1004000.0,"PAMS_PIN":"0248_3505_1","PCLBLOCK":"3505","PCLLOT":"1","PROP_CLASS":"2","PROP_LOC":"150 SNYDER AVE","SALES_CODE":"","SALE_PRICE":819000.0,"YR_CONSTR":2007,"ZIP5":"07446"},"type":"Feature"},{"geometry":{"coordinates":[[[-74.1521047704862,41.0434399889817],[-74.1522481892163,41.0431887491326],[-74.1525694806608,41.0432956350295],[-74.1524236194115,41.0435456264806],[-74.1521489092077,41.0434546125746],[-74.1521047704862,41.0434399889817]]],"type":"Polygon"},"properties":{"CALC_ACRE":0.23,"DEED_DATE":"941212","NET_VALUE":656100.0,"PAMS_PIN":"0248_3505_16","PCLBLOCK":"3505","PCLLOT":"16","PROP_CLASS":"2","PROP_LOC":"9 TULIP ST","SALES_CODE":"","SALE_PRICE":230000.0,"YR_CONSTR":1956,"ZIP5":"07446"},"type":"Feature"},{"geometry":{"coordinates":[[[-74.1557277083664,41.0478131961321],[-74.1558360236301,41.0476073951326],[-74.1562028192354,41.0477222734903],[-74.1562172890397,41.0477285818793],[-74.156229775637,41.0477369605321],[-74.156239766377,41.0477470654537],[-74.1562468510795,41.0477584817755],[-74.1562507388746,41.0477707407878],[-74.156251270145,41.0477833391839],[-74.1562484230788,41.0477957597236],[-74.1562423145652,41.0478074924689],[-74.1560930792436,41.0479285415875],[-74.1557277083664,41.0478131961321]]],"type":"Polygon"},"properties":{"CALC_ACRE":0.227,"DEED_DATE":"220309","NET_VALUE":908900.0,"PAMS_PIN":"0248_3205_7","PCLBLOCK":"3205","PCLLOT":"7","PROP_CLASS":"2","PROP_LOC":"5 MOMAR DR","SALES_CODE":"","SALE_PRICE":749999.0,"YR_CONSTR":1951,"ZIP5":"07446"},"type":"Feature"},{"geometry":{"coordinates":[[[-74.1522481892163,41.0431887491326],[-74.1523925278212,41.0429356552926],[-74.1527174502561,41.0430420273597],[-74.1525694806608,41.0432956350295],[-74.1522481892163,41.0431887491326]]],"type":"Polygon"},"properties":{"CALC_ACRE":0.23,"DEED_DATE":"210703","NET_VALUE":770900.0,"PAMS_PIN":"0248_3505_15","PCLBLOCK":"3505","PCLLOT":"15","PROP_CLASS":"2","PROP_LOC":"17 TULIP ST","SALES_CODE":"","SALE_PRICE":490000.0,"YR_CONSTR":1953,"ZIP5":"07446"},"type":"Feature"},{"geometry":{"coordinates":[[[-74.1598449127907,41.0439920585237],[-74.1601047370119,41.0441444658994],[-74.1604614121972,41.0443536835759],[-74.1604909568885,41.0443710136204],[-74.1603016836548,41.044529599],[-74.1596821048236,41.0441516272102],[-74.1598449127907,41.0439920585237]]],"type":"Polygon"},"properties":{"CALC_ACRE":0.799,"DEED_DATE":"240821","NET_VALUE":384000.0,"PAMS_PIN":"0248_3509_23.01","PCLBLOCK":"3509","PCLLOT":"23.01","PROP_CLASS":"2","PROP_LOC":"486 WYCKOFF AVE","SALES_CODE":"","SALE_PRICE":430000.0,"YR_CONSTR":1920,"ZIP5":"07446"},"type":"Feature"},{"geometry":{"coordinates":[[[-74.1551245408571,41.0479708870811],[-74.1549879843575,41.0475616220454],[-74.155249621379,41.0475172303045],[-74.1553003734976,41.0475113965398],[-74.1554038225874,41.0479990503252],[-74.1551245408571,41.0479708870811]]],"type":"Polygon"},"properties":{"CALC_ACRE":0.365,"DEED_DATE":"140110","NET_VALUE":1193600.0,"PAMS_PIN":"0248_3205_5","PCLBLOCK":"3205","PCLLOT":"5","PROP_CLASS":"2","PROP_LOC":"27 MOMAR DR","SALES_CODE":"","SALE_PRICE":797500.0,"YR_CONSTR":2014,"ZIP5":"07446"},"type":"Feature"},{"geometry":{"coordinates":[[[-74.1527174502561,41.0430420273597],[-74.1523925278212,41.0429356552926],[-74.1525361477739,41.0426899346928],[-74.1528605887118,41.04279669809],[-74.1527174502561,41.0430420273597]]],"type":"Polygon"},"properties":{"CALC_ACRE":0.23,"DEED_DATE":"210712","NET_VALUE":664100.0,"PAMS_PIN":"0248_3505_14","PCLBLOCK":"3505","PCLLOT":"14","PROP_CLASS":"2","PROP_LOC":"25 TULIP ST","SALES_CODE":"","SALE_PRICE":580000.0,"YR_CONSTR":1956,"ZIP5":"07446"},"type":"Feature"},{"geometry":{"coordinates":[[[-74.152791361841,41.0469872756277],[-74.1529539272631,41.0466986276831],[-74.1532143237111,41.0467808677277],[-74.1530716110569,41.0470419871488],[-74.152791361841,41.0469872756277]]],"type":"Polygon"},"properties":{"CALC_ACRE":0.21100000000000002,"DEED_DATE":"220926","NET_VALUE":842700.0,"PAMS_PIN":"0248_3207_15","PCLBLOCK":"3207","PCLLOT":"15","PROP_CLASS":"2","PROP_LOC":"51 ALDER DR","SALES_CODE":"","SALE_PRICE":10.0,"YR_CONSTR":1951,"ZIP5":"07446"},"type":"Feature"},{"geometry":{"coordinates":[[[-74.1516745753815,41.0445095819962],[-74.1515711882755,41.044477531742],[-74.1517983829906,41.0438542566837],[-74.1521628959767,41.0439741402967],[-74.1520216035589,41.0446176798422],[-74.1516745753815,41.0445095819962]]],"type":"Polygon"},"properties":{"CALC_ACRE":0.5780000000000001,"DEED_DATE":"160628","NET_VALUE":736500.0,"PAMS_PIN":"0248_3501_32","PCLBLOCK":"3501","PCLLOT":"32","PROP_CLASS":"2","PROP_LOC":"149 SNYDER AVE","SALES_CODE":"","SALE_PRICE":537500.0,"YR_CONSTR":1968,"ZIP5":"07446"},"type":"Feature"},{"geometry":{"coordinates":[[[-74.1598449127907,41.0439920585237],[-74.1597197747767,41.0439185075143],[-74.1599555582842,41.0436904819249],[-74.1603384642758,41.0439179946353],[-74.1601047370119,41.0441444658994],[-74.1598449127907,41.0439920585237]]],"type":"Polygon"},"properties":{"CALC_ACRE":0.337,"DEED_DATE":"191105","NET_VALUE":1154200.0,"PAMS_PIN":"0248_3509_22.01","PCLBLOCK":"3509","PCLLOT":"22.01","PROP_CLASS":"2","PROP_LOC":"5 SYCAMORE COURT","SALES_CODE":"","SALE_PRICE":759000.0,"YR_CONSTR":1991,"ZIP5":"07446"},"type":"Feature"},{"geometry":{"coordinates":[[[-74.1597254566208,41.0461919362284],[-74.1594720167264,41.0460631435566],[-74.1595874709016,41.0459718418099],[-74.1597762410788,41.0458225592111],[-74.1599613703841,41.0456761556365],[-74.1601727933778,41.0457900651591],[-74.1597254566208,41.0461919362284]]],"type":"Polygon"},"properties":{"CALC_ACRE":0.336,"DEED_DATE":"171219","NET_VALUE":528600.0,"PAMS_PIN":"0248_3101_46","PCLBLOCK":"3101","PCLLOT":"46","PROP_CLASS":"2","PROP_LOC":"18 W CEDAR PLACE","SALES_CODE":"","SALE_PRICE":380000.0,"YR_CONSTR":1925,"ZIP5":"07446"},"type":"Feature"},{"geometry":{"coordinates":[[[-74.1571808824588,41.0477811583265],[-74.1568880128116,41.0480172025394],[-74.1565430795054,41.047762275051],[-74.1568257272231,41.0475313475927],[-74.1568615673079,41.047556557222],[-74.1571808824588,41.0477811583265]]],"type":"Polygon"},"properties":{"CALC_ACRE":0.321,"DEED_DATE":"010315","NET_VALUE":829200.0,"PAMS_PIN":"0248_3101_33","PCLBLOCK":"3101","PCLLOT":"33","PROP_CLASS":"2","PROP_LOC":"359 WYCKOFF AVE","SALES_CODE":"","SALE_PRICE":290000.0,"YR_CONSTR":1965,"ZIP5":"07446"},"type":"Feature"},{"geometry":{"coordinates":[[[-74.1522265272415,41.0459797508752],[-74.1522563899365,41.0459889343054],[-74.1525203715609,41.0460710078963],[-74.1524599616546,41.0464572279317],[-74.1521544392366,41.0464286087548],[-74.1522265272415,41.0459797508752]]],"type":"Polygon"},"properties":{"CALC_ACRE":0.275,"DEED_DATE":"081124","NET_VALUE":779600.0,"PAMS_PIN":"0248_3211_9","PCLBLOCK":"3211","PCLLOT":"9","PROP_CLASS":"2","PROP_LOC":"70 ALDER DRIVE","SALES_CODE":"","SALE_PRICE":1.0,"YR_CONSTR":1951,"ZIP5":"07446"},"type":"Feature"},{"geometry":{"coordinates":[[[-74.1550663524846,41.0479651028122],[-74.1546272919063,41.0479270795988],[-74.1546712159305,41.0476527014063],[-74.1546764682813,41.0476375603913],[-74.1546870458417,41.0476240954343],[-74.1547021307871,41.047613347606],[-74.1547205567958,41.047606147897],[-74.1549879843575,41.0475616220454],[-74.1551245408571,41.0479708870811],[-74.1550663524846,41.0479651028122]]],"type":"Polygon"},"properties":{"CALC_ACRE":0.268,"DEED_DATE":"950108","NET_VALUE":874000.0,"PAMS_PIN":"0248_3205_4","PCLBLOCK":"3205","PCLLOT":"4","PROP_CLASS":"2","PROP_LOC":"33 MOMAR DRIVE","SALES_CODE":"","SALE_PRICE":290000.0,"YR_CONSTR":1951,"ZIP5":"07446"},"type":"Feature"},{"geometry":{"coordinates":[[[-74.1525361477739,41.0426899346928],[-74.1526849977181,41.0424351105542],[-74.1530084927301,41.0425431996122],[-74.1528605887118,41.04279669809],[-74.1525361477739,41.0426899346928]]],"type":"Polygon"},"properties":{"CALC_ACRE":0.23,"DEED_DATE":"081201","NET_VALUE":665500.0,"PAMS_PIN":"0248_3505_13","PCLBLOCK":"3505","PCLLOT":"13","PROP_CLASS":"2","PROP_LOC":"33 TULIP ST","SALES_CODE":"","SALE_PRICE":520000.0,"YR_CONSTR":1956,"ZIP5":"07446"},"type":"Feature"},{"geometry":{"coordinates":[[[-74.1516709048653,41.045807205804],[-74.1515987970974,41.0457847603657],[-74.1518747245184,41.0452828599376],[-74.1518812543722,41.0452709819862],[-74.1521948301867,41.0453682202855],[-74.1519036951863,41.0458794464596],[-74.1516709048653,41.045807205804]]],"type":"Polygon"},"properties":{"CALC_ACRE":0.459,"DEED_DATE":null,"NET_VALUE":617600.0,"PAMS_PIN":"0248_3211_22","PCLBLOCK":"3211","PCLLOT":"22","PROP_CLASS":"2","PROP_LOC":"123 PINE ST","SALES_CODE":"","SALE_PRICE":0.0,"YR_CONSTR":1965,"ZIP5":"07446"},"type":"Feature"},{"geometry":{"coordinates":[[[-74.1534774968517,41.0420789507907],[-74.1536500308784,41.0417833135243],[-74.1536569719676,41.0417742416262],[-74.1536661302946,41.0417663680606],[-74.153677152519,41.0417599966007],[-74.1536896133887,41.0417553730662],[-74.1537030321467,41.0417526758398],[-74.1537168910797,41.0417520089841],[-74.1537306554914,41.0417533982274],[-74.1537437943328,41.0417567899707],[-74.1540170456726,41.041850020414],[-74.1538261446915,41.0421960157131],[-74.1534774968517,41.0420789507907]]],"type":"Polygon"},"properties":{"CALC_ACRE":0.278,"DEED_DATE":"190228","NET_VALUE":724000.0,"PAMS_PIN":"0248_3504_11","PCLBLOCK":"3504","PCLLOT":"11","PROP_CLASS":"2","PROP_LOC":"58 TULIP ST","SALES_CODE":"","SALE_PRICE":430000.0,"YR_CONSTR":1956,"ZIP5":"07446"},"type":"Feature"},{"geometry":{"coordinates":[[[-74.1559410555515,41.0480531506022],[-74.1554980414876,41.0480085959218],[-74.1554038225874,41.0479990503252],[-74.1555449110876,41.0477553505722],[-74.1557277083664,41.0478131961321],[-74.1560930792436,41.0479285415875],[-74.1559410555515,41.0480531506022]]],"type":"Polygon"},"properties":{"CALC_ACRE":0.228,"DEED_DATE":"040106","NET_VALUE":769900.0,"PAMS_PIN":"0248_3205_8","PCLBLOCK":"3205","PCLLOT":"8","PROP_CLASS":"2","PROP_LOC":"330 WYCKOFF AVE","SALES_CODE":"","SALE_PRICE":570000.0,"YR_CONSTR":1994,"ZIP5":"07446"},"type":"Feature"},{"geometry":{"coordinates":[[[-74.1514131674305,41.0450086997158],[-74.1516745753815,41.0445095819962],[-74.1520216035589,41.0446176798422],[-74.1517475383455,41.045111441759],[-74.1514131674305,41.0450086997158]]],"type":"Polygon"},"properties":{"CALC_ACRE":0.49400000000000005,"DEED_DATE":null,"NET_VALUE":760900.0,"PAMS_PIN":"0248_3501_17","PCLBLOCK":"3501","PCLLOT":"17","PROP_CLASS":"2","PROP_LOC":"140 PINE STREET","SALES_CODE":"","SALE_PRICE":0.0,"YR_CONSTR":1955,"ZIP5":"07446"},"type":"Feature"},{"geometry":{"coordinates":[[[-74.159462676044,41.0432096100537],[-74.1595963058324,41.0428783840522],[-74.1599371760586,41.0429623077783],[-74.1599373636726,41.0429767662789],[-74.1599398440025,41.0429911039434],[-74.1599445814007,41.0430051147094],[-74.1599515077806,41.0430185972127],[-74.1599575155367,41.0430364076379],[-74.1599591151274,41.0430547457645],[-74.1599562528822,41.0430729962982],[-74.1599490248372,41.0430905468842],[-74.1598727111572,41.043315302124],[-74.159462676044,41.0432096100537]]],"type":"Polygon"},"properties":{"CALC_ACRE":0.323,"DEED_DATE":"230511","NET_VALUE":1036800.0,"PAMS_PIN":"0248_3509_22.04","PCLBLOCK":"3509","PCLLOT":"22.04","PROP_CLASS":"2","PROP_LOC":"11 SYCAMORE COURT","SALES_CODE":"","SALE_PRICE":1085000.0,"YR_CONSTR":1992,"ZIP5":"07446"},"type":"Feature"},{"geometry":{"coordinates":[[[-74.1543628485479,41.0418189065756],[-74.1546444748811,41.041339567857],[-74.1549667158449,41.0414073450338],[-74.1549798078918,41.0414100985606],[-74.1548466191762,41.0416313498887],[-74.1546640671374,41.0419345999509],[-74.1546517916591,41.041929622774],[-74.1545081349734,41.0418730549444],[-74.1543628485479,41.0418189065756]]],"type":"Polygon"},"properties":{"CALC_ACRE":0.386,"DEED_DATE":"231101","NET_VALUE":639400.0,"PAMS_PIN":"0248_3510_10","PCLBLOCK":"3510","PCLLOT":"10","PROP_CLASS":"2","PROP_LOC":"144 FOREST AVE","SALES_CODE":"","SALE_PRICE":1.0,"YR_CONSTR":1967,"ZIP5":"07446"},"type":"Feature"},{"geometry":{"coordinates":[[[-74.1525042369201,41.0469312070603],[-74.1526622011712,41.0466215601519],[-74.1527442786958,41.0466381995335],[-74.1528251340041,41.0466579513762],[-74.1529539272631,41.0466986276831],[-74.152791361841,41.0469872756277],[-74.1525042369201,41.0469312070603]]],"type":"Polygon"},"properties":{"CALC_ACRE":0.23,"DEED_DATE":"180824","NET_VALUE":929200.0,"PAMS_PIN":"0248_3207_14","PCLBLOCK":"3207","PCLLOT":"14","PROP_CLASS":"2","PROP_LOC":"57 ALDER DRIVE","SALES_CODE":"","SALE_PRICE":757000.0,"YR_CONSTR":1951,"ZIP5":"07446"},"type":"Feature"},{"geometry":{"coordinates":[[[-74.159988867815,41.0450013657348],[-74.1601689072659,41.0448548736124],[-74.1604988027742,41.0450428079673],[-74.1605778706889,41.0450897413369],[-74.1604102693114,41.0452282140266],[-74.159988867815,41.0450013657348]]],"type":"Polygon"},"properties":{"CALC_ACRE":0.269,"DEED_DATE":"100127","NET_VALUE":897000.0,"PAMS_PIN":"0248_3101_65","PCLBLOCK":"3101","PCLLOT":"65","PROP_CLASS":"2","PROP_LOC":"469 WYCKOFF AVE","SALES_CODE":"","SALE_PRICE":0.0,"YR_CONSTR":1958,"ZIP5":"07446"},"type":"Feature"},{"geometry":{"coordinates":[[[-74.1530110619118,41.0473380973848],[-74.1530716110569,41.0470419871488],[-74.1534483096898,41.047121170642],[-74.1534340882923,41.0471580396258],[-74.1534224480911,41.0471954199427],[-74.1533997198161,41.0473162493287],[-74.1533967575105,41.0473285772526],[-74.1533901928641,41.0473400862885],[-74.1533803625975,41.0473501861035],[-74.1533677709347,41.0473583586486],[-74.1533530637402,41.0473641847299],[-74.1533369953903,41.0473673655108],[-74.1533203900794,41.0473677378397],[-74.153304099544,41.047365282619],[-74.1530110619118,41.0473380973848]]],"type":"Polygon"},"properties":{"CALC_ACRE":0.23600000000000002,"DEED_DATE":"960308","NET_VALUE":545000.0,"PAMS_PIN":"0248_3207_1","PCLBLOCK":"3207","PCLLOT":"1","PROP_CLASS":"2","PROP_LOC":"68 MOMAR DR","SALES_CODE":"","SALE_PRICE":185000.0,"YR_CONSTR":1951,"ZIP5":"07446"},"type":"Feature"},{"geometry":{"coordinates":[[[-74.1592713654312,41.0427965503891],[-74.1590651814123,41.0427450847593],[-74.1587278164124,41.0423600001605],[-74.1587240731326,41.0423480207294],[-74.1587575138655,41.0423510777148],[-74.158791137781,41.0423495425473],[-74.1588238453985,41.0423434654256],[-74.1588545671998,41.0423330450664],[-74.1588822986016,41.0423186222069],[-74.1589061328048,41.042300668463],[-74.1589252904461,41.0422797709079],[-74.158939145083,41.0422566128759],[-74.1597719318604,41.0424277708662],[-74.1595963058324,41.0428783840522],[-74.1592713654312,41.0427965503891]]],"type":"Polygon"},"properties":{"CALC_ACRE":0.5840000000000001,"DEED_DATE":"200701","NET_VALUE":770800.0,"PAMS_PIN":"0248_3509_16","PCLBLOCK":"3509","PCLLOT":"16","PROP_CLASS":"2","PROP_LOC":"38 SKYTOP DR","SALES_CODE":"","SALE_PRICE":585000.0,"YR_CONSTR":1963,"ZIP5":"07446"},"type":"Feature"},{"geometry":{"coordinates":[[[-74.1526849977181,41.0424351105542],[-74.1528329322791,41.0421818281719],[-74.1531566653446,41.0422892380813],[-74.1530084927301,41.0425431996122],[-74.1526849977181,41.0424351105542]]],"type":"Polygon"},"properties":{"CALC_ACRE":0.23,"DEED_DATE":null,"NET_VALUE":637100.0,"PAMS_PIN":"0248_3505_12","PCLBLOCK":"3505","PCLLOT":"12","PROP_CLASS":"2","PROP_LOC":"41 TULIP STREET","SALES_CODE":"","SALE_PRICE":0.0,"YR_CONSTR":1956,"ZIP5":"07446"},"type":"Feature"},{"geometry":{"coordinates":[[[-74.1561577911818,41.0480778153437],[-74.1565430795054,41.047762275051],[-74.1568880128116,41.0480172025394],[-74.1567400989119,41.0481361639816],[-74.1561577911818,41.0480778153437]]],"type":"Polygon"},"properties":{"CALC_ACRE":0.405,"DEED_DATE":null,"NET_VALUE":717600.0,"PAMS_PIN":"0248_3101_32","PCLBLOCK":"3101","PCLLOT":"32","PROP_CLASS":"2","PROP_LOC":"349 WYCKOFF AVE","SALES_CODE":"","SALE_PRICE":0.0,"YR_CONSTR":1965,"ZIP5":"07446"},"type":"Feature"},{"geometry":{"coordinates":[[[-74.151767105449,41.0433216030729],[-74.1521047704862,41.0434399889817],[-74.1521489092077,41.0434546125746],[-74.1519745569909,41.0437624640602],[-74.1517510202155,41.04368855642],[-74.1517196839232,41.0436759069015],[-74.1516923312906,41.0436587896185],[-74.1516700657375,41.0436378950882],[-74.1516537854685,41.0436140662041],[-74.1516441472383,41.0435882642335],[-74.1516415398584,41.0435615300403],[-74.1516460685118,41.0435349420956],[-74.1516575505102,41.0435095729723],[-74.151767105449,41.0433216030729]]],"type":"Polygon"},"properties":{"CALC_ACRE":0.333,"DEED_DATE":"110504","NET_VALUE":1046100.0,"PAMS_PIN":"0248_3505_2","PCLBLOCK":"3505","PCLLOT":"2","PROP_CLASS":"2","PROP_LOC":"2 HIGHWOOD RD","SALES_CODE":"","SALE_PRICE":380000.0,"YR_CONSTR":1956,"ZIP5":"07446"},"type":"Feature"},{"geometry":{"coordinates":[[[-74.1518730428722,41.046402249671],[-74.1519475841761,41.045893132535],[-74.1522265272415,41.0459797508752],[-74.1521544392366,41.0464286087548],[-74.1518730428722,41.046402249671]]],"type":"Polygon"},"properties":{"CALC_ACRE":0.312,"DEED_DATE":"200619","NET_VALUE":1002700.0,"PAMS_PIN":"0248_3211_10","PCLBLOCK":"3211","PCLLOT":"10","PROP_CLASS":"2","PROP_LOC":"76 ALDER DRIVE","SALES_CODE":"","SALE_PRICE":715000.0,"YR_CONSTR":1951,"ZIP5":"07446"},"type":"Feature"},{"geometry":{"coordinates":[[[-74.1541036630289,41.0479257395553],[-74.1541626841397,41.047584688802],[-74.1544129484897,41.0476082345268],[-74.1544281868753,41.0476089958283],[-74.154442862179,41.0476121832652],[-74.1544563032632,41.0476176510681],[-74.1544678954341,41.0476251491802],[-74.1544771085536,41.0476343346941],[-74.1544835212831,41.0476447875331],[-74.1544868403528,41.0476560296628],[-74.1544869139735,41.0476675469528],[-74.1544543796889,41.0478704549481],[-74.1543554221755,41.0479506245236],[-74.1541036630289,41.0479257395553]]],"type":"Polygon"},"properties":{"CALC_ACRE":0.267,"DEED_DATE":"030522","NET_VALUE":639400.0,"PAMS_PIN":"0248_3203_8","PCLBLOCK":"3203","PCLLOT":"8","PROP_CLASS":"2","PROP_LOC":"45 MOMAR DR","SALES_CODE":"","SALE_PRICE":1.0,"YR_CONSTR":1951,"ZIP5":"07446"},"type":"Feature"},{"geometry":{"coordinates":[[[-74.1573301267635,41.0478860788636],[-74.157720768148,41.0475422441481],[-74.1578938582319,41.0475930238066],[-74.1578180934225,41.047905369943],[-74.157814516331,41.0479050163015],[-74.1578113443798,41.0479048354158],[-74.1578081742251,41.0479044838068],[-74.1578050022738,41.0479043008888],[-74.1578018303226,41.0479042914041],[-74.1577986583713,41.047904111196],[-74.15779548642,41.0479041017113],[-74.1577923135705,41.0479040922267],[-74.1577891407209,41.0479040827421],[-74.1577859678713,41.0479042446584],[-74.1577827941234,41.0479044079297],[-74.1577796212738,41.047904569846],[-74.1577764475259,41.0479047317623],[-74.1577732746763,41.0479048943561],[-74.1577701000301,41.0479052276734],[-74.1577671517593,41.0479055623456],[-74.1577639780114,41.0479058956629],[-74.1577608024669,41.0479064003812],[-74.157757628719,41.0479067343759],[-74.1577544531745,41.0479072397716],[-74.1577515049037,41.0479077451673],[-74.1577483293592,41.047908421964],[-74.1577453801901,41.0479089287146],[-74.1577422037473,41.0479096055113],[-74.1577392554765,41.0479102829853],[-74.1577360781354,41.0479111305055],[-74.157733128068,41.047911808657],[-74.1577301771023,41.0479126575321],[-74.1577272279332,41.0479135064071],[-74.1577242778658,41.0479143552821],[-74.1577213260017,41.0479153762355],[-74.1577183759344,41.0479163958339],[-74.1577154240703,41.0479174174648],[-74.1577126994801,41.0479184384181],[-74.1577097485144,41.047919458694],[-74.1577070221275,41.0479206510483],[-74.1577042966389,41.0479218447574],[-74.1577013447749,41.0479230364342],[-74.1576986192863,41.0479242294658],[-74.1576958937978,41.04792542182],[-74.1576933946846,41.04792678693],[-74.1576906682977,41.04792815204],[-74.1576881682863,41.047929515795],[-74.1576854418994,41.0479308815823],[-74.157682941888,41.0479324174156],[-74.1576804418765,41.0479337825255],[-74.1576779418651,41.0479353183587],[-74.157675440057,41.0479368555469],[-74.1576731664211,41.0479383934124],[-74.1576706655113,41.0479401006464],[-74.1576683900787,41.0479416378345],[-74.1576661164427,41.0479433471008],[-74.1576638401118,41.0479450556896],[-74.1576615664758,41.0479467642784],[-74.1576595174186,41.0479484742221],[-74.157657241986,41.0479503548891],[-74.1576551929289,41.0479520634777],[-74.1576531438717,41.0479539448221],[-74.1576510939162,41.0479558254889],[-74.1576492730311,41.0479577075106],[-74.1576472230757,41.0479595881774],[-74.1576453994956,41.0479616409224],[-74.1576435768139,41.0479635236214],[-74.1576417532339,41.0479655763662],[-74.1576401569276,41.047967630466],[-74.1576383342459,41.0479695118099],[-74.1576367370413,41.0479715652321],[-74.1576351398368,41.0479737914098],[-74.1576335426322,41.0479758455093],[-74.1576321718031,41.0479778996087],[-74.1576305745985,41.0479801251088],[-74.1576292037694,41.0479821805631],[-74.1576278320419,41.047984406063],[-74.1576264612128,41.0479866315629],[-74.1576253167591,41.0479888590952],[-74.1576241714072,41.0479910852724],[-74.1576230278518,41.0479933128044],[-74.1576218842964,41.047995539659],[-74.1576207389444,41.0479977665135],[-74.1576198199679,41.048000165446],[-74.1576189018897,41.0480023923003],[-74.1576179829132,41.0480047912328],[-74.1576170648349,41.0480070194419],[-74.1576163722339,41.0480094190516],[-74.1576156805311,41.0480118186612],[-74.1576149888283,41.0480140461926],[-74.1576142971255,41.048016445802],[-74.1576138308999,41.0480188474438],[-74.1576133655726,41.0480212477306],[-74.1576129002453,41.0480236480172],[-74.1576124340197,41.0480260483038],[-74.1576121959661,41.0480284492678],[-74.1576117288421,41.0480308495542],[-74.1576114907886,41.048033250518],[-74.1576114782122,41.0480356521591],[-74.157611238362,41.0480380524453],[-74.1576112257856,41.0480404554412],[-74.1576112132092,41.0480428570821],[-74.1576112006328,41.048045258723],[-74.1576114153301,41.0480476603637],[-74.1576116291291,41.0480500633593],[-74.1576118438265,41.0480524656773],[-74.1576120585239,41.0480548679953],[-74.1576122723229,41.0480572696356],[-74.1576127133957,41.0480596739858],[-74.1576131544685,41.048061904903],[-74.1576135955413,41.048064307898],[-74.1576142620913,41.0480667115705],[-74.157614703164,41.0480691145654],[-74.1576153706123,41.0480715182377],[-74.1576160389589,41.0480737511868],[-74.1576169336809,41.0480761555364],[-74.1576176011292,41.0480783871304],[-74.1576184958512,41.0480807921573],[-74.1576193905732,41.0480830251062],[-74.1576205098741,41.0480854287779],[-74.1576214063927,41.0480876624041],[-74.1576225274902,41.0480898960302],[-74.1576236476893,41.0480921296561],[-74.157624096847,41.0480929886909],[-74.1573301267635,41.0478860788636]]],"type":"Polygon"},"properties":{"CALC_ACRE":0.36100000000000004,"DEED_DATE":"931007","NET_VALUE":970300.0,"PAMS_PIN":"0248_3101_34.03","PCLBLOCK":"3101","PCLLOT":"34.03","PROP_CLASS":"2","PROP_LOC":"34 FRANKLIN ST","SALES_CODE":"","SALE_PRICE":0.0,"YR_CONSTR":1984,"ZIP5":"07446"},"type":"Feature"},{"geometry":{"coordinates":[[[-74.1601689072659,41.0448548736124],[-74.160338120221,41.0447259760202],[-74.1606688879935,41.0449099405641],[-74.1604988027742,41.0450428079673],[-74.1601689072659,41.0448548736124]]],"type":"Polygon"},"properties":{"CALC_ACRE":0.201,"DEED_DATE":"120308","NET_VALUE":645800.0,"PAMS_PIN":"0248_3101_66","PCLBLOCK":"3101","PCLLOT":"66","PROP_CLASS":"2","PROP_LOC":"475 WYCKOFF AVE","SALES_CODE":"","SALE_PRICE":0.0,"YR_CONSTR":1923,"ZIP5":"07446"},"type":"Feature"},{"geometry":{"coordinates":[[[-74.1521047704862,41.0434399889817],[-74.151767105449,41.0433216030729],[-74.1519136584011,41.0430701534169],[-74.1522481892163,41.0431887491326],[-74.1521047704862,41.0434399889817]]],"type":"Polygon"},"properties":{"CALC_ACRE":0.23,"DEED_DATE":"980223","NET_VALUE":598300.0,"PAMS_PIN":"0248_3505_3","PCLBLOCK":"3505","PCLLOT":"3","PROP_CLASS":"2","PROP_LOC":"10 HIGHWOOD RD","SALES_CODE":"","SALE_PRICE":1.0,"YR_CONSTR":1956,"ZIP5":"07446"},"type":"Feature"},{"geometry":{"coordinates":[[[-74.1597254566208,41.0461919362284],[-74.1601727933778,41.0457900651591],[-74.1603880431946,41.0459060354236],[-74.1600040098174,41.0463334885023],[-74.1597254566208,41.0461919362284]]],"type":"Polygon"},"properties":{"CALC_ACRE":0.312,"DEED_DATE":"061004","NET_VALUE":632500.0,"PAMS_PIN":"0248_3101_47","PCLBLOCK":"3101","PCLLOT":"47","PROP_CLASS":"2","PROP_LOC":"22 W CEDAR PLACE","SALES_CODE":"","SALE_PRICE":475000.0,"YR_CONSTR":1925,"ZIP5":"07446"},"type":"Feature"},{"geometry":{"coordinates":[[[-74.1522481892163,41.0431887491326],[-74.1519136584011,41.0430701534169],[-74.1520573852533,41.0428235498248],[-74.1523925278212,41.0429356552926],[-74.1522481892163,41.0431887491326]]],"type":"Polygon"},"properties":{"CALC_ACRE":0.23,"DEED_DATE":"071220","NET_VALUE":698800.0,"PAMS_PIN":"0248_3505_4","PCLBLOCK":"3505","PCLLOT":"4","PROP_CLASS":"2","PROP_LOC":"18 HIGHWOOD RD","SALES_CODE":"","SALE_PRICE":580000.0,"YR_CONSTR":1957,"ZIP5":"07446"},"type":"Feature"},{"geometry":{"coordinates":[[[-74.1601047370119,41.0441444658994],[-74.1603384642758,41.0439179946353],[-74.1606642365169,41.0441187156625],[-74.1606774761134,41.0441285414042],[-74.1606877500292,41.0441402123629],[-74.1606946181124,41.0441532285343],[-74.160697786123,41.0441670322833],[-74.1606971183381,41.0441810322341],[-74.1606926433668,41.0441946286054],[-74.1606845529243,41.0442072389065],[-74.1606731936186,41.0442183228918],[-74.1604909568885,41.0443710136204],[-74.1604614121972,41.0443536835759],[-74.1601047370119,41.0441444658994]]],"type":"Polygon"},"properties":{"CALC_ACRE":0.331,"DEED_DATE":"230822","NET_VALUE":1058600.0,"PAMS_PIN":"0248_3509_22","PCLBLOCK":"3509","PCLLOT":"22","PROP_CLASS":"2","PROP_LOC":"3 SYCAMORE COURT","SALES_CODE":"","SALE_PRICE":1050000.0,"YR_CONSTR":1991,"ZIP5":"07446"},"type":"Feature"},{"geometry":{"coordinates":[[[-74.1522037720171,41.046901785948],[-74.1522563863433,41.0465755980374],[-74.1524654171233,41.0465949166006],[-74.152564335998,41.0466060251279],[-74.1526622011712,41.0466215601519],[-74.1525042369201,41.0469312070603],[-74.1522037720171,41.046901785948]]],"type":"Polygon"},"properties":{"CALC_ACRE":0.23,"DEED_DATE":"010727","NET_VALUE":829800.0,"PAMS_PIN":"0248_3207_13","PCLBLOCK":"3207","PCLLOT":"13","PROP_CLASS":"2","PROP_LOC":"67 ALDER DR","SALES_CODE":"","SALE_PRICE":1.0,"YR_CONSTR":1951,"ZIP5":"07446"},"type":"Feature"},{"geometry":{"coordinates":[[[-74.1541036630289,41.0479257395553],[-74.1538248259647,41.0478981778769],[-74.1538755071164,41.0475576696404],[-74.1541626841397,41.047584688802],[-74.1541036630289,41.0479257395553]]],"type":"Polygon"},"properties":{"CALC_ACRE":0.23,"DEED_DATE":"171225","NET_VALUE":669900.0,"PAMS_PIN":"0248_3203_7","PCLBLOCK":"3203","PCLLOT":"7","PROP_CLASS":"2","PROP_LOC":"51 MOMAR DR","SALES_CODE":"","SALE_PRICE":470000.0,"YR_CONSTR":1951,"ZIP5":"07446"},"type":"Feature"},{"geometry":{"coordinates":[[[-74.1520573852533,41.0428235498248],[-74.1521998176332,41.0425791648936],[-74.1525361477739,41.0426899346928],[-74.1523925278212,41.0429356552926],[-74.1520573852533,41.0428235498248]]],"type":"Polygon"},"properties":{"CALC_ACRE":0.23,"DEED_DATE":"130227","NET_VALUE":574200.0,"PAMS_PIN":"0248_3505_5","PCLBLOCK":"3505","PCLLOT":"5","PROP_CLASS":"2","PROP_LOC":"26 HIGHWOOD RD","SALES_CODE":"","SALE_PRICE":10.0,"YR_CONSTR":1956,"ZIP5":"06905"},"type":"Feature"},{"geometry":{"coordinates":[[[-74.1530110619118,41.0473380973848],[-74.1527181284841,41.0473109223015],[-74.152791361841,41.0469872756277],[-74.1530716110569,41.0470419871488],[-74.1530110619118,41.0473380973848]]],"type":"Polygon"},"properties":{"CALC_ACRE":0.20900000000000002,"DEED_DATE":null,"NET_VALUE":674200.0,"PAMS_PIN":"0248_3207_2","PCLBLOCK":"3207","PCLLOT":"2","PROP_CLASS":"2","PROP_LOC":"74 MOMAR DR","SALES_CODE":"","SALE_PRICE":0.0,"YR_CONSTR":1951,"ZIP5":"07446"},"type":"Feature"},{"geometry":{"coordinates":[[[-74.1540356138495,41.0417071569456],[-74.1542957650575,41.0412662225663],[-74.1543365961821,41.041274810417],[-74.154625564446,41.0413355900092],[-74.1546444748811,41.041339567857],[-74.1543628485479,41.0418189065756],[-74.1543453215184,41.0418125770263],[-74.1540356138495,41.0417071569456]]],"type":"Polygon"},"properties":{"CALC_ACRE":0.35300000000000004,"DEED_DATE":"211101","NET_VALUE":721200.0,"PAMS_PIN":"0248_3510_11","PCLBLOCK":"3510","PCLLOT":"11","PROP_CLASS":"2","PROP_LOC":"150 FOREST AVE","SALES_CODE":"","SALE_PRICE":593000.0,"YR_CONSTR":1967,"ZIP5":"07446"},"type":"Feature"},{"geometry":{"coordinates":[[[-74.1528329322791,41.0421818281719],[-74.1529804060044,41.0419295726364],[-74.1533049349772,41.0420351075418],[-74.1531566653446,41.0422892380813],[-74.1528329322791,41.0421818281719]]],"type":"Polygon"},"properties":{"CALC_ACRE":0.23,"DEED_DATE":"990318","NET_VALUE":681100.0,"PAMS_PIN":"0248_3505_11","PCLBLOCK":"3505","PCLLOT":"11","PROP_CLASS":"2","PROP_LOC":"49 TULIP ST","SALES_CODE":"","SALE_PRICE":210000.0,"YR_CONSTR":1956,"ZIP5":"07446"},"type":"Feature"},{"geometry":{"coordinates":[[[-74.1546272919063,41.0479270795988],[-74.1550663524846,41.0479651028122],[-74.1548331669048,41.0481504064694],[-74.1545760807486,41.0479698146406],[-74.1546272919063,41.0479270795988]]],"type":"Polygon"},"properties":{"CALC_ACRE":0.115,"DEED_DATE":"071130","NET_VALUE":563300.0,"PAMS_PIN":"0248_3205_3","PCLBLOCK":"3205","PCLLOT":"3","PROP_CLASS":"2","PROP_LOC":"99 CENTER STREET","SALES_CODE":"","SALE_PRICE":465000.0,"YR_CONSTR":1970,"ZIP5":"07446"},"type":"Feature"},{"geometry":{"coordinates":[[[-74.1600569223843,41.0455910212948],[-74.1602944782679,41.04540694619],[-74.1604773393271,41.0452643194383],[-74.1607723424732,41.0454231228526],[-74.1604305164396,41.0457925942514],[-74.1600569223843,41.0455910212948]]],"type":"Polygon"},"properties":{"CALC_ACRE":0.467,"DEED_DATE":null,"NET_VALUE":458700.0,"PAMS_PIN":"0248_3101_62","PCLBLOCK":"3101","PCLLOT":"62","PROP_CLASS":"2","PROP_LOC":"17 W CEDAR PL","SALES_CODE":"","SALE_PRICE":0.0,"YR_CONSTR":1922,"ZIP5":"07446"},"type":"Feature"},{"geometry":{"coordinates":[[[-74.1513847240736,41.0457183332054],[-74.1512390317076,41.0456729443001],[-74.1515120126544,41.0451712462698],[-74.1518747245184,41.0452828599376],[-74.1515987970974,41.0457847603657],[-74.1513847240736,41.0457183332054]]],"type":"Polygon"},"properties":{"CALC_ACRE":0.459,"DEED_DATE":"150828","NET_VALUE":733600.0,"PAMS_PIN":"0248_3211_21","PCLBLOCK":"3211","PCLLOT":"21","PROP_CLASS":"2","PROP_LOC":"135 PINE STREET","SALES_CODE":"","SALE_PRICE":485000.0,"YR_CONSTR":1964,"ZIP5":"07446"},"type":"Feature"},{"geometry":{"coordinates":[[[-74.1556122020889,41.0483225382369],[-74.1553064029898,41.0481684258574],[-74.1554980414876,41.0480085959218],[-74.1559410555515,41.0480531506022],[-74.1556122020889,41.0483225382369]]],"type":"Polygon"},"properties":{"CALC_ACRE":0.20700000000000002,"DEED_DATE":"170727","NET_VALUE":511800.0,"PAMS_PIN":"0248_3205_9","PCLBLOCK":"3205","PCLLOT":"9","PROP_CLASS":"2","PROP_LOC":"328 WYCKOFF AVE","SALES_CODE":"","SALE_PRICE":1.0,"YR_CONSTR":1954,"ZIP5":"07446"},"type":"Feature"},{"geometry":{"coordinates":[[[-74.1525361477739,41.0426899346928],[-74.1521998176332,41.0425791648936],[-74.1523525321298,41.0423171354545],[-74.1526849977181,41.0424351105542],[-74.1525361477739,41.0426899346928]]],"type":"Polygon"},"properties":{"CALC_ACRE":0.23,"DEED_DATE":"940719","NET_VALUE":642800.0,"PAMS_PIN":"0248_3505_6","PCLBLOCK":"3505","PCLLOT":"6","PROP_CLASS":"2","PROP_LOC":"34 HIGHWOOD ROAD","SALES_CODE":"","SALE_PRICE":210000.0,"YR_CONSTR":1957,"ZIP5":"07446"},"type":"Feature"},{"geometry":{"coordinates":[[[-74.1513497149304,41.0444084121918],[-74.1510789249745,41.0443242172729],[-74.1512496228448,41.0440102748521],[-74.1515087014643,41.0437477646539],[-74.1515236299409,41.0437578862469],[-74.1515397526304,41.0437669058603],[-74.1517983829906,41.0438542566837],[-74.1515711882755,41.044477531742],[-74.1513497149304,41.0444084121918]]],"type":"Polygon"},"properties":{"CALC_ACRE":0.6980000000000001,"DEED_DATE":null,"NET_VALUE":775900.0,"PAMS_PIN":"0248_3501_31","PCLBLOCK":"3501","PCLLOT":"31","PROP_CLASS":"2","PROP_LOC":"153 SNYDER AVE","SALES_CODE":"","SALE_PRICE":0.0,"YR_CONSTR":1928,"ZIP5":"07446"},"type":"Feature"},{"geometry":{"coordinates":[[[-74.1567400989119,41.0481361639816],[-74.1568880128116,41.0480172025394],[-74.1571808824588,41.0477811583265],[-74.1573301267635,41.0478860788636],[-74.157624096847,41.0480929886909],[-74.1576247696851,41.0480943632821],[-74.1576261180564,41.0480965982628],[-74.1576274664276,41.0480988318886],[-74.1576288139005,41.0481010655143],[-74.1576301631701,41.0481031284169],[-74.1576315115413,41.04810536272],[-74.157633086288,41.0481074262999],[-74.1576346628314,41.0481094892024],[-74.1576362366797,41.0481117235052],[-74.1576378123247,41.048113787085],[-74.1576393888681,41.0481158506647],[-74.1576411908885,41.0481177435214],[-74.1576427683302,41.0481194636227],[-74.1576450275931,41.0481208429555],[-74.1576475105365,41.0481225657667],[-74.1576497689012,41.0481241158224],[-74.1576520281641,41.048125667233],[-74.1576542838338,41.0481273893666],[-74.1576565421984,41.0481291115],[-74.1576587996647,41.0481308336335],[-74.157661057131,41.0481325557668],[-74.1576630864252,41.0481342779002],[-74.1576651175161,41.048135999356],[-74.1576671468104,41.0481378915347],[-74.1576691770029,41.0481397850682],[-74.1576712062971,41.0481416779242],[-74.1576730092159,41.0481435707802],[-74.1576748121347,41.0481454636361],[-74.1576766150534,41.0481473558145],[-74.1576784179722,41.0481494200707],[-74.157680220891,41.0481513115714],[-74.157681796536,41.04815337515],[-74.157683372181,41.0481554394059],[-74.1576849469277,41.0481575016294],[-74.1576865225727,41.0481595652077],[-74.1576880982177,41.0481616294635],[-74.1576894474873,41.048163863087],[-74.1576907958585,41.0481659259877],[-74.1576921442297,41.0481681596111],[-74.1576934917027,41.0481702218342],[-74.1576946136985,41.0481724561349],[-74.1576959620697,41.0481746897581],[-74.1576970840655,41.0481769240587],[-74.157698205163,41.0481791570043],[-74.157699099885,41.0481813899497],[-74.1577002218808,41.0481836242501],[-74.1577011148062,41.0481860279182],[-74.1577020104265,41.0481882608635],[-74.1577026787731,41.0481904924537],[-74.1577035725968,41.0481928974765],[-74.1577042409434,41.048195129744],[-74.1577049083916,41.0481975334117],[-74.1577055749416,41.0481999370793],[-74.1577060160144,41.0482021679917],[-74.1577064579855,41.0482045723365],[-74.1577068990583,41.0482069753265],[-74.1577073401311,41.0482093776387],[-74.1577077812039,41.0482116092282],[-74.157707995003,41.0482140115404],[-74.1577082097003,41.0482164145299],[-74.1577084234993,41.0482188168419],[-74.1577084109229,41.0482212184763],[-74.157708624722,41.048223620788],[-74.1577086121455,41.0482260224223],[-74.1577085995691,41.0482284240564],[-74.1577083615156,41.048230825013],[-74.1577083498375,41.0482330552468],[-74.1567400989119,41.0481361639816]]],"type":"Polygon"},"properties":{"CALC_ACRE":0.536,"DEED_DATE":"221216","NET_VALUE":975400.0,"PAMS_PIN":"0248_3101_34.04","PCLBLOCK":"3101","PCLLOT":"34.04","PROP_CLASS":"2","PROP_LOC":"32 FRANKLIN ST","SALES_CODE":"","SALE_PRICE":875000.0,"YR_CONSTR":1984,"ZIP5":"07446"},"type":"Feature"},{"geometry":{"coordinates":[[[-74.1553064029898,41.0481684258574],[-74.1551018161754,41.0483391199871],[-74.1548331669048,41.0481504064694],[-74.1550663524846,41.0479651028122],[-74.1551245408571,41.0479708870811],[-74.1554038225874,41.0479990503252],[-74.1554980414876,41.0480085959218],[-74.1553064029898,41.0481684258574]]],"type":"Polygon"},"properties":{"CALC_ACRE":0.264,"DEED_DATE":"110608","NET_VALUE":651800.0,"PAMS_PIN":"0248_3205_2","PCLBLOCK":"3205","PCLLOT":"2","PROP_CLASS":"2","PROP_LOC":"12 RAMSEY AVE","SALES_CODE":"","SALE_PRICE":400000.0,"YR_CONSTR":1959,"ZIP5":"07446"},"type":"Feature"},{"geometry":{"coordinates":[[[-74.153478144537,41.0478639085115],[-74.1535318673843,41.0475821970398],[-74.1535353071406,41.0475717725698],[-74.1535412321145,41.0475620036122],[-74.153549439882,41.0475532239194],[-74.1535596500284,41.0475457334462],[-74.1535715137285,41.0475397881018],[-74.1535846256644,41.0475355910066],[-74.1535985378726,41.0475332855529],[-74.1536127750486,41.0475329505056],[-74.1538755071164,41.0475576696404],[-74.1538248259647,41.0478981778769],[-74.153478144537,41.0478639085115]]],"type":"Polygon"},"properties":{"CALC_ACRE":0.267,"DEED_DATE":"200107","NET_VALUE":616400.0,"PAMS_PIN":"0248_3203_6","PCLBLOCK":"3203","PCLLOT":"6","PROP_CLASS":"2","PROP_LOC":"57 MOMAR DR","SALES_CODE":"","SALE_PRICE":1.0,"YR_CONSTR":1951,"ZIP5":"07446"},"type":"Feature"},{"geometry":{"coordinates":[[[-74.1578180934225,41.047905369943],[-74.1578938582319,41.0475930238066],[-74.1583984275539,41.047740855978],[-74.1583943033884,41.047837256656],[-74.1579729926219,41.0480652035167],[-74.1579734579492,41.0480628032316],[-74.1579739241748,41.0480604022689],[-74.1579743886038,41.048058002661],[-74.1579746275557,41.0480556016981],[-74.1579750937813,41.0480532014126],[-74.1579753318349,41.0480507990946],[-74.1579753444113,41.0480483988089],[-74.1579755842615,41.0480459978457],[-74.1579755968379,41.0480435955274],[-74.1579756094143,41.0480411938865],[-74.1579756210924,41.0480387915681],[-74.157975406395,41.048036389927],[-74.1579751934943,41.0480339876084],[-74.1579749796953,41.0480315852897],[-74.1579747649979,41.048029181616],[-74.1579745503006,41.048026780652],[-74.1579741101261,41.0480243776556],[-74.1579736690533,41.0480221453822],[-74.1579732279805,41.0480197423856],[-74.1579725596339,41.0480173387115],[-74.1579721194594,41.0480149357147],[-74.1579714529095,41.0480125320403],[-74.1579707836646,41.048010300444],[-74.1579698898409,41.0480078947371],[-74.157969220596,41.0480056631406],[-74.1579683276706,41.0480032587885],[-74.1579674320503,41.0480010265144],[-74.1579663118511,41.0479986214846],[-74.1579654171291,41.0479963878555],[-74.1579642951333,41.0479941549037],[-74.1579631740358,41.0479919205969],[-74.1579620529383,41.0479896869675],[-74.1579607054654,41.047987453338],[-74.1579593561958,41.047985219031],[-74.1579580087229,41.0479829847239],[-74.1579566585551,41.0479809218175],[-74.1579553110821,41.0479786875103],[-74.1579537354371,41.0479766239263],[-74.1579521597921,41.0479745616972],[-74.1579505859437,41.0479723260348],[-74.1579490094004,41.047970263128],[-74.1579474346537,41.0479681995437],[-74.1579456317349,41.0479663066827],[-74.1579438288162,41.0479642430983],[-74.1579420258974,41.0479623509147],[-74.1579402238769,41.0479602866527],[-74.1579381936844,41.0479583944689],[-74.1579363916639,41.0479565016076],[-74.1579343614714,41.0479546080687],[-74.1579323312788,41.0479527152074],[-74.1579303010863,41.0479509937468],[-74.1579280454166,41.0479490995303],[-74.1579260143258,41.0479473773921],[-74.1579237568595,41.0479456552539],[-74.1579214993931,41.0479439337931],[-74.1579192428252,41.0479422109773],[-74.1579169844605,41.0479406609173],[-74.1579145015171,41.0479389381014],[-74.1579122431525,41.0479373866863],[-74.1579097575141,41.0479358359487],[-74.1579072736723,41.0479342852111],[-74.1579047880339,41.0479329045193],[-74.1579023032939,41.0479313531042],[-74.15789959128,41.0479299730898],[-74.1578971056416,41.0479285930755],[-74.1578943945261,41.0479272123836],[-74.1578916798173,41.0479260030927],[-74.1578891950772,41.0479246230782],[-74.1578864821651,41.0479234151421],[-74.1578835428775,41.0479222044961],[-74.157880829067,41.04792099656],[-74.1578781152565,41.0479199586699],[-74.1578751759689,41.0479187487012],[-74.1578724621584,41.0479177114885],[-74.1578695210742,41.0479166735983],[-74.1578665808883,41.0479156363855],[-74.1578636389057,41.0479147692187],[-74.1578606978215,41.0479139027294],[-74.1578577576355,41.0479130362401],[-74.157854815653,41.0479121704282],[-74.157851647295,41.0479113025839],[-74.1578487044141,41.0479106074955],[-74.1578457624315,41.0479099130845],[-74.1578425940735,41.0479092173186],[-74.1578396511927,41.0479085222301],[-74.1578364828347,41.0479079978652],[-74.15783331268,41.0479074741776],[-74.1578303689008,41.0479069504902],[-74.1578271987462,41.0479064268027],[-74.1578240285916,41.0479060738386],[-74.1578208575386,41.047905721552],[-74.1578180934225,41.047905369943]]],"type":"Polygon"},"properties":{"CALC_ACRE":0.341,"DEED_DATE":"060712","NET_VALUE":1021300.0,"PAMS_PIN":"0248_3101_34.02","PCLBLOCK":"3101","PCLLOT":"34.02","PROP_CLASS":"2","PROP_LOC":"35 FRANKLIN ST","SALES_CODE":"","SALE_PRICE":815000.0,"YR_CONSTR":1984,"ZIP5":"07446"},"type":"Feature"},{"geometry":{"coordinates":[[[-74.1513497149304,41.0444084121918],[-74.1515711882755,41.044477531742],[-74.1516745753815,41.0445095819962],[-74.1514131674305,41.0450086997158],[-74.1510760934847,41.044899466336],[-74.1510815516484,41.0448896709665],[-74.1513497149304,41.0444084121918]]],"type":"Polygon"},"properties":{"CALC_ACRE":0.49400000000000005,"DEED_DATE":"080530","NET_VALUE":1359300.0,"PAMS_PIN":"0248_3501_18","PCLBLOCK":"3501","PCLLOT":"18","PROP_CLASS":"2","PROP_LOC":"146 PINE ST","SALES_CODE":"","SALE_PRICE":960000.0,"YR_CONSTR":2003,"ZIP5":"07446"},"type":"Feature"},{"geometry":{"coordinates":[[[-74.1518730428722,41.046402249671],[-74.15158050111,41.0463748452097],[-74.1516709048653,41.045807205804],[-74.1519036951863,41.0458794464596],[-74.1519475841761,41.045893132535],[-74.1518730428722,41.046402249671]]],"type":"Polygon"},"properties":{"CALC_ACRE":0.34900000000000003,"DEED_DATE":"130816","NET_VALUE":856300.0,"PAMS_PIN":"0248_3211_11","PCLBLOCK":"3211","PCLLOT":"11","PROP_CLASS":"2","PROP_LOC":"82 ALDER DRIVE","SALES_CODE":"","SALE_PRICE":535000.0,"YR_CONSTR":1951,"ZIP5":"07446"},"type":"Feature"},{"geometry":{"coordinates":[[[-74.1604988027742,41.0450428079673],[-74.1606688879935,41.0449099405641],[-74.160338120221,41.0447259760202],[-74.1604962461689,41.0445948728863],[-74.1605040310785,41.0445896310201],[-74.1605129962404,41.0445856021158],[-74.1605228140707,41.0445829333884],[-74.1605331258296,41.0445817223523],[-74.1605435547293,41.0445820132584],[-74.1605537197017,41.0445837954772],[-74.1605632493224,41.0445870038868],[-74.1605717953826,41.044591521253],[-74.1609635542713,41.0448738640906],[-74.1605778706889,41.0450897413369],[-74.1604988027742,41.0450428079673]]],"type":"Polygon"},"properties":{"CALC_ACRE":0.28,"DEED_DATE":null,"NET_VALUE":613600.0,"PAMS_PIN":"0248_3101_67","PCLBLOCK":"3101","PCLLOT":"67","PROP_CLASS":"2","PROP_LOC":"2 GOOSE COVE LANE","SALES_CODE":"","SALE_PRICE":0.0,"YR_CONSTR":1787,"ZIP5":"07446"},"type":"Feature"},{"geometry":{"coordinates":[[[-74.1527181284841,41.0473109223015],[-74.1524446372942,41.0472855486278],[-74.1525042369201,41.0469312070603],[-74.152791361841,41.0469872756277],[-74.1527181284841,41.0473109223015]]],"type":"Polygon"},"properties":{"CALC_ACRE":0.23,"DEED_DATE":"170707","NET_VALUE":648500.0,"PAMS_PIN":"0248_3207_3","PCLBLOCK":"3207","PCLLOT":"3","PROP_CLASS":"2","PROP_LOC":"82 MOMAR DR","SALES_CODE":"","SALE_PRICE":457000.0,"YR_CONSTR":1951,"ZIP5":"07446"},"type":"Feature"},{"geometry":{"coordinates":[[[-74.1595963058324,41.0428783840522],[-74.1597719318604,41.0424277708662],[-74.1598218799868,41.0424380361307],[-74.1600083792229,41.0424763646944],[-74.1601148053296,41.0428093400604],[-74.1601086887008,41.0428239048486],[-74.1600745330065,41.0428279400843],[-74.160041998348,41.0428367593609],[-74.1600122514388,41.0428500464117],[-74.1599863590216,41.0428673247523],[-74.1599652496146,41.0428879747677],[-74.1599496802146,41.0429112559326],[-74.1599402091498,41.0429363333675],[-74.1599371760586,41.0429623077783],[-74.1595963058324,41.0428783840522]]],"type":"Polygon"},"properties":{"CALC_ACRE":0.366,"DEED_DATE":"200825","NET_VALUE":1198300.0,"PAMS_PIN":"0248_3509_22.05","PCLBLOCK":"3509","PCLLOT":"22.05","PROP_CLASS":"2","PROP_LOC":"15 SYCAMORE COURT","SALES_CODE":"","SALE_PRICE":950000.0,"YR_CONSTR":1994,"ZIP5":"07446"},"type":"Feature"},{"geometry":{"coordinates":[[[-74.1523525321298,41.0423171354545],[-74.1524995692738,41.042064846561],[-74.1528329322791,41.0421818281719],[-74.1526849977181,41.0424351105542],[-74.1523525321298,41.0423171354545]]],"type":"Polygon"},"properties":{"CALC_ACRE":0.23,"DEED_DATE":null,"NET_VALUE":789300.0,"PAMS_PIN":"0248_3505_7","PCLBLOCK":"3505","PCLLOT":"7","PROP_CLASS":"2","PROP_LOC":"42 HIGHWOOD RD","SALES_CODE":"","SALE_PRICE":0.0,"YR_CONSTR":1956,"ZIP5":"07446"},"type":"Feature"},{"geometry":{"coordinates":[[[-74.1529804060044,41.0419295726364],[-74.1531911884993,41.0415684844258],[-74.1534532324576,41.0416569513629],[-74.1534640151729,41.0416630436366],[-74.1534732262352,41.041670459258],[-74.1534805840744,41.0416789715407],[-74.1534858637712,41.0416883202754],[-74.1534889039322,41.0416982196832],[-74.1534896116237,41.0417083671522],[-74.1534879652126,41.0417184524878],[-74.1534840150274,41.0417281673946],[-74.1533049349772,41.0420351075418],[-74.1529804060044,41.0419295726364]]],"type":"Polygon"},"properties":{"CALC_ACRE":0.333,"DEED_DATE":"141201","NET_VALUE":709800.0,"PAMS_PIN":"0248_3505_10","PCLBLOCK":"3505","PCLLOT":"10","PROP_CLASS":"2","PROP_LOC":"57 TULIP ST","SALES_CODE":"","SALE_PRICE":457000.0,"YR_CONSTR":1956,"ZIP5":"07446"},"type":"Feature"},{"geometry":{"coordinates":[[[-74.1603880431946,41.0459060354236],[-74.1606635618822,41.0460544750315],[-74.1601042420402,41.0466436557215],[-74.159847919452,41.0465072245733],[-74.1599325066157,41.0464130752769],[-74.1600040098174,41.0463334885023],[-74.1603880431946,41.0459060354236]]],"type":"Polygon"},"properties":{"CALC_ACRE":0.5640000000000001,"DEED_DATE":"031014","NET_VALUE":839800.0,"PAMS_PIN":"0248_3101_48","PCLBLOCK":"3101","PCLLOT":"48","PROP_CLASS":"2","PROP_LOC":"32 W CEDAR PLACE","SALES_CODE":"","SALE_PRICE":600000.0,"YR_CONSTR":1990,"ZIP5":"07446"},"type":"Feature"},{"geometry":{"coordinates":[[[-74.1522037720171,41.046901785948],[-74.1519093258265,41.046874991431],[-74.151957311134,41.0465476482703],[-74.1522563863433,41.0465755980374],[-74.1522037720171,41.046901785948]]],"type":"Polygon"},"properties":{"CALC_ACRE":0.23,"DEED_DATE":"100728","NET_VALUE":729200.0,"PAMS_PIN":"0248_3207_12","PCLBLOCK":"3207","PCLLOT":"12","PROP_CLASS":"2","PROP_LOC":"73 ALDER DR","SALES_CODE":"","SALE_PRICE":1.0,"YR_CONSTR":1951,"ZIP5":"07446"},"type":"Feature"},{"geometry":{"coordinates":[[[-74.1569185968538,41.0483240327354],[-74.15596252888,41.0482376356266],[-74.1561577911818,41.0480778153437],[-74.1567400989119,41.0481361639816],[-74.1577083498375,41.0482330552468],[-74.1576977703784,41.0483942849659],[-74.1569185968538,41.0483240327354]]],"type":"Polygon"},"properties":{"CALC_ACRE":0.921,"DEED_DATE":"220811","NET_VALUE":514000.0,"PAMS_PIN":"0248_3101_31","PCLBLOCK":"3101","PCLLOT":"31","PROP_CLASS":"2","PROP_LOC":"339 WYCKOFF AVE","SALES_CODE":"","SALE_PRICE":475000.0,"YR_CONSTR":1900,"ZIP5":"07446"},"type":"Feature"},{"geometry":{"coordinates":[[[-74.1600582572808,41.0433240441822],[-74.1613715493104,41.0436298711769],[-74.1611333924539,41.0438306303462],[-74.1605371473621,41.043700705664],[-74.1605017429601,41.0438481312625],[-74.1600959622682,41.0435971782067],[-74.1600703953373,41.0435826544127],[-74.1600484927687,41.0435650508145],[-74.1600308981147,41.0435448846479],[-74.1600181283504,41.0435227484433],[-74.1600105586836,41.0434992926163],[-74.1600084115299,41.0434752063569],[-74.1600117499783,41.0434511973795],[-74.1600204759366,41.0434279711286],[-74.1600582572808,41.0433240441822]]],"type":"Polygon"},"properties":{"CALC_ACRE":0.84,"DEED_DATE":null,"NET_VALUE":835800.0,"PAMS_PIN":"0248_3509_20","PCLBLOCK":"3509","PCLLOT":"20","PROP_CLASS":"2","PROP_LOC":"512 WYCKOFF AVE","SALES_CODE":"","SALE_PRICE":0.0,"YR_CONSTR":1945,"ZIP5":"07446"},"type":"Feature"},{"geometry":{"coordinates":[[[-74.1524995692738,41.042064846561],[-74.1526458320701,41.041813883995],[-74.1529804060044,41.0419295726364],[-74.1528329322791,41.0421818281719],[-74.1524995692738,41.042064846561]]],"type":"Polygon"},"properties":{"CALC_ACRE":0.23,"DEED_DATE":"080429","NET_VALUE":603000.0,"PAMS_PIN":"0248_3505_8","PCLBLOCK":"3505","PCLLOT":"8","PROP_CLASS":"2","PROP_LOC":"50 HIGHWOOD RD","SALES_CODE":"","SALE_PRICE":517500.0,"YR_CONSTR":1956,"ZIP5":"07446"},"type":"Feature"},{"geometry":{"coordinates":[[[-74.1529330171782,41.047812012583],[-74.1529930830297,41.0474742429467],[-74.1532846438315,41.0475013366651],[-74.1532998939515,41.0475031715323],[-74.1533143220287,41.047507323973],[-74.1533273158597,41.0475136177929],[-74.1533383240981,41.0475217859358],[-74.1533468796492,41.0475314818154],[-74.1533526194888,41.0475422940216],[-74.1533553000677,41.0475537637768],[-74.1533548076451,41.0475654044033],[-74.1533105449561,41.0478017041208],[-74.1532584848905,41.0478439053939],[-74.1529330171782,41.047812012583]]],"type":"Polygon"},"properties":{"CALC_ACRE":0.28700000000000003,"DEED_DATE":"020130","NET_VALUE":1063800.0,"PAMS_PIN":"0248_3204_5","PCLBLOCK":"3204","PCLLOT":"5","PROP_CLASS":"2","PROP_LOC":"69 MOMAR DRIVE","SALES_CODE":"","SALE_PRICE":358500.0,"YR_CONSTR":1952,"ZIP5":"07446"},"type":"Feature"},{"geometry":{"coordinates":[[[-74.1524446372942,41.0472855486278],[-74.1521468161331,41.0472579189332],[-74.1522037720171,41.046901785948],[-74.1525042369201,41.0469312070603],[-74.1524446372942,41.0472855486278]]],"type":"Polygon"},"properties":{"CALC_ACRE":0.23,"DEED_DATE":"240130","NET_VALUE":832000.0,"PAMS_PIN":"0248_3207_4","PCLBLOCK":"3207","PCLLOT":"4","PROP_CLASS":"2","PROP_LOC":"88 MOMAR DR","SALES_CODE":"","SALE_PRICE":10.0,"YR_CONSTR":1951,"ZIP5":"07446"},"type":"Feature"},{"geometry":{"coordinates":[[[-74.1537193862082,41.0480530157851],[-74.1534655061393,41.0478741485391],[-74.153478144537,41.0478639085115],[-74.1538248259647,41.0478981778769],[-74.1541036630289,41.0479257395553],[-74.1543554221755,41.0479506245236],[-74.1539958490251,41.0482419301135],[-74.1537193862082,41.0480530157851]]],"type":"Polygon"},"properties":{"CALC_ACRE":0.34400000000000003,"DEED_DATE":"210719","NET_VALUE":1028700.0,"PAMS_PIN":"0248_3203_9","PCLBLOCK":"3203","PCLLOT":"9","PROP_CLASS":"2","PROP_LOC":"80 CENTER ST","SALES_CODE":"","SALE_PRICE":814000.0,"YR_CONSTR":1954,"ZIP5":"07446"},"type":"Feature"},{"geometry":{"coordinates":[[[-74.15158050111,41.0463748452097],[-74.1512890436144,41.0463475430379],[-74.1513847240736,41.0457183332054],[-74.1515987970974,41.0457847603657],[-74.1516709048653,41.045807205804],[-74.15158050111,41.0463748452097]]],"type":"Polygon"},"properties":{"CALC_ACRE":0.386,"DEED_DATE":"121004","NET_VALUE":736900.0,"PAMS_PIN":"0248_3211_12","PCLBLOCK":"3211","PCLLOT":"12","PROP_CLASS":"2","PROP_LOC":"88 ALDER DRIVE","SALES_CODE":"","SALE_PRICE":515000.0,"YR_CONSTR":1951,"ZIP5":"07446"},"type":"Feature"},{"geometry":{"coordinates":[[[-74.1551018161754,41.0483391199871],[-74.1553064029898,41.0481684258574],[-74.1556122020889,41.0483225382369],[-74.1553656756288,41.0485244673038],[-74.1551018161754,41.0483391199871]]],"type":"Polygon"},"properties":{"CALC_ACRE":0.2,"DEED_DATE":"050513","NET_VALUE":586700.0,"PAMS_PIN":"0248_3205_1","PCLBLOCK":"3205","PCLLOT":"1","PROP_CLASS":"2","PROP_LOC":"326 WYCKOFF AVE","SALES_CODE":"","SALE_PRICE":395000.0,"YR_CONSTR":1959,"ZIP5":"07452"},"type":"Feature"},{"geometry":{"coordinates":[[[-74.1568406985456,41.0484879768465],[-74.1565571399363,41.048457626266],[-74.1562937395219,41.0484295634836],[-74.1557936635729,41.0483760894977],[-74.15596252888,41.0482376356266],[-74.1569185968538,41.0483240327354],[-74.1569113609242,41.0484955644895],[-74.1568406985456,41.0484879768465]]],"type":"Polygon"},"properties":{"CALC_ACRE":0.389,"DEED_DATE":"120807","NET_VALUE":575500.0,"PAMS_PIN":"0248_3101_30","PCLBLOCK":"3101","PCLLOT":"30","PROP_CLASS":"2","PROP_LOC":"333 WYCKOFF AVENUE","SALES_CODE":"","SALE_PRICE":310000.0,"YR_CONSTR":1900,"ZIP5":"07446"},"type":"Feature"},{"geometry":{"coordinates":[[[-74.1607723424732,41.0454231228526],[-74.1604773393271,41.0452643194383],[-74.1604102693114,41.0452282140266],[-74.1605778706889,41.0450897413369],[-74.1609635542713,41.0448738640906],[-74.1612457034239,41.0450665483676],[-74.1608362162831,41.0454575059541],[-74.1607723424732,41.0454231228526]]],"type":"Polygon"},"properties":{"CALC_ACRE":0.458,"DEED_DATE":"220519","NET_VALUE":1003000.0,"PAMS_PIN":"0248_3101_68","PCLBLOCK":"3101","PCLLOT":"68","PROP_CLASS":"2","PROP_LOC":"4 GOOSE COVE LANE","SALES_CODE":"","SALE_PRICE":875000.0,"YR_CONSTR":1981,"ZIP5":"07446"},"type":"Feature"},{"geometry":{"coordinates":[[[-74.1512390317076,41.0456729443001],[-74.1510849697381,41.045625129922],[-74.150872089677,41.0455589519199],[-74.15088811113,41.0455286345409],[-74.151008957892,41.0453011775338],[-74.1511385659228,41.0450563275508],[-74.1515120126544,41.0451712462698],[-74.1512390317076,41.0456729443001]]],"type":"Polygon"},"properties":{"CALC_ACRE":0.501,"DEED_DATE":null,"NET_VALUE":712100.0,"PAMS_PIN":"0248_3211_20","PCLBLOCK":"3211","PCLLOT":"20","PROP_CLASS":"2","PROP_LOC":"125 PINE STREET","SALES_CODE":"","SALE_PRICE":0.0,"YR_CONSTR":1953,"ZIP5":"07446"},"type":"Feature"},{"geometry":{"coordinates":[[[-74.1605017429601,41.0438481312625],[-74.1605371473621,41.043700705664],[-74.1611333924539,41.0438306303462],[-74.1608559648463,41.0440644935859],[-74.1605017429601,41.0438481312625]]],"type":"Polygon"},"properties":{"CALC_ACRE":0.365,"DEED_DATE":"060619","NET_VALUE":680400.0,"PAMS_PIN":"0248_3509_21","PCLBLOCK":"3509","PCLLOT":"21","PROP_CLASS":"2","PROP_LOC":"504 WYCKOFF AVE","SALES_CODE":"","SALE_PRICE":1.0,"YR_CONSTR":1963,"ZIP5":"07735"},"type":"Feature"},{"geometry":{"coordinates":[[[-74.1604305164396,41.0457925942514],[-74.1607723424732,41.0454231228526],[-74.1608362162831,41.0454575059541],[-74.161067772319,41.0455821542006],[-74.1607231911524,41.0459505068409],[-74.1604305164396,41.0457925942514]]],"type":"Polygon"},"properties":{"CALC_ACRE":0.367,"DEED_DATE":null,"NET_VALUE":736300.0,"PAMS_PIN":"0248_3101_61","PCLBLOCK":"3101","PCLLOT":"61","PROP_CLASS":"2","PROP_LOC":"29 W CEDAR PL","SALES_CODE":"","SALE_PRICE":0.0,"YR_CONSTR":1946,"ZIP5":"07446"},"type":"Feature"},{"geometry":{"coordinates":[[[-74.1519093258265,41.046874991431],[-74.1516262073917,41.0468490891508],[-74.1516802338695,41.0465217546687],[-74.151957311134,41.0465476482703],[-74.1519093258265,41.046874991431]]],"type":"Polygon"},"properties":{"CALC_ACRE":0.23,"DEED_DATE":"020731","NET_VALUE":773300.0,"PAMS_PIN":"0248_3207_11","PCLBLOCK":"3207","PCLLOT":"11","PROP_CLASS":"2","PROP_LOC":"79 ALDER DR","SALES_CODE":"","SALE_PRICE":422000.0,"YR_CONSTR":1951,"ZIP5":"07446"},"type":"Feature"},{"geometry":{"coordinates":[[[-74.1541971417174,41.0482776321318],[-74.154451867101,41.0480711036245],[-74.1547171970966,41.0482578357685],[-74.1545918057577,41.0483608294998],[-74.1544684535944,41.0484618468944],[-74.1541971417174,41.0482776321318]]],"type":"Polygon"},"properties":{"CALC_ACRE":0.23,"DEED_DATE":null,"NET_VALUE":518300.0,"PAMS_PIN":"0248_3202_10","PCLBLOCK":"3202","PCLLOT":"10","PROP_CLASS":"2","PROP_LOC":"85 CENTER ST","SALES_CODE":"","SALE_PRICE":0.0,"YR_CONSTR":1935,"ZIP5":"07446"},"type":"Feature"},{"geometry":{"coordinates":[[[-74.1511269156719,41.0434039862297],[-74.151309303319,41.0430924764718],[-74.151638548447,41.0432027874018],[-74.1514858078993,41.0434645389191],[-74.1514789120098,41.0434739357557],[-74.1514697065768,41.0434821301085],[-74.1514585491323,41.0434888037152],[-74.1514458730231,41.0434936973787],[-74.1514321705795,41.0434966210332],[-74.1514179739941,41.0434974611264],[-74.1514038346516,41.0434961850298],[-74.1513903017132,41.0434928423058],[-74.1511269156719,41.0434039862297]]],"type":"Polygon"},"properties":{"CALC_ACRE":0.28900000000000003,"DEED_DATE":"930427","NET_VALUE":665300.0,"PAMS_PIN":"0248_3506_1","PCLBLOCK":"3506","PCLLOT":"1","PROP_CLASS":"2","PROP_LOC":"1 HIGHWOOD RD","SALES_CODE":"","SALE_PRICE":212000.0,"YR_CONSTR":1956,"ZIP5":"07446"},"type":"Feature"},{"geometry":{"coordinates":[[[-74.151638548447,41.0432027874018],[-74.151309303319,41.0430924764718],[-74.1514497629985,41.0428411485726],[-74.1517843881368,41.0429528603683],[-74.151638548447,41.0432027874018]]],"type":"Polygon"},"properties":{"CALC_ACRE":0.23,"DEED_DATE":"200818","NET_VALUE":643200.0,"PAMS_PIN":"0248_3506_16","PCLBLOCK":"3506","PCLLOT":"16","PROP_CLASS":"2","PROP_LOC":"9 HIGHWOOD RD","SALES_CODE":"","SALE_PRICE":440000.0,"YR_CONSTR":1956,"ZIP5":"07446"},"type":"Feature"},{"geometry":{"coordinates":[[[-74.1506679601051,41.0447626060976],[-74.1509259984755,41.0442765767128],[-74.1510789249745,41.0443242172729],[-74.1513497149304,41.0444084121918],[-74.1510815516484,41.0448896709665],[-74.1506679601051,41.0447626060976]]],"type":"Polygon"},"properties":{"CALC_ACRE":0.537,"DEED_DATE":"220429","NET_VALUE":1260700.0,"PAMS_PIN":"0248_3501_19","PCLBLOCK":"3501","PCLLOT":"19","PROP_CLASS":"2","PROP_LOC":"156 PINE ST","SALES_CODE":"","SALE_PRICE":1266000.0,"YR_CONSTR":1966,"ZIP5":"07446"},"type":"Feature"},{"geometry":{"coordinates":[[[-74.1601280455986,41.0431299516524],[-74.160141038481,41.0431135349546],[-74.160158451601,41.0430996405383],[-74.1601794524417,41.0430889326937],[-74.1602030369585,41.0430819233617],[-74.1602221183965,41.0430755913056],[-74.160239468043,41.0430668744379],[-74.1602545670221,41.0430560334529],[-74.1602669637691,41.043043392571],[-74.1602810771701,41.0430274390552],[-74.1602919313898,41.0430100953582],[-74.1602992910904,41.0429917375198],[-74.160302996701,41.0429727635682],[-74.1603029678779,41.0429535848903],[-74.1602992052459,41.0429346173122],[-74.1602917903853,41.0429162720835],[-74.1602808840627,41.0428989469604],[-74.1602983625832,41.0428964963499],[-74.160766891496,41.0427450217492],[-74.1606732421277,41.0429639541642],[-74.1605602735908,41.0432271287507],[-74.1601280455986,41.0431299516524]]],"type":"Polygon"},"properties":{"CALC_ACRE":0.35000000000000003,"DEED_DATE":"240129","NET_VALUE":995300.0,"PAMS_PIN":"0248_3509_22.07","PCLBLOCK":"3509","PCLLOT":"22.07","PROP_CLASS":"2","PROP_LOC":"19 SYCAMORE COURT","SALES_CODE":"","SALE_PRICE":999999.0,"YR_CONSTR":1993,"ZIP5":"07446"},"type":"Feature"},{"geometry":{"coordinates":[[[-74.1514497629985,41.0428411485726],[-74.1515908640751,41.0425884978548],[-74.1519297804655,41.0427036966371],[-74.1517843881368,41.0429528603683],[-74.1514497629985,41.0428411485726]]],"type":"Polygon"},"properties":{"CALC_ACRE":0.23,"DEED_DATE":"240102","NET_VALUE":607800.0,"PAMS_PIN":"0248_3506_15","PCLBLOCK":"3506","PCLLOT":"15","PROP_CLASS":"2","PROP_LOC":"17 HIGHWOOD ROAD","SALES_CODE":"","SALE_PRICE":635000.0,"YR_CONSTR":1956,"ZIP5":"07446"},"type":"Feature"},{"geometry":{"coordinates":[[[-74.1526422073679,41.0477835152635],[-74.1526980008319,41.0474468199623],[-74.1529930830297,41.0474742429467],[-74.1529330171782,41.047812012583],[-74.1528138610456,41.0478003356209],[-74.1526422073679,41.0477835152635]]],"type":"Polygon"},"properties":{"CALC_ACRE":0.23,"DEED_DATE":"170811","NET_VALUE":734200.0,"PAMS_PIN":"0248_3204_6","PCLBLOCK":"3204","PCLLOT":"6","PROP_CLASS":"2","PROP_LOC":"75 MOMAR DR","SALES_CODE":"","SALE_PRICE":1.0,"YR_CONSTR":1952,"ZIP5":"07446"},"type":"Feature"},{"geometry":{"coordinates":[[[-74.157852872597,41.048243606176],[-74.1578540242372,41.0482398353741],[-74.157855177674,41.0482358924944],[-74.157856556588,41.0482321223696],[-74.157857935502,41.0482283535994],[-74.1578593153142,41.0482245834742],[-74.157860921502,41.0482208126712],[-74.1578625276897,41.0482170445779],[-74.1578641320808,41.0482134458521],[-74.157865964644,41.0482096770809],[-74.157868021786,41.0482060803872],[-74.1578698543491,41.048202312293],[-74.1578719132878,41.0481987155989],[-74.1578741977035,41.0481951202594],[-74.1578762539472,41.0481916949651],[-74.1578785401596,41.0481880989478],[-74.1578810500525,41.0481846756855],[-74.1578835617421,41.0481810796679],[-74.157886071635,41.0481776564052],[-74.1578885815279,41.0481744045427],[-74.1578913177962,41.0481709812797],[-74.1578940549629,41.0481675586939],[-74.157897018505,41.0481643075083],[-74.1578999811488,41.048161057],[-74.1579029428943,41.0481579778919],[-74.1579061319136,41.0481547273833],[-74.1579090936591,41.0481516482748],[-74.1579125090538,41.0481485705212],[-74.1579156971747,41.0481454920899],[-74.1579191134678,41.048142414336],[-74.1579225270658,41.0481395086597],[-74.1579259415622,41.0481366023059],[-74.1579295815358,41.0481336966294],[-74.1579316296946,41.0481319866905],[-74.1579336787518,41.0481301053512],[-74.1579357287072,41.0481282246894],[-74.157937551389,41.0481263426725],[-74.1579396013444,41.0481244620106],[-74.1579414231278,41.0481224092707],[-74.1579432458095,41.0481205279311],[-74.1579450702879,41.0481184738362],[-74.1579466665941,41.0481164197411],[-74.1579484892759,41.0481145384014],[-74.1579500873788,41.0481123129058],[-74.157951683685,41.0481102588106],[-74.1579532817879,41.0481082047153],[-74.1579546508204,41.0481061499425],[-74.1579562489233,41.0481039251241],[-74.1579576197524,41.0481018703512],[-74.1579589905815,41.0480996441777],[-74.1579603614107,41.0480974186817],[-74.1579615067626,41.0480951911531],[-74.1579626512163,41.0480929649794],[-74.1579637947717,41.0480907374507],[-74.1579649401237,41.0480885112768],[-74.1579660845773,41.0480861130249],[-74.1579670026556,41.0480838848186],[-74.1579679216321,41.048081657967],[-74.1579688397103,41.0480792576824],[-74.1579697586868,41.0480770308307],[-74.1579704503896,41.0480746312235],[-74.1579711429907,41.0480722316162],[-74.1579718337951,41.0480700040867],[-74.1579725254979,41.0480676044793],[-74.1579729926219,41.0480652035167],[-74.1583943033884,41.047837256656],[-74.1583839763559,41.0480813476847],[-74.1583744398409,41.0483041679616],[-74.157852872597,41.048243606176]]],"type":"Polygon"},"properties":{"CALC_ACRE":0.338,"DEED_DATE":"210423","NET_VALUE":1049000.0,"PAMS_PIN":"0248_3101_34.01","PCLBLOCK":"3101","PCLLOT":"34.01","PROP_CLASS":"2","PROP_LOC":"33 FRANKLIN ST","SALES_CODE":"","SALE_PRICE":921700.0,"YR_CONSTR":1986,"ZIP5":"07446"},"type":"Feature"},{"geometry":{"coordinates":[[[-74.1509259984755,41.0442765767128],[-74.150547301091,41.0441586008491],[-74.1505212858804,41.0441506299113],[-74.150831092364,41.0439296167302],[-74.151272189423,41.0436039994628],[-74.1514490290749,41.043663938137],[-74.1514575227172,41.043687192589],[-74.1514705074454,41.0437092357064],[-74.1514876944525,41.0437295772063],[-74.1515087014643,41.0437477646539],[-74.1512496228448,41.0440102748521],[-74.1510789249745,41.0443242172729],[-74.1509259984755,41.0442765767128]]],"type":"Polygon"},"properties":{"CALC_ACRE":0.7180000000000001,"DEED_DATE":"200901","NET_VALUE":1012400.0,"PAMS_PIN":"0248_3501_31.01","PCLBLOCK":"3501","PCLLOT":"31.01","PROP_CLASS":"2","PROP_LOC":"169 SNYDER AVENUE","SALES_CODE":"","SALE_PRICE":1.0,"YR_CONSTR":1983,"ZIP5":"07446"},"type":"Feature"},{"geometry":{"coordinates":[[[-74.1526458320701,41.041813883995],[-74.1528256155011,41.0415054014125],[-74.1528325370149,41.0414961197037],[-74.15284170958,41.0414880239763],[-74.1528527862706,41.0414814204284],[-74.1528653481429,41.0414765588206],[-74.1528789200801,41.0414736230296],[-74.1528929887629,41.0414727240936],[-74.152907022084,41.0414738960121],[-74.1529204892732,41.0414770944608],[-74.1531911884993,41.0415684844258],[-74.1529804060044,41.0419295726364],[-74.1526458320701,41.041813883995]]],"type":"Polygon"},"properties":{"CALC_ACRE":0.333,"DEED_DATE":"181109","NET_VALUE":800100.0,"PAMS_PIN":"0248_3505_9","PCLBLOCK":"3505","PCLLOT":"9","PROP_CLASS":"2","PROP_LOC":"58 HIGHWOOD RD","SALES_CODE":"","SALE_PRICE":535000.0,"YR_CONSTR":1957,"ZIP5":"07446"},"type":"Feature"},{"geometry":{"coordinates":[[[-74.1521468161331,41.0472579189332],[-74.1518565560918,41.0472309883875],[-74.1519093258265,41.046874991431],[-74.1522037720171,41.046901785948],[-74.1521468161331,41.0472579189332]]],"type":"Polygon"},"properties":{"CALC_ACRE":0.23,"DEED_DATE":"240305","NET_VALUE":609800.0,"PAMS_PIN":"0248_3207_5","PCLBLOCK":"3207","PCLLOT":"5","PROP_CLASS":"2","PROP_LOC":"94 MOMAR DR","SALES_CODE":"","SALE_PRICE":660000.0,"YR_CONSTR":1951,"ZIP5":"07446"},"type":"Feature"},{"geometry":{"coordinates":[[[-74.1515908640751,41.0425884978548],[-74.1517415304129,41.0423394533446],[-74.1520768185079,41.0424517134364],[-74.1519297804655,41.0427036966371],[-74.1515908640751,41.0425884978548]]],"type":"Polygon"},"properties":{"CALC_ACRE":0.23,"DEED_DATE":"981230","NET_VALUE":712700.0,"PAMS_PIN":"0248_3506_14","PCLBLOCK":"3506","PCLLOT":"14","PROP_CLASS":"2","PROP_LOC":"25 HIGHWOOD RD","SALES_CODE":"","SALE_PRICE":250000.0,"YR_CONSTR":1956,"ZIP5":"07446"},"type":"Feature"},{"geometry":{"coordinates":[[[-74.1604045461447,41.0468034971024],[-74.1601042420402,41.0466436557215],[-74.1606635618822,41.0460544750315],[-74.1609598217713,41.0462140874964],[-74.1609493887376,41.0462258169069],[-74.1604045461447,41.0468034971024]]],"type":"Polygon"},"properties":{"CALC_ACRE":0.611,"DEED_DATE":"180315","NET_VALUE":644300.0,"PAMS_PIN":"0248_3101_49","PCLBLOCK":"3101","PCLLOT":"49","PROP_CLASS":"2","PROP_LOC":"38 W CEDAR PL","SALES_CODE":"","SALE_PRICE":514000.0,"YR_CONSTR":1960,"ZIP5":"07446"},"type":"Feature"},{"geometry":{"coordinates":[[[-74.1608580148018,41.0442968735997],[-74.161529856718,41.0446059921506],[-74.1614660269255,41.0446584739416],[-74.161218294028,41.0448621601844],[-74.1606975747938,41.0444902682409],[-74.1606914005402,41.0444836438145],[-74.1606867741166,41.0444763368105],[-74.160683824554,41.0444685510215],[-74.160682634116,41.0444605035934],[-74.1606832360039,41.0444524189693],[-74.160685613431,41.0444445226299],[-74.1606897000908,41.0444370348046],[-74.1606953820062,41.0444301643294],[-74.1608580148018,41.0442968735997]]],"type":"Polygon"},"properties":{"CALC_ACRE":0.505,"DEED_DATE":"970929","NET_VALUE":1084600.0,"PAMS_PIN":"0248_3101_69","PCLBLOCK":"3101","PCLLOT":"69","PROP_CLASS":"2","PROP_LOC":"3 GOOSE COVE LANE","SALES_CODE":"","SALE_PRICE":425000.0,"YR_CONSTR":1979,"ZIP5":"07446"},"type":"Feature"},{"geometry":{"coordinates":[[[-74.1600582572808,41.0433240441822],[-74.1601280455986,41.0431299516524],[-74.1605602735908,41.0432271287507],[-74.1615807840081,41.0434534892464],[-74.1613715493104,41.0436298711769],[-74.1600582572808,41.0433240441822]]],"type":"Polygon"},"properties":{"CALC_ACRE":0.627,"DEED_DATE":"080116","NET_VALUE":800500.0,"PAMS_PIN":"0248_3509_19","PCLBLOCK":"3509","PCLLOT":"19","PROP_CLASS":"2","PROP_LOC":"520 WYCKOFF AVE","SALES_CODE":"","SALE_PRICE":0.0,"YR_CONSTR":1957,"ZIP5":"07446"},"type":"Feature"},{"geometry":{"coordinates":[[[-74.1510032392169,41.0463207679425],[-74.151063007726,41.0458145166604],[-74.1510849697381,41.045625129922],[-74.1512390317076,41.0456729443001],[-74.1513847240736,41.0457183332054],[-74.1512890436144,41.0463475430379],[-74.1510032392169,41.0463207679425]]],"type":"Polygon"},"properties":{"CALC_ACRE":0.42200000000000004,"DEED_DATE":null,"NET_VALUE":722700.0,"PAMS_PIN":"0248_3211_13","PCLBLOCK":"3211","PCLLOT":"13","PROP_CLASS":"2","PROP_LOC":"94 ALDER DRIVE","SALES_CODE":"","SALE_PRICE":0.0,"YR_CONSTR":1951,"ZIP5":"07446"},"type":"Feature"},{"geometry":{"coordinates":[[[-74.1601086887008,41.0428239048486],[-74.1601148053296,41.0428093400604],[-74.1600083792229,41.0424763646944],[-74.1607137516554,41.0426213288643],[-74.1608138967416,41.0426419101461],[-74.160766891496,41.0427450217492],[-74.1602983625832,41.0428964963499],[-74.1602808840627,41.0428989469604],[-74.1602682729083,41.042881315977],[-74.1602521460006,41.0428653981287],[-74.1602329038212,41.0428515887068],[-74.1602110242137,41.042840230644],[-74.1601870505175,41.0428316059979],[-74.1601615780745,41.0428259289467],[-74.1601352394453,41.0428233404702],[-74.1601086887008,41.0428239048486]]],"type":"Polygon"},"properties":{"CALC_ACRE":0.54,"DEED_DATE":"940607","NET_VALUE":1438900.0,"PAMS_PIN":"0248_3509_22.06","PCLBLOCK":"3509","PCLLOT":"22.06","PROP_CLASS":"2","PROP_LOC":"17 SYCAMORE COURT","SALES_CODE":"","SALE_PRICE":535000.0,"YR_CONSTR":1994,"ZIP5":"07446"},"type":"Feature"},{"geometry":{"coordinates":[[[-74.1556218383169,41.048516937249],[-74.1557936635729,41.0483760894977],[-74.1562937395219,41.0484295634836],[-74.1562494355104,41.0488435626626],[-74.1556218383169,41.048516937249]]],"type":"Polygon"},"properties":{"CALC_ACRE":0.263,"DEED_DATE":"160919","NET_VALUE":762700.0,"PAMS_PIN":"0248_3101_29.02","PCLBLOCK":"3101","PCLLOT":"29.02","PROP_CLASS":"2","PROP_LOC":"329 WYCKOFF AVE","SALES_CODE":"","SALE_PRICE":578500.0,"YR_CONSTR":1980,"ZIP5":"07446"},"type":"Feature"},{"geometry":{"coordinates":[[[-74.1506768534264,41.0452061986045],[-74.1507882319452,41.0449993352551],[-74.1507960145311,41.0449913767713],[-74.1508055336614,41.0449845762197],[-74.1508164918457,41.0449791461307],[-74.1508285466205,41.0449752562047],[-74.1508413212517,41.0449730280096],[-74.1508544165085,41.0449725311807],[-74.1508674231398,41.0449737812449],[-74.1508799346643,41.0449767391353],[-74.1511385659228,41.0450563275508],[-74.151008957892,41.0453011775338],[-74.1506768534264,41.0452061986045]]],"type":"Polygon"},"properties":{"CALC_ACRE":0.23,"DEED_DATE":"160701","NET_VALUE":1048900.0,"PAMS_PIN":"0248_3211_19","PCLBLOCK":"3211","PCLLOT":"19","PROP_CLASS":"2","PROP_LOC":"149 PINE ST","SALES_CODE":"","SALE_PRICE":787500.0,"YR_CONSTR":1951,"ZIP5":"07446"},"type":"Feature"},{"geometry":{"coordinates":[[[-74.1532137604674,41.048078128336],[-74.1534655061393,41.0478741485391],[-74.1537193862082,41.0480530157851],[-74.1534756310508,41.0482543745714],[-74.1532137604674,41.048078128336]]],"type":"Polygon"},"properties":{"CALC_ACRE":0.23,"DEED_DATE":"190715","NET_VALUE":798800.0,"PAMS_PIN":"0248_3203_5","PCLBLOCK":"3203","PCLLOT":"5","PROP_CLASS":"2","PROP_LOC":"33 GARDEN STREET","SALES_CODE":"","SALE_PRICE":645000.0,"YR_CONSTR":1958,"ZIP5":"07446"},"type":"Feature"},{"geometry":{"coordinates":[[[-74.1576857122923,41.0485783252929],[-74.157458095369,41.0485539757613],[-74.1571878991995,41.0485250377316],[-74.1569113609242,41.0484955644895],[-74.1569185968538,41.0483240327354],[-74.1576977703784,41.0483942849659],[-74.1576857122923,41.0485783252929]]],"type":"Polygon"},"properties":{"CALC_ACRE":0.325,"DEED_DATE":"981210","NET_VALUE":1133400.0,"PAMS_PIN":"0248_3101_30.01","PCLBLOCK":"3101","PCLLOT":"30.01","PROP_CLASS":"2","PROP_LOC":"28 FRANKLIN STREET","SALES_CODE":"","SALE_PRICE":427500.0,"YR_CONSTR":1985,"ZIP5":"07446"},"type":"Feature"},{"geometry":{"coordinates":[[[-74.1545918057577,41.0483608294998],[-74.1547171970966,41.0482578357685],[-74.1552411385878,41.0486265650067],[-74.1551192569666,41.0487264458835],[-74.1545918057577,41.0483608294998]]],"type":"Polygon"},"properties":{"CALC_ACRE":0.224,"DEED_DATE":"240430","NET_VALUE":719800.0,"PAMS_PIN":"0248_3202_11","PCLBLOCK":"3202","PCLLOT":"11","PROP_CLASS":"2","PROP_LOC":"318 WYCKOFF AVE","SALES_CODE":"","SALE_PRICE":437750.0,"YR_CONSTR":1949,"ZIP5":"07450"},"type":"Feature"},{"geometry":{"coordinates":[[[-74.1517415304129,41.0423394533446],[-74.151881265152,41.0420950672933],[-74.1522167571645,41.0422118909854],[-74.1520768185079,41.0424517134364],[-74.1517415304129,41.0423394533446]]],"type":"Polygon"},"properties":{"CALC_ACRE":0.23,"DEED_DATE":"960716","NET_VALUE":656700.0,"PAMS_PIN":"0248_3506_13","PCLBLOCK":"3506","PCLLOT":"13","PROP_CLASS":"2","PROP_LOC":"33 HIGHWOOD ROAD","SALES_CODE":"","SALE_PRICE":1.0,"YR_CONSTR":1956,"ZIP5":"07446"},"type":"Feature"},{"geometry":{"coordinates":[[[-74.152353831992,41.0477552564031],[-74.152412229672,41.047420262785],[-74.1526980008319,41.0474468199623],[-74.1526422073679,41.0477835152635],[-74.1523781969975,41.0477576445049],[-74.152353831992,41.0477552564031]]],"type":"Polygon"},"properties":{"CALC_ACRE":0.23,"DEED_DATE":"020501","NET_VALUE":851600.0,"PAMS_PIN":"0248_3204_7","PCLBLOCK":"3204","PCLLOT":"7","PROP_CLASS":"2","PROP_LOC":"83 MOMAR DR","SALES_CODE":"","SALE_PRICE":380000.0,"YR_CONSTR":1952,"ZIP5":"07446"},"type":"Feature"},{"geometry":{"coordinates":[[[-74.1516262073917,41.0468490891508],[-74.1513369723281,41.0468226536796],[-74.1513932544756,41.0464949349299],[-74.1516802338695,41.0465217546687],[-74.1516262073917,41.0468490891508]]],"type":"Polygon"},"properties":{"CALC_ACRE":0.23,"DEED_DATE":"100617","NET_VALUE":910500.0,"PAMS_PIN":"0248_3207_10","PCLBLOCK":"3207","PCLLOT":"10","PROP_CLASS":"2","PROP_LOC":"85 ALDER DRIVE","SALES_CODE":"","SALE_PRICE":427000.0,"YR_CONSTR":1951,"ZIP5":"07446"},"type":"Feature"},{"geometry":{"coordinates":[[[-74.151881265152,41.0420950672933],[-74.1520232834085,41.0418467431699],[-74.1523632337598,41.0419608646143],[-74.1522167571645,41.0422118909854],[-74.151881265152,41.0420950672933]]],"type":"Polygon"},"properties":{"CALC_ACRE":0.23,"DEED_DATE":"121217","NET_VALUE":659800.0,"PAMS_PIN":"0248_3506_12","PCLBLOCK":"3506","PCLLOT":"12","PROP_CLASS":"2","PROP_LOC":"41 HIGHWOOD ROAD","SALES_CODE":"","SALE_PRICE":445000.0,"YR_CONSTR":1956,"ZIP5":"07446"},"type":"Feature"},{"geometry":{"coordinates":[[[-74.1536940770734,41.0484864051203],[-74.1534301125171,41.0482919795967],[-74.1534756310508,41.0482543745714],[-74.1537193862082,41.0480530157851],[-74.1539958490251,41.0482419301135],[-74.1536940770734,41.0484864051203]]],"type":"Polygon"},"properties":{"CALC_ACRE":0.28700000000000003,"DEED_DATE":"180629","NET_VALUE":726000.0,"PAMS_PIN":"0248_3203_10","PCLBLOCK":"3203","PCLLOT":"10","PROP_CLASS":"2","PROP_LOC":"72 CENTER ST","SALES_CODE":"","SALE_PRICE":483000.0,"YR_CONSTR":1932,"ZIP5":"07446"},"type":"Feature"},{"geometry":{"coordinates":[[[-74.1607231911524,41.0459505068409],[-74.161067772319,41.0455821542006],[-74.1612718363139,41.0456920029694],[-74.1613587653856,41.0457387969892],[-74.1610348840981,41.0460999110982],[-74.1610235419693,41.046112557854],[-74.1607231911524,41.0459505068409]]],"type":"Polygon"},"properties":{"CALC_ACRE":0.367,"DEED_DATE":"240422","NET_VALUE":1338700.0,"PAMS_PIN":"0248_3101_60","PCLBLOCK":"3101","PCLLOT":"60","PROP_CLASS":"2","PROP_LOC":"37 W CEDAR PL","SALES_CODE":"","SALE_PRICE":1350000.0,"YR_CONSTR":2006,"ZIP5":"07446"},"type":"Feature"},{"geometry":{"coordinates":[[[-74.1518565560918,41.0472309883875],[-74.1515684681768,41.0472042590428],[-74.1516262073917,41.0468490891508],[-74.1519093258265,41.046874991431],[-74.1518565560918,41.0472309883875]]],"type":"Polygon"},"properties":{"CALC_ACRE":0.23,"DEED_DATE":null,"NET_VALUE":764500.0,"PAMS_PIN":"0248_3207_6","PCLBLOCK":"3207","PCLLOT":"6","PROP_CLASS":"2","PROP_LOC":"100 MOMAR DR","SALES_CODE":"","SALE_PRICE":0.0,"YR_CONSTR":1951,"ZIP5":"07446"},"type":"Feature"},{"geometry":{"coordinates":[[[-74.1531052098451,41.0413904519005],[-74.1533052323195,41.0410578738499],[-74.1535905058127,41.0411178792096],[-74.1533726886109,41.041481501183],[-74.1531052098451,41.0413904519005]]],"type":"Polygon"},"properties":{"CALC_ACRE":0.0,"DEED_DATE":"200309","NET_VALUE":1085100.0,"PAMS_PIN":"0248_3510_13.01","PCLBLOCK":"3510","PCLLOT":"13.01","PROP_CLASS":"2","PROP_LOC":"160 FOREST AVE","SALES_CODE":"","SALE_PRICE":210000.0,"YR_CONSTR":2021,"ZIP5":"07446"},"type":"Feature"},{"geometry":{"coordinates":[[[-74.1526422118595,41.0479387057279],[-74.1528138610456,41.0478003356209],[-74.1529330171782,41.047812012583],[-74.1532584848905,41.0478439053939],[-74.1529099403569,41.0481264429383],[-74.1526422118595,41.0479387057279]]],"type":"Polygon"},"properties":{"CALC_ACRE":0.249,"DEED_DATE":"191125","NET_VALUE":705400.0,"PAMS_PIN":"0248_3204_4","PCLBLOCK":"3204","PCLLOT":"4","PROP_CLASS":"2","PROP_LOC":"30 GARDEN STREET","SALES_CODE":"","SALE_PRICE":548000.0,"YR_CONSTR":1958,"ZIP5":"07481"},"type":"Feature"},{"geometry":{"coordinates":[[[-74.1505552538762,41.0454320421358],[-74.1506768534264,41.0452061986045],[-74.151008957892,41.0453011775338],[-74.15088811113,41.0455286345409],[-74.1505552538762,41.0454320421358]]],"type":"Polygon"},"properties":{"CALC_ACRE":0.20700000000000002,"DEED_DATE":"131007","NET_VALUE":554500.0,"PAMS_PIN":"0248_3211_18","PCLBLOCK":"3211","PCLLOT":"18","PROP_CLASS":"2","PROP_LOC":"27 HICKORY PLACE","SALES_CODE":"","SALE_PRICE":1.0,"YR_CONSTR":1945,"ZIP5":"07446"},"type":"Feature"},{"geometry":{"coordinates":[[[-74.1544684535944,41.0484618468944],[-74.1545918057577,41.0483608294998],[-74.1551192569666,41.0487264458835],[-74.154999772949,41.0488245597807],[-74.1544684535944,41.0484618468944]]],"type":"Polygon"},"properties":{"CALC_ACRE":0.23,"DEED_DATE":"130913","NET_VALUE":577400.0,"PAMS_PIN":"0248_3202_12","PCLBLOCK":"3202","PCLLOT":"12","PROP_CLASS":"2","PROP_LOC":"314 WYCKOFF AVE","SALES_CODE":"","SALE_PRICE":355000.0,"YR_CONSTR":1910,"ZIP5":"07446"},"type":"Feature"},{"geometry":{"coordinates":[[[-74.1505829417499,41.0436469459877],[-74.1506011848787,41.043626198497],[-74.1506168881862,41.0436043009585],[-74.1506971032495,41.0434661710644],[-74.1507042805733,41.0434576790699],[-74.150713386874,41.0434503138511],[-74.1507241180992,41.0434443213275],[-74.1507361159414,41.0434399015851],[-74.1507489798019,41.0434372021962],[-74.1507622801662,41.0434363132916],[-74.1507755729452,41.0434372645511],[-74.1507884143032,41.0434400242128],[-74.151272189423,41.0436039994628],[-74.150831092364,41.0439296167302],[-74.1505829417499,41.0436469459877]]],"type":"Polygon"},"properties":{"CALC_ACRE":0.312,"DEED_DATE":"170222","NET_VALUE":1033300.0,"PAMS_PIN":"0248_3501_30","PCLBLOCK":"3501","PCLLOT":"30","PROP_CLASS":"2","PROP_LOC":"175 SNYDER AVE","SALES_CODE":"","SALE_PRICE":680000.0,"YR_CONSTR":1957,"ZIP5":"07446"},"type":"Feature"},{"geometry":{"coordinates":[[[-74.161067772319,41.0455821542006],[-74.1608362162831,41.0454575059541],[-74.1612457034239,41.0450665483676],[-74.1613220156488,41.0451152504509],[-74.1613995712988,41.0451628221191],[-74.1614783409417,41.0452092453214],[-74.1615582946849,41.045254502443],[-74.1616306683541,41.0452950454723],[-74.1612718363139,41.0456920029694],[-74.161067772319,41.0455821542006]]],"type":"Polygon"},"properties":{"CALC_ACRE":0.541,"DEED_DATE":"240129","NET_VALUE":870600.0,"PAMS_PIN":"0248_3101_68.01","PCLBLOCK":"3101","PCLLOT":"68.01","PROP_CLASS":"2","PROP_LOC":"6 GOOSE COVE LANE","SALES_CODE":"","SALE_PRICE":775000.0,"YR_CONSTR":1980,"ZIP5":"07446"},"type":"Feature"},{"geometry":{"coordinates":[[[-74.153942767575,41.0484838734217],[-74.1541971417174,41.0482776321318],[-74.1544684535944,41.0484618468944],[-74.154344875954,41.0485630362108],[-74.1542062757872,41.0486765322239],[-74.153942767575,41.0484838734217]]],"type":"Polygon"},"properties":{"CALC_ACRE":0.23,"DEED_DATE":"220218","NET_VALUE":715400.0,"PAMS_PIN":"0248_3202_9","PCLBLOCK":"3202","PCLLOT":"9","PROP_CLASS":"2","PROP_LOC":"73 CENTER ST","SALES_CODE":"","SALE_PRICE":690000.0,"YR_CONSTR":1944,"ZIP5":"07446"},"type":"Feature"},{"geometry":{"coordinates":[[[-74.1562374663576,41.0489464213393],[-74.1562494355104,41.0488435626626],[-74.1562937395219,41.0484295634836],[-74.1565571399363,41.048457626266],[-74.1565203422473,41.0489586014533],[-74.1562374663576,41.0489464213393]]],"type":"Polygon"},"properties":{"CALC_ACRE":0.322,"DEED_DATE":"170323","NET_VALUE":628800.0,"PAMS_PIN":"0248_3101_28","PCLBLOCK":"3101","PCLLOT":"28","PROP_CLASS":"2","PROP_LOC":"24 RAMSEY AVE","SALES_CODE":"","SALE_PRICE":510000.0,"YR_CONSTR":1967,"ZIP5":"07446"},"type":"Feature"},{"geometry":{"coordinates":[[[-74.150979294623,41.0429840055144],[-74.151309303319,41.0430924764718],[-74.1511269156719,41.0434039862297],[-74.1508635296306,41.0433151300336],[-74.1508514581604,41.0433098962054],[-74.1508409567554,41.0433030003308],[-74.1508324219783,41.0432947028169],[-74.1508261761258,41.0432853170005],[-74.1508224550591,41.0432751973158],[-74.1508213992958,41.0432647259104],[-74.1508230487047,41.0432542982135],[-74.1508273409994,41.0432443080044],[-74.150979294623,41.0429840055144]]],"type":"Polygon"},"properties":{"CALC_ACRE":0.28900000000000003,"DEED_DATE":"200401","NET_VALUE":622800.0,"PAMS_PIN":"0248_3506_2","PCLBLOCK":"3506","PCLLOT":"2","PROP_CLASS":"2","PROP_LOC":"44 MAYFAIR DRIVE","SALES_CODE":"","SALE_PRICE":539900.0,"YR_CONSTR":1956,"ZIP5":"07446"},"type":"Feature"},{"geometry":{"coordinates":[[[-74.150979294623,41.0429840055144],[-74.1511251909066,41.0427340756175],[-74.1514497629985,41.0428411485726],[-74.151309303319,41.0430924764718],[-74.150979294623,41.0429840055144]]],"type":"Polygon"},"properties":{"CALC_ACRE":0.23,"DEED_DATE":"030909","NET_VALUE":986200.0,"PAMS_PIN":"0248_3506_3","PCLBLOCK":"3506","PCLLOT":"3","PROP_CLASS":"2","PROP_LOC":"52 MAYFAIR DRIVE","SALES_CODE":"","SALE_PRICE":1.0,"YR_CONSTR":1956,"ZIP5":"07446"},"type":"Feature"},{"geometry":{"coordinates":[[[-74.152353831992,41.0477552564031],[-74.1521591059845,41.0477361732647],[-74.1520651538839,41.0477269663666],[-74.1521194543479,41.0473930525067],[-74.152412229672,41.047420262785],[-74.152353831992,41.0477552564031]]],"type":"Polygon"},"properties":{"CALC_ACRE":0.23,"DEED_DATE":"240624","NET_VALUE":645700.0,"PAMS_PIN":"0248_3204_8","PCLBLOCK":"3204","PCLLOT":"8","PROP_CLASS":"2","PROP_LOC":"89 MOMAR DRIVE","SALES_CODE":"","SALE_PRICE":771000.0,"YR_CONSTR":1951,"ZIP5":"07446"},"type":"Feature"},{"geometry":{"coordinates":[[[-74.1565203422473,41.0489586014533],[-74.1565571399363,41.048457626266],[-74.1568406985456,41.0484879768465],[-74.1567929719528,41.048970339859],[-74.1565203422473,41.0489586014533]]],"type":"Polygon"},"properties":{"CALC_ACRE":0.308,"DEED_DATE":"010824","NET_VALUE":645700.0,"PAMS_PIN":"0248_3101_27","PCLBLOCK":"3101","PCLLOT":"27","PROP_CLASS":"2","PROP_LOC":"30 RAMSEY AVE","SALES_CODE":"","SALE_PRICE":389000.0,"YR_CONSTR":1969,"ZIP5":"07446"},"type":"Feature"},{"geometry":{"coordinates":[[[-74.1511251909066,41.0427340756175],[-74.151271992692,41.0424825945829],[-74.1515908640751,41.0425884978548],[-74.1514497629985,41.0428411485726],[-74.1511251909066,41.0427340756175]]],"type":"Polygon"},"properties":{"CALC_ACRE":0.23,"DEED_DATE":null,"NET_VALUE":631900.0,"PAMS_PIN":"0248_3506_4","PCLBLOCK":"3506","PCLLOT":"4","PROP_CLASS":"2","PROP_LOC":"60 MAYFAIR DR","SALES_CODE":"","SALE_PRICE":0.0,"YR_CONSTR":1956,"ZIP5":"07446"},"type":"Feature"},{"geometry":{"coordinates":[[[-74.1520232834085,41.0418467431699],[-74.1521703322306,41.0415896839525],[-74.1525142100163,41.0417021241933],[-74.1523632337598,41.0419608646143],[-74.1520232834085,41.0418467431699]]],"type":"Polygon"},"properties":{"CALC_ACRE":0.23,"DEED_DATE":"240423","NET_VALUE":715100.0,"PAMS_PIN":"0248_3506_11","PCLBLOCK":"3506","PCLLOT":"11","PROP_CLASS":"2","PROP_LOC":"49 HIGHWOOD RD","SALES_CODE":"","SALE_PRICE":800000.0,"YR_CONSTR":1956,"ZIP5":"07446"},"type":"Feature"},{"geometry":{"coordinates":[[[-74.1556218383169,41.048516937249],[-74.1562494355104,41.0488435626626],[-74.1562374663576,41.0489464213393],[-74.15575523634,41.0489256550492],[-74.1554165732745,41.048685183467],[-74.1556218383169,41.048516937249]]],"type":"Polygon"},"properties":{"CALC_ACRE":0.275,"DEED_DATE":"140529","NET_VALUE":850700.0,"PAMS_PIN":"0248_3101_29.01","PCLBLOCK":"3101","PCLLOT":"29.01","PROP_CLASS":"2","PROP_LOC":"325 WYCKOFF AVE.","SALES_CODE":"","SALE_PRICE":1.0,"YR_CONSTR":1880,"ZIP5":"07446"},"type":"Feature"},{"geometry":{"coordinates":[[[-74.1618911564303,41.0443089238147],[-74.161529856718,41.0446059921506],[-74.1608580148018,41.0442968735997],[-74.1611874863053,41.0440268454938],[-74.1618911564303,41.0443089238147]]],"type":"Polygon"},"properties":{"CALC_ACRE":0.7050000000000001,"DEED_DATE":"220930","NET_VALUE":851300.0,"PAMS_PIN":"0248_3101_70","PCLBLOCK":"3101","PCLLOT":"70","PROP_CLASS":"2","PROP_LOC":"503 WYCKOFF AVENUE","SALES_CODE":"","SALE_PRICE":675000.0,"YR_CONSTR":1890,"ZIP5":"07446"},"type":"Feature"},{"geometry":{"coordinates":[[[-74.1507760445017,41.0457942879911],[-74.1504363420855,41.0457703418945],[-74.1504390172684,41.0457493029261],[-74.1504446009338,41.045711796751],[-74.1504522782393,41.0456745016727],[-74.1504620355069,41.0456374841364],[-74.1504738553532,41.045600810093],[-74.1504877167199,41.0455645448815],[-74.1505035949118,41.0455287531126],[-74.1505214616401,41.0454934985538],[-74.1505412850736,41.0454588440153],[-74.1505552538762,41.0454320421358],[-74.15088811113,41.0455286345409],[-74.150872089677,41.0455589519199],[-74.1510849697381,41.045625129922],[-74.151063007726,41.0458145166604],[-74.1507760445017,41.0457942879911]]],"type":"Polygon"},"properties":{"CALC_ACRE":0.454,"DEED_DATE":"160210","NET_VALUE":1014800.0,"PAMS_PIN":"0248_3211_17","PCLBLOCK":"3211","PCLLOT":"17","PROP_CLASS":"2","PROP_LOC":"19 HICKORY PL","SALES_CODE":"","SALE_PRICE":1.0,"YR_CONSTR":1951,"ZIP5":"07446"},"type":"Feature"},{"geometry":{"coordinates":[[[-74.1506679601051,41.0447626060976],[-74.150281477022,41.0446438675539],[-74.150547301091,41.0441586008491],[-74.1509259984755,41.0442765767128],[-74.1506679601051,41.0447626060976]]],"type":"Polygon"},"properties":{"CALC_ACRE":0.515,"DEED_DATE":"180426","NET_VALUE":1356000.0,"PAMS_PIN":"0248_3501_20","PCLBLOCK":"3501","PCLLOT":"20","PROP_CLASS":"2","PROP_LOC":"166 PINE ST","SALES_CODE":"","SALE_PRICE":1050000.0,"YR_CONSTR":1966,"ZIP5":"07446"},"type":"Feature"},{"geometry":{"coordinates":[[[-74.1507116020582,41.0462934467785],[-74.1507474232784,41.0460159791784],[-74.1507760445017,41.0457942879911],[-74.151063007726,41.0458145166604],[-74.1510032392169,41.0463207679425],[-74.1507116020582,41.0462934467785]]],"type":"Polygon"},"properties":{"CALC_ACRE":0.331,"DEED_DATE":"021015","NET_VALUE":1297700.0,"PAMS_PIN":"0248_3211_14","PCLBLOCK":"3211","PCLLOT":"14","PROP_CLASS":"2","PROP_LOC":"100 ALDER DRIVE","SALES_CODE":"","SALE_PRICE":360000.0,"YR_CONSTR":2009,"ZIP5":"07446"},"type":"Feature"},{"geometry":{"coordinates":[[[-74.151271992692,41.0424825945829],[-74.1514187621381,41.0422311634023],[-74.1517415304129,41.0423394533446],[-74.1515908640751,41.0425884978548],[-74.151271992692,41.0424825945829]]],"type":"Polygon"},"properties":{"CALC_ACRE":0.23,"DEED_DATE":"030514","NET_VALUE":621200.0,"PAMS_PIN":"0248_3506_5","PCLBLOCK":"3506","PCLLOT":"5","PROP_CLASS":"2","PROP_LOC":"68 MAYFAIR DRIVE","SALES_CODE":"","SALE_PRICE":389000.0,"YR_CONSTR":1956,"ZIP5":"07446"},"type":"Feature"},{"geometry":{"coordinates":[[[-74.1606685367522,41.0469440074453],[-74.1604045461447,41.0468034971024],[-74.1609493887376,41.0462258169069],[-74.1612444826135,41.0463841044637],[-74.1607208375664,41.0469486184016],[-74.1606685367522,41.0469440074453]]],"type":"Polygon"},"properties":{"CALC_ACRE":0.5850000000000001,"DEED_DATE":"160912","NET_VALUE":1229400.0,"PAMS_PIN":"0248_3101_50","PCLBLOCK":"3101","PCLLOT":"50","PROP_CLASS":"2","PROP_LOC":"48 W CEDAR PL","SALES_CODE":"","SALE_PRICE":1055000.0,"YR_CONSTR":1960,"ZIP5":"07446"},"type":"Feature"},{"geometry":{"coordinates":[[[-74.1571324794347,41.0489849568033],[-74.1567929719528,41.048970339859],[-74.1568406985456,41.0484879768465],[-74.1569113609242,41.0484955644895],[-74.1571878991995,41.0485250377316],[-74.1571324794347,41.0489849568033]]],"type":"Polygon"},"properties":{"CALC_ACRE":0.395,"DEED_DATE":"031023","NET_VALUE":798200.0,"PAMS_PIN":"0248_3101_26","PCLBLOCK":"3101","PCLLOT":"26","PROP_CLASS":"2","PROP_LOC":"36 RAMSEY AVENUE","SALES_CODE":"","SALE_PRICE":429000.0,"YR_CONSTR":1915,"ZIP5":"07446"},"type":"Feature"},{"geometry":{"coordinates":[[[-74.154344875954,41.0485630362108],[-74.1544684535944,41.0484618468944],[-74.154999772949,41.0488245597807],[-74.1548775616462,41.0489245528159],[-74.154344875954,41.0485630362108]]],"type":"Polygon"},"properties":{"CALC_ACRE":0.224,"DEED_DATE":"190313","NET_VALUE":718600.0,"PAMS_PIN":"0248_3202_13","PCLBLOCK":"3202","PCLLOT":"13","PROP_CLASS":"2","PROP_LOC":"310 WYCKOFF AVE","SALES_CODE":"","SALE_PRICE":404000.0,"YR_CONSTR":1920,"ZIP5":"07446"},"type":"Feature"},{"geometry":{"coordinates":[[[-74.150979457218,41.0467898715125],[-74.15102299317,41.0465162575276],[-74.1510268965259,41.0465052318151],[-74.1510335955421,41.0464949991569],[-74.1510428291979,41.0464859582591],[-74.1510542377126,41.0464784613922],[-74.1510673765645,41.0464728006649],[-74.1510817338108,41.0464691966427],[-74.1510967500352,41.046467789753],[-74.1511118401448,41.0464686348141],[-74.1513932544756,41.0464949349299],[-74.1513369723281,41.0468226536796],[-74.150979457218,41.0467898715125]]],"type":"Polygon"},"properties":{"CALC_ACRE":0.28700000000000003,"DEED_DATE":null,"NET_VALUE":700300.0,"PAMS_PIN":"0248_3207_9","PCLBLOCK":"3207","PCLLOT":"9","PROP_CLASS":"2","PROP_LOC":"91 ALDER DR","SALES_CODE":"","SALE_PRICE":0.0,"YR_CONSTR":1951,"ZIP5":"07446"},"type":"Feature"},{"geometry":{"coordinates":[[[-74.1515684681768,41.0472042590428],[-74.1512756452419,41.0471770900016],[-74.1513369723281,41.0468226536796],[-74.1516262073917,41.0468490891508],[-74.1515684681768,41.0472042590428]]],"type":"Polygon"},"properties":{"CALC_ACRE":0.23,"DEED_DATE":"160121","NET_VALUE":831600.0,"PAMS_PIN":"0248_3207_7","PCLBLOCK":"3207","PCLLOT":"7","PROP_CLASS":"2","PROP_LOC":"106 MOMAR DRIVE","SALES_CODE":"","SALE_PRICE":489000.0,"YR_CONSTR":1951,"ZIP5":"07446"},"type":"Feature"},{"geometry":{"coordinates":[[[-74.1514187621381,41.0422311634023],[-74.151559696128,41.0419897303243],[-74.151881265152,41.0420950672933],[-74.1517415304129,41.0423394533446],[-74.1514187621381,41.0422311634023]]],"type":"Polygon"},"properties":{"CALC_ACRE":0.23,"DEED_DATE":"210624","NET_VALUE":802800.0,"PAMS_PIN":"0248_3506_6","PCLBLOCK":"3506","PCLLOT":"6","PROP_CLASS":"2","PROP_LOC":"76 MAYFAIR DR.","SALES_CODE":"","SALE_PRICE":620321.0,"YR_CONSTR":1956,"ZIP5":"07446"},"type":"Feature"},{"geometry":{"coordinates":[[[-74.1529074313623,41.048326330713],[-74.1532137604674,41.048078128336],[-74.1534756310508,41.0482543745714],[-74.1534301125171,41.0482919795967],[-74.1531811228765,41.0484976097655],[-74.1531689102802,41.0485076959092],[-74.1529074313623,41.048326330713]]],"type":"Polygon"},"properties":{"CALC_ACRE":0.28700000000000003,"DEED_DATE":null,"NET_VALUE":845100.0,"PAMS_PIN":"0248_3203_4","PCLBLOCK":"3203","PCLLOT":"4","PROP_CLASS":"2","PROP_LOC":"25 GARDEN STREET","SALES_CODE":"","SALE_PRICE":0.0,"YR_CONSTR":1958,"ZIP5":"07446"},"type":"Feature"},{"geometry":{"coordinates":[[[-74.1618529465897,41.043224060252],[-74.1615807840081,41.0434534892464],[-74.1605602735908,41.0432271287507],[-74.1606732421277,41.0429639541642],[-74.1618529465897,41.043224060252]]],"type":"Polygon"},"properties":{"CALC_ACRE":0.8160000000000001,"DEED_DATE":null,"NET_VALUE":659900.0,"PAMS_PIN":"0248_3509_18","PCLBLOCK":"3509","PCLLOT":"18","PROP_CLASS":"2","PROP_LOC":"528 WYCKOFF AVE","SALES_CODE":"","SALE_PRICE":0.0,"YR_CONSTR":1900,"ZIP5":"07446"},"type":"Feature"},{"geometry":{"coordinates":[[[-74.1517833640574,41.0476993510844],[-74.1518375127061,41.0473668489521],[-74.1521194543479,41.0473930525067],[-74.1520651538839,41.0477269663666],[-74.1517833640574,41.0476993510844]]],"type":"Polygon"},"properties":{"CALC_ACRE":0.23,"DEED_DATE":"050429","NET_VALUE":802500.0,"PAMS_PIN":"0248_3204_9","PCLBLOCK":"3204","PCLLOT":"9","PROP_CLASS":"2","PROP_LOC":"95 MOMAR DR","SALES_CODE":"","SALE_PRICE":560000.0,"YR_CONSTR":1951,"ZIP5":"07446"},"type":"Feature"},{"geometry":{"coordinates":[[[-74.1533052323195,41.0410578738499],[-74.1531052098451,41.0413904519005],[-74.1527489200371,41.0412691698761],[-74.1529307866613,41.0409791105919],[-74.1533052323195,41.0410578738499]]],"type":"Polygon"},"properties":{"CALC_ACRE":0.26,"DEED_DATE":"140523","NET_VALUE":1023200.0,"PAMS_PIN":"0248_3510_13.02","PCLBLOCK":"3510","PCLLOT":"13.02","PROP_CLASS":"2","PROP_LOC":"180 FOREST AVE","SALES_CODE":"","SALE_PRICE":650000.0,"YR_CONSTR":1951,"ZIP5":"07446"},"type":"Feature"},{"geometry":{"coordinates":[[[-74.1591759760262,41.0485638722056],[-74.1583636295147,41.0485540895759],[-74.1583744398409,41.0483041679616],[-74.1583839763559,41.0480813476847],[-74.159189324093,41.0480849321907],[-74.1591801262428,41.0483951148656],[-74.1591759760262,41.0485638722056]]],"type":"Polygon"},"properties":{"CALC_ACRE":0.93,"DEED_DATE":"221219","NET_VALUE":1150200.0,"PAMS_PIN":"0248_3101_18.02","PCLBLOCK":"3101","PCLLOT":"18.02","PROP_CLASS":"2","PROP_LOC":"18 HUBBARD SCHOOL ROAD","SALES_CODE":"","SALE_PRICE":835000.0,"YR_CONSTR":1993,"ZIP5":"07446"},"type":"Feature"},{"geometry":{"coordinates":[[[-74.1523963959668,41.0481368624551],[-74.1521377215892,41.0479531149168],[-74.1523781969975,41.0477576445049],[-74.1526422073679,41.0477835152635],[-74.1528138610456,41.0478003356209],[-74.1526422118595,41.0479387057279],[-74.1523963959668,41.0481368624551]]],"type":"Polygon"},"properties":{"CALC_ACRE":0.312,"DEED_DATE":null,"NET_VALUE":602900.0,"PAMS_PIN":"0248_3204_29","PCLBLOCK":"3204","PCLLOT":"29","PROP_CLASS":"2","PROP_LOC":"21 PARK PL","SALES_CODE":"","SALE_PRICE":0.0,"YR_CONSTR":1958,"ZIP5":"07446"},"type":"Feature"},{"geometry":{"coordinates":[[[-74.1521703322306,41.0415896839525],[-74.1523463193813,41.0412822396692],[-74.1526276034563,41.0413778130452],[-74.1526391451084,41.0413832470613],[-74.1526491395949,41.0413902100561],[-74.152657235806,41.0413984574169],[-74.1526631493188,41.0414076994103],[-74.1526666723896,41.0414176113617],[-74.1526676812517,41.0414278450604],[-74.1526661404634,41.041438040993],[-74.1526621041531,41.0414478409727],[-74.1525142100163,41.0417021241933],[-74.1521703322306,41.0415896839525]]],"type":"Polygon"},"properties":{"CALC_ACRE":0.28500000000000003,"DEED_DATE":"010312","NET_VALUE":725900.0,"PAMS_PIN":"0248_3506_10","PCLBLOCK":"3506","PCLLOT":"10","PROP_CLASS":"2","PROP_LOC":"57 HIGHWOOD RD","SALES_CODE":"","SALE_PRICE":0.0,"YR_CONSTR":1956,"ZIP5":"07446"},"type":"Feature"},{"geometry":{"coordinates":[[[-74.1574450338648,41.0489984132503],[-74.1571324794347,41.0489849568033],[-74.1571878991995,41.0485250377316],[-74.157458095369,41.0485539757613],[-74.1574450338648,41.0489984132503]]],"type":"Polygon"},"properties":{"CALC_ACRE":0.28400000000000003,"DEED_DATE":"930714","NET_VALUE":615100.0,"PAMS_PIN":"0248_3101_25","PCLBLOCK":"3101","PCLLOT":"25","PROP_CLASS":"2","PROP_LOC":"38 RAMSEY AVE","SALES_CODE":"","SALE_PRICE":255000.0,"YR_CONSTR":1954,"ZIP5":"07446"},"type":"Feature"},{"geometry":{"coordinates":[[[-74.1583484363083,41.0489064171111],[-74.1578107946108,41.0488857788491],[-74.157852872597,41.048243606176],[-74.1583744398409,41.0483041679616],[-74.1583636295147,41.0485540895759],[-74.1583484363083,41.0489064171111]]],"type":"Polygon"},"properties":{"CALC_ACRE":0.771,"DEED_DATE":null,"NET_VALUE":680700.0,"PAMS_PIN":"0248_3101_23","PCLBLOCK":"3101","PCLLOT":"23","PROP_CLASS":"2","PROP_LOC":"25 FRANKLIN STREET","SALES_CODE":"","SALE_PRICE":0.0,"YR_CONSTR":1936,"ZIP5":"07446"},"type":"Feature"},{"geometry":{"coordinates":[[[-74.151559696128,41.0419897303243],[-74.1517041074965,41.041737546549],[-74.1520232834085,41.0418467431699],[-74.151881265152,41.0420950672933],[-74.151559696128,41.0419897303243]]],"type":"Polygon"},"properties":{"CALC_ACRE":0.23,"DEED_DATE":"941130","NET_VALUE":604200.0,"PAMS_PIN":"0248_3506_7","PCLBLOCK":"3506","PCLLOT":"7","PROP_CLASS":"2","PROP_LOC":"84 MAYFAIR DRIVE","SALES_CODE":"","SALE_PRICE":230000.0,"YR_CONSTR":1956,"ZIP5":"07446"},"type":"Feature"},{"geometry":{"coordinates":[[[-74.1502342373162,41.0440611974816],[-74.1502405219299,41.0437580046445],[-74.1502892836653,41.0437602901717],[-74.1503380139362,41.0437576503722],[-74.1503858420517,41.0437501324122],[-74.1504319134403,41.0437378706176],[-74.150475404919,41.0437210840741],[-74.1505155394012,41.0437000727128],[-74.1505515997818,41.0436752119517],[-74.1505829417499,41.0436469459877],[-74.150831092364,41.0439296167302],[-74.1505212858804,41.0441506299113],[-74.1502342373162,41.0440611974816]]],"type":"Polygon"},"properties":{"CALC_ACRE":0.382,"DEED_DATE":"041222","NET_VALUE":636400.0,"PAMS_PIN":"0248_3501_29","PCLBLOCK":"3501","PCLLOT":"29","PROP_CLASS":"2","PROP_LOC":"26 MAYFAIR DRIVE","SALES_CODE":"","SALE_PRICE":515000.0,"YR_CONSTR":1957,"ZIP5":"07446"},"type":"Feature"},{"geometry":{"coordinates":[[[-74.1501530430892,41.0450671045979],[-74.1503008518861,41.0447980017383],[-74.1505790529431,41.044883402688],[-74.1505915096297,41.0448886815359],[-74.1506024067428,41.0448956517174],[-74.1506113460274,41.044904058494],[-74.1506180007809,41.0449135946241],[-74.1506221277931,41.0449239115918],[-74.1506235762348,41.0449346323445],[-74.15062229317,41.0449453650723],[-74.1506183254907,41.0449557175282],[-74.1505006399002,41.0451745504485],[-74.1501530430892,41.0450671045979]]],"type":"Polygon"},"properties":{"CALC_ACRE":0.24100000000000002,"DEED_DATE":"180919","NET_VALUE":748200.0,"PAMS_PIN":"0248_3212_12","PCLBLOCK":"3212","PCLLOT":"12","PROP_CLASS":"2","PROP_LOC":"163 PINE STREET","SALES_CODE":"","SALE_PRICE":567750.0,"YR_CONSTR":1952,"ZIP5":"07446"},"type":"Feature"},{"geometry":{"coordinates":[[[-74.1610348840981,41.0460999110982],[-74.1613587653856,41.0457387969892],[-74.1616909830389,41.0459176280351],[-74.1612957620432,41.0462420638274],[-74.1610348840981,41.0460999110982]]],"type":"Polygon"},"properties":{"CALC_ACRE":0.372,"DEED_DATE":"181130","NET_VALUE":768100.0,"PAMS_PIN":"0248_3101_59","PCLBLOCK":"3101","PCLLOT":"59","PROP_CLASS":"2","PROP_LOC":"45 W CEDAR PLACE","SALES_CODE":"","SALE_PRICE":715000.0,"YR_CONSTR":1974,"ZIP5":"07446"},"type":"Feature"},{"geometry":{"coordinates":[[[-74.1542062757872,41.0486765322239],[-74.154344875954,41.0485630362108],[-74.1548775616462,41.0489245528159],[-74.1547416932561,41.0490356560853],[-74.1542062757872,41.0486765322239]]],"type":"Polygon"},"properties":{"CALC_ACRE":0.224,"DEED_DATE":"111003","NET_VALUE":744900.0,"PAMS_PIN":"0248_3202_14","PCLBLOCK":"3202","PCLLOT":"14","PROP_CLASS":"2","PROP_LOC":"302 WYCKOFF AVE","SALES_CODE":"","SALE_PRICE":0.0,"YR_CONSTR":1910,"ZIP5":"07446"},"type":"Feature"},{"geometry":{"coordinates":[[[-74.1576576291599,41.0490075657735],[-74.1574450338648,41.0489984132503],[-74.157458095369,41.0485539757613],[-74.1576857122923,41.0485783252929],[-74.1576576291599,41.0490075657735]]],"type":"Polygon"},"properties":{"CALC_ACRE":0.275,"DEED_DATE":"950815","NET_VALUE":646300.0,"PAMS_PIN":"0248_3101_24","PCLBLOCK":"3101","PCLLOT":"24","PROP_CLASS":"2","PROP_LOC":"50 RAMSEY AVE","SALES_CODE":"","SALE_PRICE":250000.0,"YR_CONSTR":1966,"ZIP5":"07446"},"type":"Feature"},{"geometry":{"coordinates":[[[-74.1504089138249,41.0459860813786],[-74.1504363420855,41.0457703418945],[-74.1507760445017,41.0457942879911],[-74.1507474232784,41.0460159791784],[-74.1504089138249,41.0459860813786]]],"type":"Polygon"},"properties":{"CALC_ACRE":0.184,"DEED_DATE":"160428","NET_VALUE":1075700.0,"PAMS_PIN":"0248_3211_16","PCLBLOCK":"3211","PCLLOT":"16","PROP_CLASS":"2","PROP_LOC":"13 HICKORY PLACE","SALES_CODE":"","SALE_PRICE":440000.0,"YR_CONSTR":1955,"ZIP5":"07446"},"type":"Feature"},{"geometry":{"coordinates":[[[-74.1531811228765,41.0484976097655],[-74.1534301125171,41.0482919795967],[-74.1536940770734,41.0484864051203],[-74.15344705654,41.0486865228175],[-74.1531811228765,41.0484976097655]]],"type":"Polygon"},"properties":{"CALC_ACRE":0.23,"DEED_DATE":null,"NET_VALUE":951600.0,"PAMS_PIN":"0248_3203_11","PCLBLOCK":"3203","PCLLOT":"11","PROP_CLASS":"2","PROP_LOC":"64 CENTER ST","SALES_CODE":"","SALE_PRICE":0.0,"YR_CONSTR":1946,"ZIP5":"07446"},"type":"Feature"},{"geometry":{"coordinates":[[[-74.1526626898547,41.0483268679466],[-74.1523963959668,41.0481368624551],[-74.1526422118595,41.0479387057279],[-74.1529099403569,41.0481264429383],[-74.1526626898547,41.0483268679466]]],"type":"Polygon"},"properties":{"CALC_ACRE":0.23,"DEED_DATE":"970612","NET_VALUE":638300.0,"PAMS_PIN":"0248_3204_3","PCLBLOCK":"3204","PCLLOT":"3","PROP_CLASS":"2","PROP_LOC":"22 GARDEN ST","SALES_CODE":"","SALE_PRICE":276000.0,"YR_CONSTR":1958,"ZIP5":"07446"},"type":"Feature"},{"geometry":{"coordinates":[[[-74.1536923505114,41.0486869049084],[-74.153942767575,41.0484838734217],[-74.1542062757872,41.0486765322239],[-74.1540396814211,41.0488129317757],[-74.153970040427,41.0488700223881],[-74.1536923505114,41.0486869049084]]],"type":"Polygon"},"properties":{"CALC_ACRE":0.23,"DEED_DATE":null,"NET_VALUE":706100.0,"PAMS_PIN":"0248_3202_8","PCLBLOCK":"3202","PCLLOT":"8","PROP_CLASS":"2","PROP_LOC":"61 CENTER ST","SALES_CODE":"","SALE_PRICE":0.0,"YR_CONSTR":1925,"ZIP5":"07446"},"type":"Feature"},{"geometry":{"coordinates":[[[-74.161218294028,41.0448621601844],[-74.1614660269255,41.0446584739416],[-74.1621002761436,41.0448096941384],[-74.1617616148748,41.0451949561362],[-74.1617030644812,41.0451621995809],[-74.1615415348193,41.0450691485364],[-74.1613839020439,41.0449723705874],[-74.161218294028,41.0448621601844]]],"type":"Polygon"},"properties":{"CALC_ACRE":0.731,"DEED_DATE":"150527","NET_VALUE":992600.0,"PAMS_PIN":"0248_3101_68.09","PCLBLOCK":"3101","PCLLOT":"68.09","PROP_CLASS":"2","PROP_LOC":"5 GOOSE COVE LANE","SALES_CODE":"","SALE_PRICE":806000.0,"YR_CONSTR":1980,"ZIP5":"07446"},"type":"Feature"},{"geometry":{"coordinates":[[[-74.1550549277108,41.0489813540547],[-74.1553178897473,41.0487658540516],[-74.1556230196015,41.048984401961],[-74.1553720060567,41.0491890259688],[-74.1550549277108,41.0489813540547]]],"type":"Polygon"},"properties":{"CALC_ACRE":0.28200000000000003,"DEED_DATE":"201202","NET_VALUE":732700.0,"PAMS_PIN":"0248_3201_16","PCLBLOCK":"3201","PCLLOT":"16","PROP_CLASS":"2","PROP_LOC":"311 WYCKOFF AVE","SALES_CODE":"","SALE_PRICE":474200.0,"YR_CONSTR":1913,"ZIP5":"07446"},"type":"Feature"},{"geometry":{"coordinates":[[[-74.1520232834085,41.0418467431699],[-74.1517041074965,41.041737546549],[-74.1518507107542,41.041486489912],[-74.1521703322306,41.0415896839525],[-74.1520232834085,41.0418467431699]]],"type":"Polygon"},"properties":{"CALC_ACRE":0.23,"DEED_DATE":"010710","NET_VALUE":699500.0,"PAMS_PIN":"0248_3506_8","PCLBLOCK":"3506","PCLLOT":"8","PROP_CLASS":"2","PROP_LOC":"92 MAYFAIR DRIVE","SALES_CODE":"","SALE_PRICE":329000.0,"YR_CONSTR":1956,"ZIP5":"07446"},"type":"Feature"},{"geometry":{"coordinates":[[[-74.1514921212591,41.0476708096801],[-74.151548583968,41.0473399963612],[-74.1518375127061,41.0473668489521],[-74.1517833640574,41.0476993510844],[-74.1514921212591,41.0476708096801]]],"type":"Polygon"},"properties":{"CALC_ACRE":0.23,"DEED_DATE":"040326","NET_VALUE":558400.0,"PAMS_PIN":"0248_3204_10","PCLBLOCK":"3204","PCLLOT":"10","PROP_CLASS":"2","PROP_LOC":"101 MOMAR DRIVE","SALES_CODE":"","SALE_PRICE":0.0,"YR_CONSTR":1951,"ZIP5":"07446"},"type":"Feature"},{"geometry":{"coordinates":[[[-74.150979457218,41.0467898715125],[-74.1513369723281,41.0468226536796],[-74.1512756452419,41.0471770900016],[-74.1509982005664,41.0471513463712],[-74.1509835212054,41.0471489514695],[-74.1509697647123,41.04714440597],[-74.1509574789477,41.0471378908995],[-74.1509471531993,41.0471296657239],[-74.1509391986962,41.0471200580151],[-74.150933932231,41.0471094504053],[-74.150931563544,41.0470982653484],[-74.1509321869695,41.0470869482957],[-74.150979457218,41.0467898715125]]],"type":"Polygon"},"properties":{"CALC_ACRE":0.28700000000000003,"DEED_DATE":"990611","NET_VALUE":686000.0,"PAMS_PIN":"0248_3207_8","PCLBLOCK":"3207","PCLLOT":"8","PROP_CLASS":"2","PROP_LOC":"112 MOMAR DR","SALES_CODE":"","SALE_PRICE":260000.0,"YR_CONSTR":1951,"ZIP5":"07446"},"type":"Feature"},{"geometry":{"coordinates":[[[-74.1504089138249,41.0459860813786],[-74.1507474232784,41.0460159791784],[-74.1507116020582,41.0462934467785],[-74.1504395436811,41.0462679582165],[-74.1504255788117,41.0462640715054],[-74.1504128193212,41.0462582897368],[-74.1504017124605,41.0462508155754],[-74.1503926475516,41.0462419110078],[-74.1503859423416,41.0462318881601],[-74.1503818318641,41.0462210983568],[-74.1503804602013,41.0462099198061],[-74.1503818754331,41.0461987443431],[-74.1504089138249,41.0459860813786]]],"type":"Polygon"},"properties":{"CALC_ACRE":0.23,"DEED_DATE":"960530","NET_VALUE":597000.0,"PAMS_PIN":"0248_3211_15","PCLBLOCK":"3211","PCLLOT":"15","PROP_CLASS":"2","PROP_LOC":"106 ALDER DRIVE","SALES_CODE":"","SALE_PRICE":230000.0,"YR_CONSTR":1951,"ZIP5":"07446"},"type":"Feature"},{"geometry":{"coordinates":[[[-74.1613587653856,41.0457387969892],[-74.1612718363139,41.0456920029694],[-74.1616306683541,41.0452950454723],[-74.1620477130214,41.0455286643508],[-74.161702442847,41.0459237973009],[-74.1616909830389,41.0459176280351],[-74.1613587653856,41.0457387969892]]],"type":"Polygon"},"properties":{"CALC_ACRE":0.5720000000000001,"DEED_DATE":"060424","NET_VALUE":1192500.0,"PAMS_PIN":"0248_3101_68.02","PCLBLOCK":"3101","PCLLOT":"68.02","PROP_CLASS":"2","PROP_LOC":"8 GOOSE COVE LANE","SALES_CODE":"","SALE_PRICE":1.0,"YR_CONSTR":1979,"ZIP5":"07446"},"type":"Feature"},{"geometry":{"coordinates":[[[-74.1500052333941,41.0453446432716],[-74.1501530430892,41.0450671045979],[-74.1505006399002,41.0451745504485],[-74.1503769212244,41.0454046006854],[-74.1503690758714,41.0454138258091],[-74.1503590552458,41.0454217628955],[-74.1503472222969,41.0454281244618],[-74.1503340056169,41.0454326800912],[-74.1503198839172,41.045435264778],[-74.1503053686891,41.0454357849046],[-74.1502909856775,41.0454342216317],[-74.1502772558385,41.0454306315815],[-74.1500052333941,41.0453446432716]]],"type":"Polygon"},"properties":{"CALC_ACRE":0.24100000000000002,"DEED_DATE":"950830","NET_VALUE":655300.0,"PAMS_PIN":"0248_3212_1","PCLBLOCK":"3212","PCLLOT":"1","PROP_CLASS":"2","PROP_LOC":"2 LARCH AVENUE","SALES_CODE":"","SALE_PRICE":235000.0,"YR_CONSTR":1952,"ZIP5":"07446"},"type":"Feature"},{"geometry":{"coordinates":[[[-74.1498773689932,41.0445197134668],[-74.1501593303979,41.0440378503542],[-74.1502342373162,41.0440611974816],[-74.1505212858804,41.0441506299113],[-74.150547301091,41.0441586008491],[-74.150281477022,41.0446438675539],[-74.1498773689932,41.0445197134668]]],"type":"Polygon"},"properties":{"CALC_ACRE":0.515,"DEED_DATE":"960730","NET_VALUE":750900.0,"PAMS_PIN":"0248_3501_21","PCLBLOCK":"3501","PCLLOT":"21","PROP_CLASS":"2","PROP_LOC":"176 PINE ST","SALES_CODE":"","SALE_PRICE":220000.0,"YR_CONSTR":1956,"ZIP5":"07446"},"type":"Feature"},{"geometry":{"coordinates":[[[-74.1607208375664,41.0469486184016],[-74.1612444826135,41.0463841044637],[-74.1615423980977,41.0465439031158],[-74.1611384167312,41.0469854308398],[-74.1607208375664,41.0469486184016]]],"type":"Polygon"},"properties":{"CALC_ACRE":0.51,"DEED_DATE":"120906","NET_VALUE":643500.0,"PAMS_PIN":"0248_3101_51","PCLBLOCK":"3101","PCLLOT":"51","PROP_CLASS":"2","PROP_LOC":"56 W CEDAR PLACE","SALES_CODE":"","SALE_PRICE":0.0,"YR_CONSTR":1961,"ZIP5":"07446"},"type":"Feature"},{"geometry":{"coordinates":[[[-74.1540396814211,41.0488129317757],[-74.1542062757872,41.0486765322239],[-74.1547416932561,41.0490356560853],[-74.1547230298577,41.0490510399024],[-74.1545742032697,41.0491699960883],[-74.1540396814211,41.0488129317757]]],"type":"Polygon"},"properties":{"CALC_ACRE":0.327,"DEED_DATE":null,"NET_VALUE":559500.0,"PAMS_PIN":"0248_3202_15","PCLBLOCK":"3202","PCLLOT":"15","PROP_CLASS":"2","PROP_LOC":"300 WYCKOFF AVE","SALES_CODE":"","SALE_PRICE":0.0,"YR_CONSTR":1965,"ZIP5":"07446"},"type":"Feature"},{"geometry":{"coordinates":[[[-74.1524282277689,41.0411600041415],[-74.1525902802529,41.0409074845118],[-74.1529307866613,41.0409791105919],[-74.1527489200371,41.0412691698761],[-74.1524282277689,41.0411600041415]]],"type":"Polygon"},"properties":{"CALC_ACRE":0.262,"DEED_DATE":"050801","NET_VALUE":1141200.0,"PAMS_PIN":"0248_3510_14","PCLBLOCK":"3510","PCLLOT":"14","PROP_CLASS":"2","PROP_LOC":"186 FOREST AVE","SALES_CODE":"","SALE_PRICE":634900.0,"YR_CONSTR":2010,"ZIP5":"07446"},"type":"Feature"},{"geometry":{"coordinates":[[[-74.1518507107542,41.041486489912],[-74.1520037216949,41.0412290552839],[-74.1520101017034,41.0412191145286],[-74.1520190478119,41.0412103712019],[-74.1520301801125,41.0412031966011],[-74.1520430258574,41.0411978954053],[-74.1520570395354,41.0411946927374],[-74.1520716260376,41.0411937246029],[-74.1520861659291,41.0411950321152],[-74.1521000417546,41.0411985597489],[-74.1523463193813,41.0412822396692],[-74.1521703322306,41.0415896839525],[-74.1518507107542,41.041486489912]]],"type":"Polygon"},"properties":{"CALC_ACRE":0.257,"DEED_DATE":"911120","NET_VALUE":826700.0,"PAMS_PIN":"0248_3506_9","PCLBLOCK":"3506","PCLLOT":"9","PROP_CLASS":"2","PROP_LOC":"100 MAYFAIR DRIVE","SALES_CODE":"","SALE_PRICE":0.0,"YR_CONSTR":1956,"ZIP5":"07446"},"type":"Feature"},{"geometry":{"coordinates":[[[-74.1503598837767,41.0430146709583],[-74.1505014726385,41.0427647723441],[-74.1508422674061,41.0428783481433],[-74.1506967376352,41.0431280451018],[-74.1503598837767,41.0430146709583]]],"type":"Polygon"},"properties":{"CALC_ACRE":0.23,"DEED_DATE":"030527","NET_VALUE":659600.0,"PAMS_PIN":"0248_3507_20","PCLBLOCK":"3507","PCLLOT":"20","PROP_CLASS":"2","PROP_LOC":"45 MAYFAIR DRIVE","SALES_CODE":"","SALE_PRICE":447900.0,"YR_CONSTR":1957,"ZIP5":"07446"},"type":"Feature"},{"geometry":{"coordinates":[[[-74.1606732421277,41.0429639541642],[-74.160766891496,41.0427450217492],[-74.1608138967416,41.0426419101461],[-74.1616151463643,41.0428065710091],[-74.1622045166492,41.0429276862393],[-74.1621856753844,41.0429435701429],[-74.1618529465897,41.043224060252],[-74.1606732421277,41.0429639541642]]],"type":"Polygon"},"properties":{"CALC_ACRE":0.81,"DEED_DATE":"191210","NET_VALUE":899900.0,"PAMS_PIN":"0248_3509_17","PCLBLOCK":"3509","PCLLOT":"17","PROP_CLASS":"2","PROP_LOC":"536 WYCKOFF AVE","SALES_CODE":"","SALE_PRICE":442000.0,"YR_CONSTR":1903,"ZIP5":"07446"},"type":"Feature"},{"geometry":{"coordinates":[[[-74.1505014726385,41.0427647723441],[-74.150642299729,41.0425139980903],[-74.1509870632535,41.0426299070528],[-74.1508422674061,41.0428783481433],[-74.1505014726385,41.0427647723441]]],"type":"Polygon"},"properties":{"CALC_ACRE":0.23,"DEED_DATE":"960621","NET_VALUE":876300.0,"PAMS_PIN":"0248_3507_19","PCLBLOCK":"3507","PCLLOT":"19","PROP_CLASS":"2","PROP_LOC":"53 MAYFAIR DRIVE","SALES_CODE":"","SALE_PRICE":204000.0,"YR_CONSTR":1957,"ZIP5":"07446"},"type":"Feature"},{"geometry":{"coordinates":[[[-74.1502160626014,41.0432652224322],[-74.1503598837767,41.0430146709583],[-74.1506967376352,41.0431280451018],[-74.150552609236,41.0433753365916],[-74.1502160626014,41.0432652224322]]],"type":"Polygon"},"properties":{"CALC_ACRE":0.23,"DEED_DATE":"190712","NET_VALUE":979700.0,"PAMS_PIN":"0248_3507_21","PCLBLOCK":"3507","PCLLOT":"21","PROP_CLASS":"2","PROP_LOC":"37 MAYFAIR DRIVE","SALES_CODE":"","SALE_PRICE":400000.0,"YR_CONSTR":1957,"ZIP5":"07410"},"type":"Feature"},{"geometry":{"coordinates":[[[-74.1555174477927,41.0492843290724],[-74.1553720060567,41.0491890259688],[-74.1556230196015,41.048984401961],[-74.1556910337466,41.0490331162783],[-74.1557702804261,41.0490890672087],[-74.1555174477927,41.0492843290724]]],"type":"Polygon"},"properties":{"CALC_ACRE":0.11900000000000001,"DEED_DATE":"060607","NET_VALUE":430800.0,"PAMS_PIN":"0248_3201_17","PCLBLOCK":"3201","PCLLOT":"17","PROP_CLASS":"2","PROP_LOC":"11 RAMSEY AVENUE","SALES_CODE":"","SALE_PRICE":377000.0,"YR_CONSTR":1936,"ZIP5":"07446"},"type":"Feature"},{"geometry":{"coordinates":[[[-74.1504497602209,41.0467541029709],[-74.1505040499051,41.0464119784214],[-74.150780245024,41.0464377697654],[-74.1507947410134,41.0464403338787],[-74.1508082529491,41.0464450509856],[-74.1508202250991,41.046451727076],[-74.1508301650612,41.0464600875686],[-74.1508376640149,41.0464697886043],[-74.1508424135361,41.0464804311891],[-74.1508442182818,41.0464915776041],[-74.1508430040247,41.0465027694085],[-74.1507991356961,41.0467860769154],[-74.1504497602209,41.0467541029709]]],"type":"Polygon"},"properties":{"CALC_ACRE":0.28700000000000003,"DEED_DATE":"130803","NET_VALUE":915600.0,"PAMS_PIN":"0248_3208_22","PCLBLOCK":"3208","PCLLOT":"22","PROP_CLASS":"2","PROP_LOC":"103 ALDER DR","SALES_CODE":"","SALE_PRICE":428000.0,"YR_CONSTR":1952,"ZIP5":"07446"},"type":"Feature"},{"geometry":{"coordinates":[[[-74.150642299729,41.0425139980903],[-74.1507836882665,41.0422608894598],[-74.1511345756063,41.0423768029332],[-74.1509870632535,41.0426299070528],[-74.150642299729,41.0425139980903]]],"type":"Polygon"},"properties":{"CALC_ACRE":0.23,"DEED_DATE":"130123","NET_VALUE":1072700.0,"PAMS_PIN":"0248_3507_18","PCLBLOCK":"3507","PCLLOT":"18","PROP_CLASS":"2","PROP_LOC":"61 MAYFAIR DRIVE","SALES_CODE":"","SALE_PRICE":799000.0,"YR_CONSTR":1957,"ZIP5":"07446"},"type":"Feature"},{"geometry":{"coordinates":[[[-74.1511994411564,41.0476421253158],[-74.151254307559,41.0473126451338],[-74.151548583968,41.0473399963612],[-74.1514921212591,41.0476708096801],[-74.1511994411564,41.0476421253158]]],"type":"Polygon"},"properties":{"CALC_ACRE":0.23,"DEED_DATE":"980903","NET_VALUE":742300.0,"PAMS_PIN":"0248_3204_11","PCLBLOCK":"3204","PCLLOT":"11","PROP_CLASS":"2","PROP_LOC":"107 MOMAR DRIVE","SALES_CODE":"","SALE_PRICE":277000.0,"YR_CONSTR":1951,"ZIP5":"07446"},"type":"Feature"},{"geometry":{"coordinates":[[[-74.1501530430892,41.0450671045979],[-74.1498586040852,41.0449748488982],[-74.1500048309488,41.0447071284533],[-74.1503008518861,41.0447980017383],[-74.1501530430892,41.0450671045979]]],"type":"Polygon"},"properties":{"CALC_ACRE":0.20500000000000002,"DEED_DATE":"980730","NET_VALUE":579800.0,"PAMS_PIN":"0248_3212_11","PCLBLOCK":"3212","PCLLOT":"11","PROP_CLASS":"2","PROP_LOC":"169 PINE STREET","SALES_CODE":"","SALE_PRICE":235000.0,"YR_CONSTR":1951,"ZIP5":"07446"},"type":"Feature"},{"geometry":{"coordinates":[[[-74.1529965397469,41.0486500798727],[-74.1531689102802,41.0485076959092],[-74.1531811228765,41.0484976097655],[-74.15344705654,41.0486865228175],[-74.1532725381348,41.0488279037463],[-74.1529965397469,41.0486500798727]]],"type":"Polygon"},"properties":{"CALC_ACRE":0.17200000000000001,"DEED_DATE":"190722","NET_VALUE":611600.0,"PAMS_PIN":"0248_3203_12","PCLBLOCK":"3203","PCLLOT":"12","PROP_CLASS":"2","PROP_LOC":"54 CENTER ST","SALES_CODE":"","SALE_PRICE":450000.0,"YR_CONSTR":1959,"ZIP5":"07446"},"type":"Feature"},{"geometry":{"coordinates":[[[-74.1612957620432,41.0462420638274],[-74.1616909830389,41.0459176280351],[-74.161702442847,41.0459237973009],[-74.1619502494063,41.0460571890693],[-74.1616292373379,41.0464197363536],[-74.1612957620432,41.0462420638274]]],"type":"Polygon"},"properties":{"CALC_ACRE":0.367,"DEED_DATE":"220504","NET_VALUE":1067800.0,"PAMS_PIN":"0248_3101_58","PCLBLOCK":"3101","PCLLOT":"58","PROP_CLASS":"2","PROP_LOC":"49 W CEDAR PL","SALES_CODE":"","SALE_PRICE":1.0,"YR_CONSTR":1925,"ZIP5":"07446"},"type":"Feature"},{"geometry":{"coordinates":[[[-74.1526050728107,41.0485713141843],[-74.1529074313623,41.048326330713],[-74.1531689102802,41.0485076959092],[-74.1529965397469,41.0486500798727],[-74.1528663540993,41.0487577664704],[-74.1526050728107,41.0485713141843]]],"type":"Polygon"},"properties":{"CALC_ACRE":0.28700000000000003,"DEED_DATE":"020906","NET_VALUE":754600.0,"PAMS_PIN":"0248_3203_3","PCLBLOCK":"3203","PCLLOT":"3","PROP_CLASS":"2","PROP_LOC":"17 GARDEN STREET","SALES_CODE":"","SALE_PRICE":475000.0,"YR_CONSTR":1958,"ZIP5":"07446"},"type":"Feature"},{"geometry":{"coordinates":[[[-74.1553861653022,41.0493854968001],[-74.1555174477927,41.0492843290724],[-74.1557702804261,41.0490890672087],[-74.1556910337466,41.0490331162783],[-74.1559813467886,41.0490455544895],[-74.1559740156376,41.0491647471191],[-74.1556585030553,41.049308254244],[-74.1554622436236,41.0493975616649],[-74.1553888746211,41.049430966472],[-74.1553861653022,41.0493854968001]]],"type":"Polygon"},"properties":{"CALC_ACRE":0.272,"DEED_DATE":"230123","NET_VALUE":450300.0,"PAMS_PIN":"0248_3201_18","PCLBLOCK":"3201","PCLLOT":"18","PROP_CLASS":"2","PROP_LOC":"15 RAMSEY AVE","SALES_CODE":"","SALE_PRICE":10.0,"YR_CONSTR":1911,"ZIP5":"07430"},"type":"Feature"},{"geometry":{"coordinates":[[[-74.1511345756063,41.0423768029332],[-74.1507836882665,41.0422608894598],[-74.1509340922962,41.0420156893975],[-74.151276987325,41.0421324515749],[-74.1511345756063,41.0423768029332]]],"type":"Polygon"},"properties":{"CALC_ACRE":0.23,"DEED_DATE":"140304","NET_VALUE":624100.0,"PAMS_PIN":"0248_3507_17","PCLBLOCK":"3507","PCLLOT":"17","PROP_CLASS":"2","PROP_LOC":"69 MAYFAIR DRIVE","SALES_CODE":"","SALE_PRICE":399900.0,"YR_CONSTR":1956,"ZIP5":"07446"},"type":"Feature"},{"geometry":{"coordinates":[[[-74.1618911564303,41.0443089238147],[-74.1611874863053,41.0440268454938],[-74.1613825581642,41.0438523006954],[-74.1625486962688,41.0440689238478],[-74.1624376636014,41.0444297700186],[-74.1618911564303,41.0443089238147]]],"type":"Polygon"},"properties":{"CALC_ACRE":0.9670000000000001,"DEED_DATE":"130215","NET_VALUE":944600.0,"PAMS_PIN":"0248_3101_71","PCLBLOCK":"3101","PCLLOT":"71","PROP_CLASS":"2","PROP_LOC":"509 WYCKOFF AVE","SALES_CODE":"","SALE_PRICE":522609.0,"YR_CONSTR":1918,"ZIP5":"07446"},"type":"Feature"},{"geometry":{"coordinates":[[[-74.153855336345,41.0489636905575],[-74.1537200572498,41.04907440693],[-74.1534446903775,41.0488876987823],[-74.1536923505114,41.0486869049084],[-74.153970040427,41.0488700223881],[-74.153855336345,41.0489636905575]]],"type":"Polygon"},"properties":{"CALC_ACRE":0.23,"DEED_DATE":"981113","NET_VALUE":831800.0,"PAMS_PIN":"0248_3202_7","PCLBLOCK":"3202","PCLLOT":"7","PROP_CLASS":"2","PROP_LOC":"55 CENTER STREET","SALES_CODE":"","SALE_PRICE":225000.0,"YR_CONSTR":1929,"ZIP5":"07446"},"type":"Feature"},{"geometry":{"coordinates":[[[-74.1561380902293,41.0493810513145],[-74.1561615892588,41.0490532762056],[-74.1564430565901,41.0490653343567],[-74.1564194901869,41.0493911556142],[-74.1561380902293,41.0493810513145]]],"type":"Polygon"},"properties":{"CALC_ACRE":0.20700000000000002,"DEED_DATE":"060607","NET_VALUE":527700.0,"PAMS_PIN":"0248_3201_20","PCLBLOCK":"3201","PCLLOT":"20","PROP_CLASS":"2","PROP_LOC":"25 RAMSEY AVE","SALES_CODE":"","SALE_PRICE":467000.0,"YR_CONSTR":1959,"ZIP5":"07446"},"type":"Feature"},{"geometry":{"coordinates":[[[-74.1521450114177,41.0483395054674],[-74.1521118312444,41.0483662533201],[-74.1518534434293,41.0481841885837],[-74.1521377215892,41.0479531149168],[-74.1523963959668,41.0481368624551],[-74.1521450114177,41.0483395054674]]],"type":"Polygon"},"properties":{"CALC_ACRE":0.264,"DEED_DATE":"160121","NET_VALUE":904500.0,"PAMS_PIN":"0248_3204_30","PCLBLOCK":"3204","PCLLOT":"30","PROP_CLASS":"2","PROP_LOC":"11 PARK PL","SALES_CODE":"","SALE_PRICE":649000.0,"YR_CONSTR":1958,"ZIP5":"07446"},"type":"Feature"},{"geometry":{"coordinates":[[[-74.1524147871756,41.0485278194143],[-74.1521450114177,41.0483395054674],[-74.1523963959668,41.0481368624551],[-74.1526626898547,41.0483268679466],[-74.1524147871756,41.0485278194143]]],"type":"Polygon"},"properties":{"CALC_ACRE":0.23,"DEED_DATE":null,"NET_VALUE":718500.0,"PAMS_PIN":"0248_3204_2","PCLBLOCK":"3204","PCLLOT":"2","PROP_CLASS":"2","PROP_LOC":"12 GARDEN ST","SALES_CODE":"","SALE_PRICE":0.0,"YR_CONSTR":1929,"ZIP5":"07446"},"type":"Feature"},{"geometry":{"coordinates":[[[-74.1559586634294,41.0494148273774],[-74.1559740156376,41.0491647471191],[-74.1559813467886,41.0490455544895],[-74.1561615892588,41.0490532762056],[-74.1561380902293,41.0493810513145],[-74.1561356180656,41.0494206731675],[-74.1559586634294,41.0494148273774]]],"type":"Polygon"},"properties":{"CALC_ACRE":0.152,"DEED_DATE":"170125","NET_VALUE":531900.0,"PAMS_PIN":"0248_3201_19","PCLBLOCK":"3201","PCLLOT":"19","PROP_CLASS":"2","PROP_LOC":"21 RAMSEY AVE","SALES_CODE":"","SALE_PRICE":1.0,"YR_CONSTR":1928,"ZIP5":"07446"},"type":"Feature"},{"geometry":{"coordinates":[[[-74.158341998981,41.0490558214316],[-74.157802424109,41.0490144203418],[-74.1578107946108,41.0488857788491],[-74.1583484363083,41.0489064171111],[-74.158341998981,41.0490558214316]]],"type":"Polygon"},"properties":{"CALC_ACRE":0.115,"DEED_DATE":null,"NET_VALUE":665900.0,"PAMS_PIN":"0248_3101_22","PCLBLOCK":"3101","PCLLOT":"22","PROP_CLASS":"2","PROP_LOC":"23 FRANKLIN ST","SALES_CODE":"","SALE_PRICE":0.0,"YR_CONSTR":1930,"ZIP5":"07446"},"type":"Feature"},{"geometry":{"coordinates":[[[-74.1564182612917,41.0494096793692],[-74.1564194901869,41.0493911556142],[-74.1564430565901,41.0490653343567],[-74.1567058650147,41.0490765917453],[-74.1566896315592,41.0493875000461],[-74.1564182612917,41.0494096793692]]],"type":"Polygon"},"properties":{"CALC_ACRE":0.20500000000000002,"DEED_DATE":"110602","NET_VALUE":543300.0,"PAMS_PIN":"0248_3201_21","PCLBLOCK":"3201","PCLLOT":"21","PROP_CLASS":"2","PROP_LOC":"33 RAMSEY AVE","SALES_CODE":"","SALE_PRICE":315000.0,"YR_CONSTR":1956,"ZIP5":"07446"},"type":"Feature"},{"geometry":{"coordinates":[[[-74.151276987325,41.0421324515749],[-74.1509340922962,41.0420156893975],[-74.1510735880834,41.0417740488802],[-74.1514209764852,41.0418853884873],[-74.151276987325,41.0421324515749]]],"type":"Polygon"},"properties":{"CALC_ACRE":0.23,"DEED_DATE":"180823","NET_VALUE":1205500.0,"PAMS_PIN":"0248_3507_16","PCLBLOCK":"3507","PCLLOT":"16","PROP_CLASS":"2","PROP_LOC":"77 MAYFAIR DR","SALES_CODE":"","SALE_PRICE":882000.0,"YR_CONSTR":2018,"ZIP5":"07446"},"type":"Feature"},{"geometry":{"coordinates":[[[-74.1501593303979,41.0440378503542],[-74.1498301786947,41.0439352909188],[-74.1497766157475,41.0439186335322],[-74.1499123359156,41.0436673867026],[-74.1501314260303,41.0437338172883],[-74.1501576746202,41.0437422619429],[-74.1501847176123,41.0437491344075],[-74.1502123897495,41.0437543926855],[-74.1502405219299,41.0437580046445],[-74.1502342373162,41.0440611974816],[-74.1501593303979,41.0440378503542]]],"type":"Polygon"},"properties":{"CALC_ACRE":0.28800000000000003,"DEED_DATE":"230614","NET_VALUE":815200.0,"PAMS_PIN":"0248_3501_28","PCLBLOCK":"3501","PCLLOT":"28","PROP_CLASS":"2","PROP_LOC":"18 MAYFAIR DRIVE","SALES_CODE":"","SALE_PRICE":550000.0,"YR_CONSTR":1959,"ZIP5":"07446"},"type":"Feature"},{"geometry":{"coordinates":[[[-74.153855336345,41.0489636905575],[-74.153970040427,41.0488700223881],[-74.1540396814211,41.0488129317757],[-74.1545742032697,41.0491699960883],[-74.1543716718007,41.0493318494841],[-74.153855336345,41.0489636905575]]],"type":"Polygon"},"properties":{"CALC_ACRE":0.327,"DEED_DATE":"140814","NET_VALUE":727700.0,"PAMS_PIN":"0248_3202_16","PCLBLOCK":"3202","PCLLOT":"16","PROP_CLASS":"2","PROP_LOC":"292 WYCKOFF AVE","SALES_CODE":"","SALE_PRICE":510000.0,"YR_CONSTR":1898,"ZIP5":"07446"},"type":"Feature"},{"geometry":{"coordinates":[[[-74.1552202419776,41.0494802129406],[-74.1548141450787,41.0491777482756],[-74.1548553355294,41.049144762011],[-74.1550549277108,41.0489813540547],[-74.1553720060567,41.0491890259688],[-74.1555174477927,41.0492843290724],[-74.1553861653022,41.0493854968001],[-74.1552423656864,41.0494965762577],[-74.1552202419776,41.0494802129406]]],"type":"Polygon"},"properties":{"CALC_ACRE":0.402,"DEED_DATE":"200413","NET_VALUE":772000.0,"PAMS_PIN":"0248_3201_15","PCLBLOCK":"3201","PCLLOT":"15","PROP_CLASS":"2","PROP_LOC":"303 WYCKOFF AVE","SALES_CODE":"","SALE_PRICE":559000.0,"YR_CONSTR":1920,"ZIP5":"07446"},"type":"Feature"},{"geometry":{"coordinates":[[[-74.1500052333941,41.0453446432716],[-74.1497064204929,41.0452501847262],[-74.1498586040852,41.0449748488982],[-74.1501530430892,41.0450671045979],[-74.1500052333941,41.0453446432716]]],"type":"Polygon"},"properties":{"CALC_ACRE":0.20500000000000002,"DEED_DATE":"160403","NET_VALUE":691200.0,"PAMS_PIN":"0248_3212_2","PCLBLOCK":"3212","PCLLOT":"2","PROP_CLASS":"2","PROP_LOC":"8 LARCH AVENUE","SALES_CODE":"","SALE_PRICE":485900.0,"YR_CONSTR":1952,"ZIP5":"07446"},"type":"Feature"},{"geometry":{"coordinates":[[[-74.1570557309701,41.0494084897517],[-74.1568741401287,41.0494035192372],[-74.1568875115517,41.0490843730745],[-74.1570732750676,41.0490923298654],[-74.1570557309701,41.0494084897517]]],"type":"Polygon"},"properties":{"CALC_ACRE":0.12300000000000001,"DEED_DATE":"200916","NET_VALUE":840700.0,"PAMS_PIN":"0248_3201_22","PCLBLOCK":"3201","PCLLOT":"22","PROP_CLASS":"2","PROP_LOC":"41 RAMSEY AVE","SALES_CODE":"","SALE_PRICE":650000.0,"YR_CONSTR":2007,"ZIP5":"07446"},"type":"Feature"},{"geometry":{"coordinates":[[[-74.1499507883014,41.0457615818688],[-74.1497163369954,41.0456939487406],[-74.1498503898902,41.0454453028345],[-74.1502490505352,41.0455709761589],[-74.1502647488074,41.0455808527687],[-74.1502757188256,41.0455938631387],[-74.1502809205899,41.0456087738341],[-74.1502798609528,41.0456241712628],[-74.1502671075215,41.0456847179405],[-74.1502578171941,41.0457456220883],[-74.1502451284907,41.0458464910614],[-74.1499507883014,41.0457615818688]]],"type":"Polygon"},"properties":{"CALC_ACRE":0.34900000000000003,"DEED_DATE":"210208","NET_VALUE":1310300.0,"PAMS_PIN":"0248_3209_4","PCLBLOCK":"3209","PCLLOT":"4","PROP_CLASS":"2","PROP_LOC":"3 LARCH AVENUE","SALES_CODE":"","SALE_PRICE":950000.0,"YR_CONSTR":2006,"ZIP5":"07446"},"type":"Feature"},{"geometry":{"coordinates":[[[-74.1521458630206,41.0410638836707],[-74.1522803237506,41.0408422842085],[-74.152546243041,41.0408982210994],[-74.1525902802529,41.0409074845118],[-74.1524282277689,41.0411600041415],[-74.1523872070998,41.0411460399664],[-74.1521458630206,41.0410638836707]]],"type":"Polygon"},"properties":{"CALC_ACRE":0.20900000000000002,"DEED_DATE":null,"NET_VALUE":582300.0,"PAMS_PIN":"0248_3510_15","PCLBLOCK":"3510","PCLLOT":"15","PROP_CLASS":"2","PROP_LOC":"188 FOREST AVE","SALES_CODE":"","SALE_PRICE":0.0,"YR_CONSTR":1963,"ZIP5":"07446"},"type":"Feature"},{"geometry":{"coordinates":[[[-74.1606685367522,41.0469440074453],[-74.1607208375664,41.0469486184016],[-74.1611384167312,41.0469854308398],[-74.161477599023,41.0470153308955],[-74.1614727247642,41.0472492471781],[-74.1614698887829,41.0472500106991],[-74.1614667114417,41.0472508589052],[-74.1614637613743,41.0472517084662],[-74.1614605831348,41.0472527280749],[-74.1614576330675,41.0472537490386],[-74.1614546812034,41.0472547693248],[-74.1614515020656,41.0472559603361],[-74.1614485519982,41.0472569812998],[-74.1614455992359,41.047258173666],[-74.1614428737473,41.0472593660322],[-74.1614399218833,41.0472607298011],[-74.1614369700193,41.0472619228448],[-74.1614342427341,41.047263287291],[-74.1614315163472,41.0472646517373],[-74.1614285644832,41.047266015506],[-74.1614258380963,41.0472673799522],[-74.1614233371865,41.047268915801],[-74.1614206107996,41.0472704523272],[-74.1614178826161,41.0472719888534],[-74.1614153826047,41.0472735247021],[-74.1614128816949,41.0472750612282],[-74.1614103807852,41.0472767691569],[-74.1614078789771,41.0472784784405],[-74.1614053780674,41.0472801856916],[-74.1614028771576,41.0472818949752],[-74.1614006008267,41.0472836029037],[-74.1613983262924,41.0472854835896],[-74.1613960508598,41.0472871921955],[-74.1613937754272,41.0472890735589],[-74.1613914990962,41.0472909535673],[-74.1613894500391,41.0472930056557],[-74.1613874000836,41.0472948863414],[-74.1613853510264,41.0472969391071],[-74.161383301071,41.0472988204702],[-74.1613812520138,41.0473008732358],[-74.1613794284338,41.0473029266788],[-74.1613776048537,41.0473049801217],[-74.1613757812737,41.0473070328871],[-74.1613739576937,41.0473092577324],[-74.1613721341136,41.0473113118527],[-74.1613705360108,41.0473135366978],[-74.1613689388062,41.0473157628979],[-74.1613673416016,41.0473179877429],[-74.1613657434987,41.0473202125879],[-74.1613643726696,41.0473224394652],[-74.1613630009422,41.0473246663424],[-74.1613616292147,41.0473270639446],[-74.1613602583856,41.0473292894667],[-74.1613591121353,41.0473316877462],[-74.1613577413062,41.0473339132682],[-74.1613565968525,41.0473363122249],[-74.161355677876,41.0473387111816],[-74.1613545316257,41.0473411101382],[-74.1613536135474,41.0473435090948],[-74.1613526945709,41.0473459073737],[-74.1613517755944,41.04734830633],[-74.1613508575161,41.0473507066412],[-74.1613501649151,41.0473532769998],[-74.161349472314,41.0473556773108],[-74.1613487806112,41.0473580769443],[-74.1613483143856,41.047360649335],[-74.1613476217845,41.0473630489683],[-74.1613471546605,41.0473656200039],[-74.1613466893332,41.047368020992],[-74.1613464503814,41.0473705927048],[-74.1613462105312,41.0473729950476],[-74.1613457443055,41.0473755660828],[-74.1613457308308,41.0473781398278],[-74.1613454927773,41.0473805408154],[-74.1613454793025,41.0473831138827],[-74.1613454676244,41.0473855155477],[-74.1613454541497,41.0473880892922],[-74.1613456670504,41.0473906630367],[-74.161345654474,41.0473930647014],[-74.1613458682731,41.0473956391232],[-74.1613463084475,41.0473982128673],[-74.1613465222466,41.0474006152092],[-74.1613469624211,41.0474031903081],[-74.1613474034939,41.0474055933273],[-74.1613478436684,41.0474081677486],[-74.1613485111166,41.047410571445],[-74.1613491785649,41.0474129751414],[-74.1613498451148,41.0474155509173],[-74.1613505125631,41.0474179546135],[-74.1613511809096,41.0474203583096],[-74.1613520747334,41.047422762683],[-74.1613529676588,41.0474253377811],[-74.1613538614825,41.0474277421544],[-74.1613549825799,41.0474299764803],[-74.1613561045757,41.0474323815309],[-74.1613572238766,41.0474347865814],[-74.1613583458724,41.0474371916318],[-74.1613594669698,41.0474394246025],[-74.1613608135444,41.0474418303302],[-74.1613621619157,41.0474440646557],[-74.1613635102869,41.0474462983036],[-74.1613650850336,41.0474487047085],[-74.1613664325066,41.0474509397113],[-74.1613680072532,41.0474531740365],[-74.1613695837966,41.0474552369594],[-74.1613713849187,41.0474574733169],[-74.1613729587671,41.0474597076418],[-74.1613747607875,41.047461771242],[-74.1613765637063,41.0474638361971],[-74.1613783648285,41.0474660711993],[-74.1613801668489,41.0474681354768],[-74.1613821970415,41.0474700276747],[-74.1613842254374,41.0474720926296],[-74.1613862556299,41.0474741569069],[-74.1613882840258,41.0474760504595],[-74.1613903151167,41.0474779433346],[-74.1613925707864,41.0474798375647],[-74.1613948273544,41.0474817304397],[-74.1613970839224,41.0474836246696],[-74.1613993404903,41.047485518222],[-74.1614015970584,41.0474872403722],[-74.1614040809001,41.0474889631999],[-74.1614063374681,41.0474906853501],[-74.1614088222082,41.0474924081777],[-74.1614113051516,41.0474941316828],[-74.1614140171655,41.0474956831083],[-74.1614165019055,41.0474972345337],[-74.1614189866456,41.0474987859591],[-74.1614216977611,41.047500338062],[-74.1614244088767,41.0475018894874],[-74.1614271226871,41.0475032701881],[-74.1614298329043,41.0475046508889],[-74.1614325458165,41.0475060309121],[-74.1614354851041,41.0475074122903],[-74.161438197118,41.0475087923135],[-74.1614411364056,41.0475100022896],[-74.1614426060494,41.0475106919625],[-74.1614447521246,41.0475118999061],[-74.1614463340578,41.0475129337378],[-74.1614479141944,41.0475139675696],[-74.1614497216047,41.0475150020788],[-74.161451303538,41.0475160359104],[-74.1614528836745,41.0475172411441],[-74.1614544638111,41.0475182749757],[-74.1614560439477,41.0475194815643],[-74.1614573977088,41.0475205147184],[-74.1614589787437,41.0475217192745],[-74.161460557982,41.047522925863],[-74.1614619117432,41.0475241297416],[-74.161463264606,41.0475253349751],[-74.1614646192654,41.0475265395311],[-74.1614659721282,41.0475279161665],[-74.1614673240927,41.0475291213999],[-74.1614686769556,41.0475304980352],[-74.1614698043412,41.0475317012362],[-74.1614711572041,41.047533078549],[-74.1614722827931,41.0475344538292],[-74.1614734092805,41.0475358304645],[-74.1614745348695,41.0475372050673],[-74.1614756613569,41.0475385810249],[-74.1614767860476,41.0475399576601],[-74.161477912535,41.0475415043422],[-74.1614788117486,41.0475428796223],[-74.1614799373376,41.0475442549024],[-74.1614808356529,41.0475458022619],[-74.1614817348665,41.0475471761869],[-74.1614948466764,41.0475976516544],[-74.1607096759989,41.0476814636758],[-74.1606685367522,41.0469440074453]]],"type":"Polygon"},"properties":{"CALC_ACRE":1.069,"DEED_DATE":"080801","NET_VALUE":1281900.0,"PAMS_PIN":"0248_3101_11","PCLBLOCK":"3101","PCLLOT":"11","PROP_CLASS":"2","PROP_LOC":"6 ACORN CT","SALES_CODE":"","SALE_PRICE":799000.0,"YR_CONSTR":1963,"ZIP5":"07446"},"type":"Feature"},{"geometry":{"coordinates":[[[-74.1510735880834,41.0417740488802],[-74.1512190262262,41.0415223040019],[-74.1515659268428,41.041636675343],[-74.1514209764852,41.0418853884873],[-74.1510735880834,41.0417740488802]]],"type":"Polygon"},"properties":{"CALC_ACRE":0.23,"DEED_DATE":"210617","NET_VALUE":637500.0,"PAMS_PIN":"0248_3507_15","PCLBLOCK":"3507","PCLLOT":"15","PROP_CLASS":"2","PROP_LOC":"85 MAYFAIR DRIVE","SALES_CODE":"","SALE_PRICE":650000.0,"YR_CONSTR":1956,"ZIP5":"07446"},"type":"Feature"},{"geometry":{"coordinates":[[[-74.1508510116071,41.0476079770855],[-74.1508935791752,41.0473420619976],[-74.1508958765875,41.04733007492],[-74.1509014445325,41.0473187145006],[-74.1509100371848,41.0473084823032],[-74.1509212751781,41.0472998300811],[-74.1509346623539,41.0472931398311],[-74.1509496076673,41.0472887069292],[-74.1509654512813,41.0472867270888],[-74.1509814936988,41.0472872877203],[-74.151254307559,41.0473126451338],[-74.1511994411564,41.0476421253158],[-74.1508510116071,41.0476079770855]]],"type":"Polygon"},"properties":{"CALC_ACRE":0.28700000000000003,"DEED_DATE":null,"NET_VALUE":767300.0,"PAMS_PIN":"0248_3204_12","PCLBLOCK":"3204","PCLLOT":"12","PROP_CLASS":"2","PROP_LOC":"113 MOMAR DR","SALES_CODE":"","SALE_PRICE":0.0,"YR_CONSTR":1951,"ZIP5":"07446"},"type":"Feature"},{"geometry":{"coordinates":[[[-74.1570557309701,41.0494084897517],[-74.1570732750676,41.0490923298654],[-74.1573837912203,41.0491056297968],[-74.1573731704387,41.0494173258447],[-74.1570557309701,41.0494084897517]]],"type":"Polygon"},"properties":{"CALC_ACRE":0.17200000000000001,"DEED_DATE":"190628","NET_VALUE":542300.0,"PAMS_PIN":"0248_3201_23","PCLBLOCK":"3201","PCLLOT":"23","PROP_CLASS":"2","PROP_LOC":"45 RAMSEY AVENUE","SALES_CODE":"","SALE_PRICE":150000.0,"YR_CONSTR":1973,"ZIP5":"07446"},"type":"Feature"},{"geometry":{"coordinates":[[[-74.1503964901245,41.0470950381148],[-74.1504497602209,41.0467541029709],[-74.1507991356961,41.0467860769154],[-74.1507552682658,41.0470693838799],[-74.1507522288555,41.0470811012995],[-74.1507459998008,41.0470920777829],[-74.1507368579453,41.0471018254925],[-74.1507252095891,41.0471099112024],[-74.1507115724309,41.0471159755525],[-74.1506965525597,41.0471197490199],[-74.1506808175175,41.0471210638972],[-74.1506650666315,41.0471198617463],[-74.1503964901245,41.0470950381148]]],"type":"Polygon"},"properties":{"CALC_ACRE":0.28700000000000003,"DEED_DATE":"990302","NET_VALUE":654900.0,"PAMS_PIN":"0248_3208_1","PCLBLOCK":"3208","PCLLOT":"1","PROP_CLASS":"2","PROP_LOC":"124 MOMAR DR","SALES_CODE":"","SALE_PRICE":100.0,"YR_CONSTR":1952,"ZIP5":"07446"},"type":"Feature"},{"geometry":{"coordinates":[[[-74.1617616148748,41.0451949561362],[-74.1621002761436,41.0448096941384],[-74.1625617883158,41.0449197264455],[-74.1621268384283,41.0453992843434],[-74.1617616148748,41.0451949561362]]],"type":"Polygon"},"properties":{"CALC_ACRE":0.508,"DEED_DATE":"201023","NET_VALUE":977400.0,"PAMS_PIN":"0248_3101_68.08","PCLBLOCK":"3101","PCLLOT":"68.08","PROP_CLASS":"2","PROP_LOC":"7 GOOSE COVE LANE","SALES_CODE":"","SALE_PRICE":904000.0,"YR_CONSTR":1981,"ZIP5":"07446"},"type":"Feature"},{"geometry":{"coordinates":[[[-74.1613825581642,41.0438523006954],[-74.1615766275032,41.0436873971874],[-74.1616820582766,41.043597811009],[-74.162685471059,41.0438365227035],[-74.1626646597888,41.0438807346759],[-74.1625738751479,41.0440736014019],[-74.1625486962688,41.0440689238478],[-74.1613825581642,41.0438523006954]]],"type":"Polygon"},"properties":{"CALC_ACRE":0.737,"DEED_DATE":"980629","NET_VALUE":1024200.0,"PAMS_PIN":"0248_3101_72","PCLBLOCK":"3101","PCLLOT":"72","PROP_CLASS":"2","PROP_LOC":"519 WYCKOFF AVE.","SALES_CODE":"","SALE_PRICE":168000.0,"YR_CONSTR":1920,"ZIP5":"07446"},"type":"Feature"},{"geometry":{"coordinates":[[[-74.1611384167312,41.0469854308398],[-74.1615423980977,41.0465439031158],[-74.1618355417311,41.046703470357],[-74.1615385191723,41.047020700628],[-74.161477599023,41.0470153308955],[-74.1611384167312,41.0469854308398]]],"type":"Polygon"},"properties":{"CALC_ACRE":0.395,"DEED_DATE":"110725","NET_VALUE":618300.0,"PAMS_PIN":"0248_3101_52","PCLBLOCK":"3101","PCLLOT":"52","PROP_CLASS":"2","PROP_LOC":"62 W CEDAR PLACE","SALES_CODE":"","SALE_PRICE":570000.0,"YR_CONSTR":1961,"ZIP5":"07446"},"type":"Feature"},{"geometry":{"coordinates":[[[-74.1495560362262,41.0444209881342],[-74.1498301786947,41.0439352909188],[-74.1501593303979,41.0440378503542],[-74.1498773689932,41.0445197134668],[-74.1495560362262,41.0444209881342]]],"type":"Polygon"},"properties":{"CALC_ACRE":0.436,"DEED_DATE":"040924","NET_VALUE":626500.0,"PAMS_PIN":"0248_3501_22","PCLBLOCK":"3501","PCLLOT":"22","PROP_CLASS":"2","PROP_LOC":"182 PINE STREET","SALES_CODE":"","SALE_PRICE":530000.0,"YR_CONSTR":1958,"ZIP5":"07446"},"type":"Feature"},{"geometry":{"coordinates":[[[-74.1504497602209,41.0467541029709],[-74.1501604667667,41.0467272088033],[-74.1502119321477,41.0463846999772],[-74.1505040499051,41.0464119784214],[-74.1504497602209,41.0467541029709]]],"type":"Polygon"},"properties":{"CALC_ACRE":0.23,"DEED_DATE":"930223","NET_VALUE":694400.0,"PAMS_PIN":"0248_3208_21","PCLBLOCK":"3208","PCLLOT":"21","PROP_CLASS":"2","PROP_LOC":"109 ALDER DR","SALES_CODE":"","SALE_PRICE":214900.0,"YR_CONSTR":1952,"ZIP5":"07446"},"type":"Feature"},{"geometry":{"coordinates":[[[-74.1583350559022,41.049215174601],[-74.158341998981,41.0490558214316],[-74.1583484363083,41.0489064171111],[-74.1583636295147,41.0485540895759],[-74.1591759760262,41.0485638722056],[-74.1591190973973,41.049222642927],[-74.1583350559022,41.049215174601]]],"type":"Polygon"},"properties":{"CALC_ACRE":1.3,"DEED_DATE":"210610","NET_VALUE":1870400.0,"PAMS_PIN":"0248_3101_18","PCLBLOCK":"3101","PCLLOT":"18","PROP_CLASS":"2","PROP_LOC":"16 HUBBARD SCHOOL ROAD","SALES_CODE":"","SALE_PRICE":1325000.0,"YR_CONSTR":2007,"ZIP5":"07446"},"type":"Feature"},{"geometry":{"coordinates":[[[-74.1528121847893,41.0488023795829],[-74.1528663540993,41.0487577664704],[-74.1529965397469,41.0486500798727],[-74.1532725381348,41.0488279037463],[-74.1530754513547,41.0489875657134],[-74.1528121847893,41.0488023795829]]],"type":"Polygon"},"properties":{"CALC_ACRE":0.17200000000000001,"DEED_DATE":"061018","NET_VALUE":681300.0,"PAMS_PIN":"0248_3203_13","PCLBLOCK":"3203","PCLLOT":"13","PROP_CLASS":"2","PROP_LOC":"50 CENTER ST","SALES_CODE":"","SALE_PRICE":615000.0,"YR_CONSTR":1954,"ZIP5":"07446"},"type":"Feature"},{"geometry":{"coordinates":[[[-74.1498586040852,41.0449748488982],[-74.1495650966341,41.0448827610905],[-74.149708440804,41.044616140544],[-74.1500048309488,41.0447071284533],[-74.1498586040852,41.0449748488982]]],"type":"Polygon"},"properties":{"CALC_ACRE":0.20500000000000002,"DEED_DATE":"130130","NET_VALUE":937900.0,"PAMS_PIN":"0248_3212_10","PCLBLOCK":"3212","PCLLOT":"10","PROP_CLASS":"2","PROP_LOC":"179 PINE ST","SALES_CODE":"","SALE_PRICE":400000.0,"YR_CONSTR":1957,"ZIP5":"07446"},"type":"Feature"},{"geometry":{"coordinates":[[[-74.1573731704387,41.0494173258447],[-74.1573837912203,41.0491056297968],[-74.1576503734674,41.0491170463821],[-74.1576303383416,41.0494244371272],[-74.1573731704387,41.0494173258447]]],"type":"Polygon"},"properties":{"CALC_ACRE":0.17600000000000002,"DEED_DATE":"050720","NET_VALUE":992600.0,"PAMS_PIN":"0248_3201_24","PCLBLOCK":"3201","PCLLOT":"24","PROP_CLASS":"2","PROP_LOC":"53 RAMSEY AVE","SALES_CODE":"","SALE_PRICE":515000.0,"YR_CONSTR":1958,"ZIP5":"07446"},"type":"Feature"},{"geometry":{"coordinates":[[[-74.1499699556546,41.0428922990779],[-74.1499964197786,41.0428771263167],[-74.1500214429793,41.0428606213163],[-74.1500449075884,41.0428428616881],[-74.1500667032668,41.0428239309434],[-74.1500867275233,41.0428039181006],[-74.1501048861966,41.0427829172662],[-74.150121093898,41.042761027193],[-74.1501352744129,41.0427383508152],[-74.1501813975129,41.0426594554177],[-74.1505014726385,41.0427647723441],[-74.1503598837767,41.0430146709583],[-74.1499699556546,41.0428922990779]]],"type":"Polygon"},"properties":{"CALC_ACRE":0.25,"DEED_DATE":"991227","NET_VALUE":666300.0,"PAMS_PIN":"0248_3507_5","PCLBLOCK":"3507","PCLLOT":"5","PROP_CLASS":"2","PROP_LOC":"274 MOMAR DR","SALES_CODE":"","SALE_PRICE":278000.0,"YR_CONSTR":1961,"ZIP5":"07045"},"type":"Feature"},{"geometry":{"coordinates":[[[-74.1501813975129,41.0426594554177],[-74.1503280780257,41.0424085520318],[-74.150642299729,41.0425139980903],[-74.1505014726385,41.0427647723441],[-74.1501813975129,41.0426594554177]]],"type":"Polygon"},"properties":{"CALC_ACRE":0.23,"DEED_DATE":null,"NET_VALUE":650900.0,"PAMS_PIN":"0248_3507_6","PCLBLOCK":"3507","PCLLOT":"6","PROP_CLASS":"2","PROP_LOC":"282 MOMAR DR","SALES_CODE":"","SALE_PRICE":0.0,"YR_CONSTR":1961,"ZIP5":"07446"},"type":"Feature"},{"geometry":{"coordinates":[[[-74.1512190262262,41.0415223040019],[-74.1513667505814,41.0412664495429],[-74.1517136961138,41.0413831229366],[-74.1515659268428,41.041636675343],[-74.1512190262262,41.0415223040019]]],"type":"Polygon"},"properties":{"CALC_ACRE":0.23,"DEED_DATE":"090115","NET_VALUE":607900.0,"PAMS_PIN":"0248_3507_14","PCLBLOCK":"3507","PCLLOT":"14","PROP_CLASS":"2","PROP_LOC":"93 MAYFAIR DRIVE","SALES_CODE":"","SALE_PRICE":88500.0,"YR_CONSTR":1956,"ZIP5":"07446"},"type":"Feature"},{"geometry":{"coordinates":[[[-74.15370262634,41.0490886370203],[-74.1535939185125,41.049177697466],[-74.1533222212582,41.0489869919022],[-74.1534446903775,41.0488876987823],[-74.1537200572498,41.04907440693],[-74.15370262634,41.0490886370203]]],"type":"Polygon"},"properties":{"CALC_ACRE":0.115,"DEED_DATE":"970718","NET_VALUE":551000.0,"PAMS_PIN":"0248_3202_6","PCLBLOCK":"3202","PCLLOT":"6","PROP_CLASS":"2","PROP_LOC":"51 CENTER ST","SALES_CODE":"","SALE_PRICE":252000.0,"YR_CONSTR":1930,"ZIP5":"07446"},"type":"Feature"},{"geometry":{"coordinates":[[[-74.1619502494063,41.0460571890693],[-74.161702442847,41.0459237973009],[-74.1620477130214,41.0455286643508],[-74.1622889412179,41.0456637933456],[-74.1623119294876,41.0456820394954],[-74.162329417653,41.0457034766113],[-74.162340649632,41.04572717788],[-74.1623451398221,41.0457521186009],[-74.1622505463243,41.0462188346797],[-74.1619502494063,41.0460571890693]]],"type":"Polygon"},"properties":{"CALC_ACRE":0.498,"DEED_DATE":"170529","NET_VALUE":1280200.0,"PAMS_PIN":"0248_3101_68.03","PCLBLOCK":"3101","PCLLOT":"68.03","PROP_CLASS":"2","PROP_LOC":"10 GOOSE COVE LANE","SALES_CODE":"","SALE_PRICE":1.0,"YR_CONSTR":1980,"ZIP5":"07446"},"type":"Feature"},{"geometry":{"coordinates":[[[-74.1501105339117,41.0462374074297],[-74.1499501019885,41.0462226245672],[-74.1499038837292,41.0462173556266],[-74.1498581907073,41.0462099246034],[-74.1498132005642,41.0462003603865],[-74.1497690882087,41.046188700158],[-74.1497260251368,41.0461749892484],[-74.1496841787654,41.0461592809605],[-74.1496437117813,41.0461416363622],[-74.1496047815084,41.046122124049],[-74.1499507883014,41.0457615818688],[-74.1502451284907,41.0458464910614],[-74.1502026202115,41.0461844262313],[-74.150200233588,41.0461967552428],[-74.1501943187175,41.0462083890225],[-74.1501851637885,41.0462187607421],[-74.1501732148534,41.0462273650644],[-74.1501590540963,41.0462337827645],[-74.1501433714671,41.0462377011557],[-74.1501269310655,41.0462389293239],[-74.1501105339117,41.0462374074297]]],"type":"Polygon"},"properties":{"CALC_ACRE":0.647,"DEED_DATE":null,"NET_VALUE":854800.0,"PAMS_PIN":"0248_3209_1","PCLBLOCK":"3209","PCLLOT":"1","PROP_CLASS":"2","PROP_LOC":"114 ALDER DR","SALES_CODE":"","SALE_PRICE":0.0,"YR_CONSTR":1951,"ZIP5":"07446"},"type":"Feature"},{"geometry":{"coordinates":[[[-74.1580803278236,41.0493055145968],[-74.1577837292696,41.049298286101],[-74.157802424109,41.0490144203418],[-74.158341998981,41.0490558214316],[-74.1583350559022,41.049215174601],[-74.1583309308384,41.0493115758289],[-74.1580803278236,41.0493055145968]]],"type":"Polygon"},"properties":{"CALC_ACRE":0.321,"DEED_DATE":"160603","NET_VALUE":948300.0,"PAMS_PIN":"0248_3101_21","PCLBLOCK":"3101","PCLLOT":"21","PROP_CLASS":"2","PROP_LOC":"19 FRANKLIN STREET","SALES_CODE":"","SALE_PRICE":488000.0,"YR_CONSTR":1921,"ZIP5":"07446"},"type":"Feature"},{"geometry":{"coordinates":[[[-74.15370262634,41.0490886370203],[-74.1537200572498,41.04907440693],[-74.153855336345,41.0489636905575],[-74.1543716718007,41.0493318494841],[-74.1542296715104,41.0494453360416],[-74.15370262634,41.0490886370203]]],"type":"Polygon"},"properties":{"CALC_ACRE":0.269,"DEED_DATE":null,"NET_VALUE":656600.0,"PAMS_PIN":"0248_3202_17","PCLBLOCK":"3202","PCLLOT":"17","PROP_CLASS":"2","PROP_LOC":"288 WYCKOFF AVE","SALES_CODE":"","SALE_PRICE":0.0,"YR_CONSTR":1920,"ZIP5":"07446"},"type":"Feature"},{"geometry":{"coordinates":[[[-74.1551046171224,41.0495773095285],[-74.1549964572673,41.0495027031855],[-74.1546803383222,41.0492847409681],[-74.1548141450787,41.0491777482756],[-74.1552202419776,41.0494802129406],[-74.1551046171224,41.0495773095285]]],"type":"Polygon"},"properties":{"CALC_ACRE":0.17300000000000001,"DEED_DATE":null,"NET_VALUE":503500.0,"PAMS_PIN":"0248_3201_14","PCLBLOCK":"3201","PCLLOT":"14","PROP_CLASS":"2","PROP_LOC":"297 WYCKOFF AVE","SALES_CODE":"","SALE_PRICE":0.0,"YR_CONSTR":1925,"ZIP5":"07446"},"type":"Feature"},{"geometry":{"coordinates":[[[-74.1566896315592,41.0493875000461],[-74.1567058650147,41.0490765917453],[-74.1568875115517,41.0490843730745],[-74.1568741401287,41.0494035192372],[-74.1568502206876,41.0494029034273],[-74.1568690314096,41.0497285861672],[-74.1566745731001,41.0497447089259],[-74.1566896315592,41.0493875000461]]],"type":"Polygon"},"properties":{"CALC_ACRE":0.275,"DEED_DATE":"210510","NET_VALUE":708000.0,"PAMS_PIN":"0248_3201_4","PCLBLOCK":"3201","PCLLOT":"4","PROP_CLASS":"2","PROP_LOC":"70 W OAK ST","SALES_CODE":"","SALE_PRICE":685000.0,"YR_CONSTR":1924,"ZIP5":"07446"},"type":"Feature"},{"geometry":{"coordinates":[[[-74.1500508740987,41.0435612378725],[-74.1496892195519,41.0434519018171],[-74.1498291492254,41.0431981605999],[-74.1501920928547,41.0433077572451],[-74.1500508740987,41.0435612378725]]],"type":"Polygon"},"properties":{"CALC_ACRE":0.23600000000000002,"DEED_DATE":"131018","NET_VALUE":593900.0,"PAMS_PIN":"0248_3507_2","PCLBLOCK":"3507","PCLLOT":"2","PROP_CLASS":"2","PROP_LOC":"9 MAYFAIR DR","SALES_CODE":"","SALE_PRICE":100.0,"YR_CONSTR":1957,"ZIP5":"07446"},"type":"Feature"},{"geometry":{"coordinates":[[[-74.1616292373379,41.0464197363536],[-74.1619502494063,41.0460571890693],[-74.1622505463243,41.0462188346797],[-74.1619208493437,41.0465775627522],[-74.1616292373379,41.0464197363536]]],"type":"Polygon"},"properties":{"CALC_ACRE":0.35600000000000004,"DEED_DATE":"090605","NET_VALUE":1310100.0,"PAMS_PIN":"0248_3101_57","PCLBLOCK":"3101","PCLLOT":"57","PROP_CLASS":"2","PROP_LOC":"61 W CEDAR PLACE","SALES_CODE":"","SALE_PRICE":1075000.0,"YR_CONSTR":1961,"ZIP5":"07446"},"type":"Feature"},{"geometry":{"coordinates":[[[-74.1503280780257,41.0424085520318],[-74.1503380009913,41.0423892418039],[-74.1503459868561,41.0423694271791],[-74.1503519911389,41.0423492185243],[-74.150355980396,41.0423287284012],[-74.150357932407,41.0423080709393],[-74.1503578362995,41.0422873612005],[-74.1503556926087,41.0422667145379],[-74.1503515132749,41.0422462459532],[-74.1503385362123,41.0422009352796],[-74.150331398127,41.0421802699533],[-74.1503294286014,41.0421589665744],[-74.1503326950233,41.0421377540445],[-74.150341085631,41.0421173581574],[-74.1507836882665,41.0422608894598],[-74.150642299729,41.0425139980903],[-74.1503280780257,41.0424085520318]]],"type":"Polygon"},"properties":{"CALC_ACRE":0.252,"DEED_DATE":"930827","NET_VALUE":674500.0,"PAMS_PIN":"0248_3507_7","PCLBLOCK":"3507","PCLLOT":"7","PROP_CLASS":"2","PROP_LOC":"290 MOMAR DR","SALES_CODE":"","SALE_PRICE":255000.0,"YR_CONSTR":1961,"ZIP5":"07446"},"type":"Feature"},{"geometry":{"coordinates":[[[-74.155934509528,41.0498060666939],[-74.1557444269122,41.049821826318],[-74.1556585030553,41.049308254244],[-74.1559740156376,41.0491647471191],[-74.1559586634294,41.0494148273774],[-74.155934509528,41.0498060666939]]],"type":"Polygon"},"properties":{"CALC_ACRE":0.24700000000000003,"DEED_DATE":"030724","NET_VALUE":1195000.0,"PAMS_PIN":"0248_3201_8","PCLBLOCK":"3201","PCLLOT":"8","PROP_CLASS":"2","PROP_LOC":"50 W OAK ST","SALES_CODE":"","SALE_PRICE":204000.0,"YR_CONSTR":2004,"ZIP5":"07446"},"type":"Feature"},{"geometry":{"coordinates":[[[-74.1497064204929,41.0452501847262],[-74.1494138805274,41.0451577090949],[-74.1495650966341,41.0448827610905],[-74.1498586040852,41.0449748488982],[-74.1497064204929,41.0452501847262]]],"type":"Polygon"},"properties":{"CALC_ACRE":0.20500000000000002,"DEED_DATE":"911226","NET_VALUE":898000.0,"PAMS_PIN":"0248_3212_3","PCLBLOCK":"3212","PCLLOT":"3","PROP_CLASS":"2","PROP_LOC":"14 LARCH AVENUE","SALES_CODE":"","SALE_PRICE":0.0,"YR_CONSTR":1952,"ZIP5":"07446"},"type":"Feature"},{"geometry":{"coordinates":[[[-74.1513667505814,41.0412664495429],[-74.1515194659763,41.0410021715253],[-74.1518026796326,41.0410987799181],[-74.1518147199377,41.0411037511489],[-74.1518252271318,41.0411104128255],[-74.1518337900037,41.041118504235],[-74.1518400734354,41.04112770871],[-74.1518438315175,41.0411376660225],[-74.1518449171731,41.0411479864812],[-74.1518432879139,41.0411582661829],[-74.1518390075027,41.0411681028197],[-74.1517136961138,41.0413831229366],[-74.1513667505814,41.0412664495429]]],"type":"Polygon"},"properties":{"CALC_ACRE":0.23,"DEED_DATE":null,"NET_VALUE":658900.0,"PAMS_PIN":"0248_3507_13","PCLBLOCK":"3507","PCLLOT":"13","PROP_CLASS":"2","PROP_LOC":"101 MAYFAIR DRIVE","SALES_CODE":"","SALE_PRICE":0.0,"YR_CONSTR":1956,"ZIP5":"07446"},"type":"Feature"},{"geometry":{"coordinates":[[[-74.1625617883158,41.0449197264455],[-74.1621002761436,41.0448096941384],[-74.1614660269255,41.0446584739416],[-74.161529856718,41.0446059921506],[-74.1618911564303,41.0443089238147],[-74.1624376636014,41.0444297700186],[-74.1628111390791,41.0445119526006],[-74.1628074007905,41.0445339010774],[-74.1628082651003,41.0445560202883],[-74.1628137106888,41.0445777646247],[-74.1628236032312,41.0445985977255],[-74.1628376987107,41.0446180057075],[-74.1628556494381,41.0446355098406],[-74.1628770126275,41.0446506783568],[-74.162901261319,41.0446631371001],[-74.1629277973767,41.0446725787557],[-74.1629559662427,41.0446787704302],[-74.1629850730833,41.0446815593961],[-74.1630143999279,41.0446808768592],[-74.1630432233792,41.0446767396554],[-74.1630708324569,41.0446692498352],[-74.1630965461353,41.0446585921471],[-74.1631197301421,41.0446450294797],[-74.1631310825316,41.0446337816617],[-74.1631443754957,41.0446238162608],[-74.1631593571286,41.044615322125],[-74.1631757435238,41.0446084602213],[-74.1631932241542,41.0446033605854],[-74.1632114677566,41.0446001198574],[-74.163230128609,41.0445987994504],[-74.1632488530827,41.0445994243865],[-74.1630889152329,41.0450454000961],[-74.1625617883158,41.0449197264455]]],"type":"Polygon"},"properties":{"CALC_ACRE":1.54,"DEED_DATE":"170621","NET_VALUE":1345400.0,"PAMS_PIN":"0248_3101_70.01","PCLBLOCK":"3101","PCLLOT":"70.01","PROP_CLASS":"2","PROP_LOC":"10 VAN GELDER COURT","SALES_CODE":"","SALE_PRICE":925000.0,"YR_CONSTR":1990,"ZIP5":"07446"},"type":"Feature"},{"geometry":{"coordinates":[[[-74.1518534434293,41.0481841885837],[-74.1521118312444,41.0483662533201],[-74.151865500617,41.0485664188053],[-74.1516075718411,41.0483841839006],[-74.1518534434293,41.0481841885837]]],"type":"Polygon"},"properties":{"CALC_ACRE":0.23,"DEED_DATE":null,"NET_VALUE":600600.0,"PAMS_PIN":"0248_3204_31","PCLBLOCK":"3204","PCLLOT":"31","PROP_CLASS":"2","PROP_LOC":"5 PARK PL","SALES_CODE":"","SALE_PRICE":0.0,"YR_CONSTR":1954,"ZIP5":"07446"},"type":"Feature"},{"geometry":{"coordinates":[[[-74.151865500617,41.0485664188053],[-74.1521118312444,41.0483662533201],[-74.1521450114177,41.0483395054674],[-74.1524147871756,41.0485278194143],[-74.1521338121211,41.0487559854139],[-74.151865500617,41.0485664188053]]],"type":"Polygon"},"properties":{"CALC_ACRE":0.264,"DEED_DATE":"201030","NET_VALUE":766000.0,"PAMS_PIN":"0248_3204_1","PCLBLOCK":"3204","PCLLOT":"1","PROP_CLASS":"2","PROP_LOC":"52 E OAK ST","SALES_CODE":"","SALE_PRICE":607000.0,"YR_CONSTR":1958,"ZIP5":"07446"},"type":"Feature"},{"geometry":{"coordinates":[[[-74.1504861985837,41.0418681878752],[-74.1509340922962,41.0420156893975],[-74.1507836882665,41.0422608894598],[-74.150341085631,41.0421173581574],[-74.1504861985837,41.0418681878752]]],"type":"Polygon"},"properties":{"CALC_ACRE":0.321,"DEED_DATE":null,"NET_VALUE":684300.0,"PAMS_PIN":"0248_3507_8","PCLBLOCK":"3507","PCLLOT":"8","PROP_CLASS":"2","PROP_LOC":"298 MOMAR DRIVE","SALES_CODE":"","SALE_PRICE":0.0,"YR_CONSTR":1971,"ZIP5":"07446"},"type":"Feature"},{"geometry":{"coordinates":[[[-74.1498291492254,41.0431981605999],[-74.1494578279077,41.043086031866],[-74.1494706011774,41.0430635097274],[-74.149487292036,41.043042495767],[-74.1495075943763,41.0430233753783],[-74.1495311358574,41.0430064992273],[-74.1495574847333,41.042992176821],[-74.1495861577707,41.0429806708313],[-74.1496166291118,41.0429721922773],[-74.1496483399182,41.0429668966553],[-74.1497560299545,41.0429557872769],[-74.1498129343802,41.0429473386609],[-74.1498680824506,41.0429337987213],[-74.1499206764621,41.042915363307],[-74.1499699556546,41.0428922990779],[-74.1503598837767,41.0430146709583],[-74.1502160626014,41.0432652224322],[-74.1501920928547,41.0433077572451],[-74.1498291492254,41.0431981605999]]],"type":"Polygon"},"properties":{"CALC_ACRE":0.42900000000000005,"DEED_DATE":"160715","NET_VALUE":1471300.0,"PAMS_PIN":"0248_3507_4","PCLBLOCK":"3507","PCLLOT":"4","PROP_CLASS":"2","PROP_LOC":"266 MOMAR DR","SALES_CODE":"","SALE_PRICE":972500.0,"YR_CONSTR":1969,"ZIP5":"07446"},"type":"Feature"},{"geometry":{"coordinates":[[[-74.1528663540993,41.0487577664704],[-74.1528121847893,41.0488023795829],[-74.1527505495811,41.0487587901205],[-74.1524661914711,41.0489891672359],[-74.1522634030839,41.0488475441213],[-74.1526050728107,41.0485713141843],[-74.1528663540993,41.0487577664704]]],"type":"Polygon"},"properties":{"CALC_ACRE":0.21300000000000002,"DEED_DATE":"190311","NET_VALUE":789900.0,"PAMS_PIN":"0248_3203_2","PCLBLOCK":"3203","PCLLOT":"2","PROP_CLASS":"2","PROP_LOC":"42 E OAK ST","SALES_CODE":"","SALE_PRICE":589900.0,"YR_CONSTR":1958,"ZIP5":"07446"},"type":"Feature"},{"geometry":{"coordinates":[[[-74.1627795372457,41.0436366795567],[-74.162685471059,41.0438365227035],[-74.1616820582766,41.043597811009],[-74.1618804260542,41.0434290206074],[-74.1626390703797,41.0436042379493],[-74.1627795372457,41.0436366795567]]],"type":"Polygon"},"properties":{"CALC_ACRE":0.47500000000000003,"DEED_DATE":"190117","NET_VALUE":917200.0,"PAMS_PIN":"0248_3101_72.01","PCLBLOCK":"3101","PCLLOT":"72.01","PROP_CLASS":"2","PROP_LOC":"521 WYCKOFF AVE","SALES_CODE":"","SALE_PRICE":610000.0,"YR_CONSTR":1984,"ZIP5":"07446"},"type":"Feature"},{"geometry":{"coordinates":[[[-74.1503964901245,41.0470950381148],[-74.1501074392155,41.047068320232],[-74.1501604667667,41.0467272088033],[-74.1504497602209,41.0467541029709],[-74.1503964901245,41.0470950381148]]],"type":"Polygon"},"properties":{"CALC_ACRE":0.23,"DEED_DATE":"000503","NET_VALUE":611000.0,"PAMS_PIN":"0248_3208_2","PCLBLOCK":"3208","PCLLOT":"2","PROP_CLASS":"2","PROP_LOC":"130 MOMAR DR","SALES_CODE":"","SALE_PRICE":275000.0,"YR_CONSTR":1952,"ZIP5":"07446"},"type":"Feature"},{"geometry":{"coordinates":[[[-74.1498773501285,41.0467008877783],[-74.149941598536,41.046359455347],[-74.1502119321477,41.0463846999772],[-74.1501604667667,41.0467272088033],[-74.1498773501285,41.0467008877783]]],"type":"Polygon"},"properties":{"CALC_ACRE":0.23,"DEED_DATE":"020730","NET_VALUE":828500.0,"PAMS_PIN":"0248_3208_20","PCLBLOCK":"3208","PCLLOT":"20","PROP_CLASS":"2","PROP_LOC":"115 ALDER DR","SALES_CODE":"","SALE_PRICE":0.0,"YR_CONSTR":1952,"ZIP5":"07446"},"type":"Feature"},{"geometry":{"coordinates":[[[-74.1497766157475,41.0439186335322],[-74.149479762072,41.0438261465445],[-74.149437773019,41.0438132324078],[-74.1495738255637,41.0435647467427],[-74.1499123359156,41.0436673867026],[-74.1497766157475,41.0439186335322]]],"type":"Polygon"},"properties":{"CALC_ACRE":0.248,"DEED_DATE":"170922","NET_VALUE":776000.0,"PAMS_PIN":"0248_3501_27","PCLBLOCK":"3501","PCLLOT":"27","PROP_CLASS":"2","PROP_LOC":"10 MAYFAIR DRIVE","SALES_CODE":"","SALE_PRICE":424000.0,"YR_CONSTR":1957,"ZIP5":"07446"},"type":"Feature"},{"geometry":{"coordinates":[[[-74.1535490027483,41.0492144388787],[-74.1534351403877,41.0493074934567],[-74.1531591186436,41.0491192284861],[-74.1533222212582,41.0489869919022],[-74.1535939185125,41.049177697466],[-74.1535490027483,41.0492144388787]]],"type":"Polygon"},"properties":{"CALC_ACRE":0.14700000000000002,"DEED_DATE":"210816","NET_VALUE":850500.0,"PAMS_PIN":"0248_3202_5","PCLBLOCK":"3202","PCLLOT":"5","PROP_CLASS":"2","PROP_LOC":"45 CENTER ST","SALES_CODE":"","SALE_PRICE":755000.0,"YR_CONSTR":1920,"ZIP5":"07446"},"type":"Feature"},{"geometry":{"coordinates":[[[-74.1509340922962,41.0420156893975],[-74.1504861985837,41.0418681878752],[-74.1506246756814,41.04163041082],[-74.1510735880834,41.0417740488802],[-74.1509340922962,41.0420156893975]]],"type":"Polygon"},"properties":{"CALC_ACRE":0.321,"DEED_DATE":null,"NET_VALUE":813500.0,"PAMS_PIN":"0248_3507_9","PCLBLOCK":"3507","PCLLOT":"9","PROP_CLASS":"2","PROP_LOC":"306 MOMAR DRIVE","SALES_CODE":"","SALE_PRICE":0.0,"YR_CONSTR":1971,"ZIP5":"07446"},"type":"Feature"},{"geometry":{"coordinates":[[[-74.1561356180656,41.0494206731675],[-74.1561380902293,41.0493810513145],[-74.1564194901869,41.0493911556142],[-74.1564182612917,41.0494096793692],[-74.1563923952014,41.0497681048377],[-74.1561126481438,41.0497912981822],[-74.1561356180656,41.0494206731675]]],"type":"Polygon"},"properties":{"CALC_ACRE":0.25,"DEED_DATE":"931214","NET_VALUE":834600.0,"PAMS_PIN":"0248_3201_6","PCLBLOCK":"3201","PCLLOT":"6","PROP_CLASS":"2","PROP_LOC":"58 W OAK ST","SALES_CODE":"","SALE_PRICE":235000.0,"YR_CONSTR":1922,"ZIP5":"07446"},"type":"Feature"},{"geometry":{"coordinates":[[[-74.1564182612917,41.0494096793692],[-74.1566896315592,41.0493875000461],[-74.1566745731001,41.0497447089259],[-74.1563923952014,41.0497681048377],[-74.1564182612917,41.0494096793692]]],"type":"Polygon"},"properties":{"CALC_ACRE":0.224,"DEED_DATE":"930920","NET_VALUE":644200.0,"PAMS_PIN":"0248_3201_5","PCLBLOCK":"3201","PCLLOT":"5","PROP_CLASS":"2","PROP_LOC":"64 W OAK STREET","SALES_CODE":"","SALE_PRICE":182000.0,"YR_CONSTR":1920,"ZIP5":"07446"},"type":"Feature"},{"geometry":{"coordinates":[[[-74.1538086589845,41.0493955225139],[-74.1536684436468,41.0492976587732],[-74.1535490027483,41.0492144388787],[-74.1535939185125,41.049177697466],[-74.15370262634,41.0490886370203],[-74.1542296715104,41.0494453360416],[-74.1541450178713,41.0495128454041],[-74.1540676369927,41.0495760880736],[-74.1538086589845,41.0493955225139]]],"type":"Polygon"},"properties":{"CALC_ACRE":0.29100000000000004,"DEED_DATE":"141223","NET_VALUE":697500.0,"PAMS_PIN":"0248_3202_18","PCLBLOCK":"3202","PCLLOT":"18","PROP_CLASS":"2","PROP_LOC":"282 WYCKOFF AVE","SALES_CODE":"","SALE_PRICE":388500.0,"YR_CONSTR":1964,"ZIP5":"07446"},"type":"Feature"},{"geometry":{"coordinates":[[[-74.1557444269122,41.049821826318],[-74.1555299882741,41.0498396033972],[-74.1554622436236,41.0493975616649],[-74.1556585030553,41.049308254244],[-74.1557444269122,41.049821826318]]],"type":"Polygon"},"properties":{"CALC_ACRE":0.23,"DEED_DATE":"120730","NET_VALUE":697000.0,"PAMS_PIN":"0248_3201_9","PCLBLOCK":"3201","PCLLOT":"9","PROP_CLASS":"2","PROP_LOC":"46 W OAK ST","SALES_CODE":"","SALE_PRICE":395000.0,"YR_CONSTR":1910,"ZIP5":"07446"},"type":"Feature"},{"geometry":{"coordinates":[[[-74.1559586634294,41.0494148273774],[-74.1561356180656,41.0494206731675],[-74.1561126481438,41.0497912981822],[-74.155934509528,41.0498060666939],[-74.1559586634294,41.0494148273774]]],"type":"Polygon"},"properties":{"CALC_ACRE":0.192,"DEED_DATE":"060413","NET_VALUE":502100.0,"PAMS_PIN":"0248_3201_7","PCLBLOCK":"3201","PCLLOT":"7","PROP_CLASS":"2","PROP_LOC":"54 W OAK ST","SALES_CODE":"","SALE_PRICE":1.0,"YR_CONSTR":1926,"ZIP5":"07446"},"type":"Feature"},{"geometry":{"coordinates":[[[-74.1570409994978,41.0497143270847],[-74.1568690314096,41.0497285861672],[-74.1568502206876,41.0494029034273],[-74.1568741401287,41.0494035192372],[-74.1570557309701,41.0494084897517],[-74.1570409994978,41.0497143270847]]],"type":"Polygon"},"properties":{"CALC_ACRE":0.14400000000000002,"DEED_DATE":"940602","NET_VALUE":483000.0,"PAMS_PIN":"0248_3201_3","PCLBLOCK":"3201","PCLLOT":"3","PROP_CLASS":"2","PROP_LOC":"74 W OAK STREET","SALES_CODE":"","SALE_PRICE":161500.0,"YR_CONSTR":1926,"ZIP5":"07446"},"type":"Feature"},{"geometry":{"coordinates":[[[-74.1495650966341,41.0448827610905],[-74.1492592867552,41.0447868669238],[-74.149403117812,41.0445224099526],[-74.149708440804,41.044616140544],[-74.1495650966341,41.0448827610905]]],"type":"Polygon"},"properties":{"CALC_ACRE":0.20500000000000002,"DEED_DATE":"121101","NET_VALUE":754000.0,"PAMS_PIN":"0248_3212_9","PCLBLOCK":"3212","PCLLOT":"9","PROP_CLASS":"2","PROP_LOC":"183 PINE ST","SALES_CODE":"","SALE_PRICE":490000.0,"YR_CONSTR":1952,"ZIP5":"00446"},"type":"Feature"},{"geometry":{"coordinates":[[[-74.149231854003,41.0443213873093],[-74.1493645639166,41.044056364776],[-74.149479762072,41.0438261465445],[-74.1497766157475,41.0439186335322],[-74.1498301786947,41.0439352909188],[-74.1495560362262,41.0444209881342],[-74.149231854003,41.0443213873093]]],"type":"Polygon"},"properties":{"CALC_ACRE":0.436,"DEED_DATE":null,"NET_VALUE":639100.0,"PAMS_PIN":"0248_3501_23","PCLBLOCK":"3501","PCLLOT":"23","PROP_CLASS":"2","PROP_LOC":"190 PINE ST","SALES_CODE":"","SALE_PRICE":0.0,"YR_CONSTR":1958,"ZIP5":"07446"},"type":"Feature"},{"geometry":{"coordinates":[[[-74.1524661914711,41.0489891672359],[-74.1527505495811,41.0487587901205],[-74.1528121847893,41.0488023795829],[-74.1530754513547,41.0489875657134],[-74.1527925539054,41.0492170911372],[-74.1524661914711,41.0489891672359]]],"type":"Polygon"},"properties":{"CALC_ACRE":0.33,"DEED_DATE":"071019","NET_VALUE":644200.0,"PAMS_PIN":"0248_3203_1","PCLBLOCK":"3203","PCLLOT":"1","PROP_CLASS":"2","PROP_LOC":"34 E OAK STREET","SALES_CODE":"","SALE_PRICE":600000.0,"YR_CONSTR":1929,"ZIP5":"07446"},"type":"Feature"},{"geometry":{"coordinates":[[[-74.1549964572673,41.0495027031855],[-74.1547251768313,41.0497676279094],[-74.1545594502378,41.0497811986862],[-74.1544857713165,41.0494401006436],[-74.1546803383222,41.0492847409681],[-74.1549964572673,41.0495027031855]]],"type":"Polygon"},"properties":{"CALC_ACRE":0.23,"DEED_DATE":"201124","NET_VALUE":633200.0,"PAMS_PIN":"0248_3201_13","PCLBLOCK":"3201","PCLLOT":"13","PROP_CLASS":"2","PROP_LOC":"291 WYCKOFF AVENUE","SALES_CODE":"","SALE_PRICE":475000.0,"YR_CONSTR":1920,"ZIP5":"07446"},"type":"Feature"},{"geometry":{"coordinates":[[[-74.1503235424318,41.0475562794561],[-74.1503697077526,41.047230846794],[-74.1506487307681,41.0472564487998],[-74.1506637887385,41.0472588059009],[-74.1506779000204,41.0472634169791],[-74.1506904782013,41.0472700904149],[-74.1507010005791,41.0472785488846],[-74.1507090298829,41.047288440885],[-74.1507142324448,41.047299355341],[-74.1507163920657,41.047310838688],[-74.1507154189998,41.0473224137209],[-74.1506728972459,41.0475905205277],[-74.1503235424318,41.0475562794561]]],"type":"Polygon"},"properties":{"CALC_ACRE":0.28700000000000003,"DEED_DATE":"110702","NET_VALUE":728900.0,"PAMS_PIN":"0248_3204_13","PCLBLOCK":"3204","PCLLOT":"13","PROP_CLASS":"2","PROP_LOC":"125 MOMAR DRIVE","SALES_CODE":"","SALE_PRICE":557000.0,"YR_CONSTR":1967,"ZIP5":"07446"},"type":"Feature"},{"geometry":{"coordinates":[[[-74.1570557309701,41.0494084897517],[-74.1573731704387,41.0494173258447],[-74.1573698188243,41.0496935163249],[-74.1572870040366,41.0496917501978],[-74.1570409994978,41.0497143270847],[-74.1570557309701,41.0494084897517]]],"type":"Polygon"},"properties":{"CALC_ACRE":0.193,"DEED_DATE":"060223","NET_VALUE":772700.0,"PAMS_PIN":"0248_3201_2","PCLBLOCK":"3201","PCLLOT":"2","PROP_CLASS":"2","PROP_LOC":"78 W OAK ST","SALES_CODE":"","SALE_PRICE":1.0,"YR_CONSTR":1923,"ZIP5":"07446"},"type":"Feature"},{"geometry":{"coordinates":[[[-74.1626390703797,41.0436042379493],[-74.1618804260542,41.0434290206074],[-74.1620539841604,41.0432813772631],[-74.162701814109,41.0433764362078],[-74.1626390703797,41.0436042379493]]],"type":"Polygon"},"properties":{"CALC_ACRE":0.34700000000000003,"DEED_DATE":null,"NET_VALUE":553700.0,"PAMS_PIN":"0248_3101_73","PCLBLOCK":"3101","PCLLOT":"73","PROP_CLASS":"2","PROP_LOC":"531 WYCKOFF AVE","SALES_CODE":"","SALE_PRICE":0.0,"YR_CONSTR":1923,"ZIP5":"07446"},"type":"Feature"},{"geometry":{"coordinates":[[[-74.1510735880834,41.0417740488802],[-74.1506246756814,41.04163041082],[-74.1507732067237,41.0413753671208],[-74.1512190262262,41.0415223040019],[-74.1510735880834,41.0417740488802]]],"type":"Polygon"},"properties":{"CALC_ACRE":0.321,"DEED_DATE":"990127","NET_VALUE":707200.0,"PAMS_PIN":"0248_3507_10","PCLBLOCK":"3507","PCLLOT":"10","PROP_CLASS":"2","PROP_LOC":"314 MOMAR DR","SALES_CODE":"","SALE_PRICE":215000.0,"YR_CONSTR":1971,"ZIP5":"07446"},"type":"Feature"},{"geometry":{"coordinates":[[[-74.1498503898902,41.0454453028345],[-74.1497163369954,41.0456939487406],[-74.1492974076626,41.0457503720153],[-74.1492906576295,41.0457108242588],[-74.1492875845986,41.0456710175817],[-74.1492882035631,41.0456311462011],[-74.1492925115031,41.04559140465],[-74.1493004874002,41.0455519868285],[-74.1493120923399,41.0455130850576],[-74.1493272697013,41.0454748891406],[-74.149345945434,41.0454375854374],[-74.1493917119028,41.0453533769302],[-74.1493999526054,41.0453436690143],[-74.1494107625868,41.0453355202267],[-74.1494236385985,41.0453293099271],[-74.1494379812104,41.0453253272306],[-74.1494531227158,41.0453237575481],[-74.1494683582166,41.0453246739549],[-74.1494829784385,41.0453280337886],[-74.1494963027513,41.0453336806348],[-74.1498503898902,41.0454453028345]]],"type":"Polygon"},"properties":{"CALC_ACRE":0.404,"DEED_DATE":"981015","NET_VALUE":698400.0,"PAMS_PIN":"0248_3209_3","PCLBLOCK":"3209","PCLLOT":"3","PROP_CLASS":"2","PROP_LOC":"150 ALDER DR","SALES_CODE":"","SALE_PRICE":90000.0,"YR_CONSTR":1951,"ZIP5":"07446"},"type":"Feature"},{"geometry":{"coordinates":[[[-74.1492974076626,41.0457503720153],[-74.1497163369954,41.0456939487406],[-74.1499507883014,41.0457615818688],[-74.1496047815084,41.046122124049],[-74.1495749542053,41.0461052769695],[-74.1495462660692,41.0460873398819],[-74.1495187870618,41.0460683565285],[-74.1494925841962,41.0460483732031],[-74.1494677213732,41.0460274386382],[-74.1494442592259,41.046005603886],[-74.1494222549713,41.045982922194],[-74.1494017622713,41.0459594488751],[-74.1493828311014,41.0459352411731],[-74.1493655076289,41.0459103581224],[-74.1493498341008,41.0458848604045],[-74.1493358487399,41.0458588102001],[-74.1493235856525,41.0458322710372],[-74.1493130747444,41.0458053076363],[-74.1493043416486,41.0457779857525],[-74.1492974076626,41.0457503720153]]],"type":"Polygon"},"properties":{"CALC_ACRE":0.61,"DEED_DATE":null,"NET_VALUE":864000.0,"PAMS_PIN":"0248_3209_2","PCLBLOCK":"3209","PCLLOT":"2","PROP_CLASS":"2","PROP_LOC":"132 ALDER DR","SALES_CODE":"","SALE_PRICE":0.0,"YR_CONSTR":1951,"ZIP5":"07446"},"type":"Feature"},{"geometry":{"coordinates":[[[-74.1615385191723,41.047020700628],[-74.1618355417311,41.046703470357],[-74.1618654173007,41.0467174950561],[-74.1618963537946,41.0467301440165],[-74.1619282399659,41.0467413717536],[-74.161960961153,41.0467511378936],[-74.1619943996911,41.0467594073182],[-74.1620284353361,41.0467661502915],[-74.1620629456969,41.0467713425663],[-74.1620978066749,41.0467749654718],[-74.162143513899,41.0467805275788],[-74.1621895879305,41.0467839610216],[-74.1622358546411,41.0467852528247],[-74.1622821391746,41.0467843981058],[-74.1620061264136,41.0470704692073],[-74.1617448927357,41.0470530470585],[-74.1617449313633,41.0470388957936],[-74.1615385191723,41.047020700628]]],"type":"Polygon"},"properties":{"CALC_ACRE":0.41800000000000004,"DEED_DATE":null,"NET_VALUE":544300.0,"PAMS_PIN":"0248_3101_53","PCLBLOCK":"3101","PCLLOT":"53","PROP_CLASS":"2","PROP_LOC":"70 W CEDAR PLACE","SALES_CODE":"","SALE_PRICE":0.0,"YR_CONSTR":1961,"ZIP5":"07446"},"type":"Feature"},{"geometry":{"coordinates":[[[-74.1573731704387,41.0494173258447],[-74.1576303383416,41.0494244371272],[-74.15759856493,41.0496983946836],[-74.1573698188243,41.0496935163249],[-74.1573731704387,41.0494173258447]]],"type":"Polygon"},"properties":{"CALC_ACRE":0.198,"DEED_DATE":"930115","NET_VALUE":712200.0,"PAMS_PIN":"0248_3201_1","PCLBLOCK":"3201","PCLLOT":"1","PROP_CLASS":"2","PROP_LOC":"88 W OAK ST","SALES_CODE":"","SALE_PRICE":235000.0,"YR_CONSTR":1958,"ZIP5":"07446"},"type":"Feature"},{"geometry":{"coordinates":[[[-74.1555299882741,41.0498396033972],[-74.1551189524377,41.0498736786593],[-74.1551515828421,41.0496098728432],[-74.1551046171224,41.0495773095285],[-74.1552202419776,41.0494802129406],[-74.1552423656864,41.0494965762577],[-74.1553861653022,41.0493854968001],[-74.1553888746211,41.049430966472],[-74.1554622436236,41.0493975616649],[-74.1555299882741,41.0498396033972]]],"type":"Polygon"},"properties":{"CALC_ACRE":0.404,"DEED_DATE":"220721","NET_VALUE":754800.0,"PAMS_PIN":"0248_3201_10","PCLBLOCK":"3201","PCLLOT":"10","PROP_CLASS":"2","PROP_LOC":"40 W OAK STREET","SALES_CODE":"","SALE_PRICE":700000.0,"YR_CONSTR":1910,"ZIP5":"07446"},"type":"Feature"},{"geometry":{"coordinates":[[[-74.1621268384283,41.0453992843434],[-74.1625617883158,41.0449197264455],[-74.1630889152329,41.0450454000961],[-74.1630629638027,41.045117762861],[-74.1624261166567,41.0455667174052],[-74.1621268384283,41.0453992843434]]],"type":"Polygon"},"properties":{"CALC_ACRE":0.49100000000000005,"DEED_DATE":"201021","NET_VALUE":1015800.0,"PAMS_PIN":"0248_3101_68.07","PCLBLOCK":"3101","PCLLOT":"68.07","PROP_CLASS":"2","PROP_LOC":"9 GOOSE COVE LANE","SALES_CODE":"","SALE_PRICE":875000.0,"YR_CONSTR":1981,"ZIP5":"07446"},"type":"Feature"},{"geometry":{"coordinates":[[[-74.1577837292696,41.049298286101],[-74.1580803278236,41.0493055145968],[-74.158070088826,41.049707606048],[-74.1577439689368,41.0496995409386],[-74.1577837292696,41.049298286101]]],"type":"Polygon"},"properties":{"CALC_ACRE":0.23600000000000002,"DEED_DATE":"180803","NET_VALUE":936900.0,"PAMS_PIN":"0248_3101_20","PCLBLOCK":"3101","PCLLOT":"20","PROP_CLASS":"2","PROP_LOC":"94 W OAK STREET","SALES_CODE":"","SALE_PRICE":745000.0,"YR_CONSTR":1964,"ZIP5":"07446"},"type":"Feature"},{"geometry":{"coordinates":[[[-74.1619208493437,41.0465775627522],[-74.1622505463243,41.0462188346797],[-74.1626064282972,41.0464103991933],[-74.1625268932586,41.0465034407997],[-74.1625094941601,41.0464941903654],[-74.1624908106223,41.0464864955773],[-74.1624710860791,41.0464804566939],[-74.1624505775282,41.0464761523982],[-74.1624295521824,41.0464736387729],[-74.1624082839881,41.0464729485688],[-74.1623870500555,41.046474090779],[-74.1623661270489,41.0464770505212],[-74.1623457875809,41.0464817892316],[-74.1623262966614,41.0464882451676],[-74.1623079082442,41.0464963342122],[-74.1622908619179,41.0465059509699],[-74.1622753797851,41.0465169701401],[-74.1622616635674,41.0465292481497],[-74.1622498919783,41.0465426250237],[-74.1622402183935,41.0465569264697],[-74.1622268776709,41.0465765036282],[-74.162208217841,41.046593428467],[-74.1621851296285,41.0466068930834],[-74.1621587151461,41.0466162547481],[-74.1621432522172,41.0466197531011],[-74.162127333516,41.0466217787548],[-74.1621112046386,41.0466223004571],[-74.162095114424,41.0466213101591],[-74.1620490435313,41.0466170129919],[-74.1620041255394,41.0466081737939],[-74.1619611441672,41.0465949467876],[-74.1619208493437,41.0465775627522]]],"type":"Polygon"},"properties":{"CALC_ACRE":0.321,"DEED_DATE":"230216","NET_VALUE":611700.0,"PAMS_PIN":"0248_3101_56","PCLBLOCK":"3101","PCLLOT":"56","PROP_CLASS":"2","PROP_LOC":"71 W CEDAR PL","SALES_CODE":"","SALE_PRICE":1.0,"YR_CONSTR":1962,"ZIP5":"98683"},"type":"Feature"},{"geometry":{"coordinates":[[[-74.1507732067237,41.0413753671208],[-74.1509233394622,41.0411175722822],[-74.1513667505814,41.0412664495429],[-74.1512190262262,41.0415223040019],[-74.1507732067237,41.0413753671208]]],"type":"Polygon"},"properties":{"CALC_ACRE":0.321,"DEED_DATE":null,"NET_VALUE":673700.0,"PAMS_PIN":"0248_3507_11","PCLBLOCK":"3507","PCLLOT":"11","PROP_CLASS":"2","PROP_LOC":"322 MOMAR DR","SALES_CODE":"","SALE_PRICE":220000.0,"YR_CONSTR":1971,"ZIP5":"07446"},"type":"Feature"},{"geometry":{"coordinates":[[[-74.1607408996416,41.0480877951886],[-74.1607096759989,41.0476814636758],[-74.1614948466764,41.0475976516544],[-74.1615286233311,41.0477279602239],[-74.161640760028,41.0480885532801],[-74.1612264291712,41.0481501259961],[-74.1607510937234,41.0482207801526],[-74.1607408996416,41.0480877951886]]],"type":"Polygon"},"properties":{"CALC_ACRE":0.9520000000000001,"DEED_DATE":"150807","NET_VALUE":947900.0,"PAMS_PIN":"0248_3101_12","PCLBLOCK":"3101","PCLLOT":"12","PROP_CLASS":"2","PROP_LOC":"4 ACORN CT","SALES_CODE":"","SALE_PRICE":770000.0,"YR_CONSTR":1962,"ZIP5":"07446"},"type":"Feature"},{"geometry":{"coordinates":[[[-74.1494138805274,41.0451577090949],[-74.1491105068795,41.0450618071988],[-74.1492592867552,41.0447868669238],[-74.1495650966341,41.0448827610905],[-74.1494138805274,41.0451577090949]]],"type":"Polygon"},"properties":{"CALC_ACRE":0.20700000000000002,"DEED_DATE":"191108","NET_VALUE":740500.0,"PAMS_PIN":"0248_3212_4","PCLBLOCK":"3212","PCLLOT":"4","PROP_CLASS":"2","PROP_LOC":"22 LARCH AVENUE","SALES_CODE":"","SALE_PRICE":425000.0,"YR_CONSTR":1952,"ZIP5":"07446"},"type":"Feature"},{"geometry":{"coordinates":[[[-74.1498129777536,41.0470411016784],[-74.1498773501285,41.0467008877783],[-74.1501604667667,41.0467272088033],[-74.1501074392155,41.047068320232],[-74.1498129777536,41.0470411016784]]],"type":"Polygon"},"properties":{"CALC_ACRE":0.23,"DEED_DATE":null,"NET_VALUE":780600.0,"PAMS_PIN":"0248_3208_3","PCLBLOCK":"3208","PCLLOT":"3","PROP_CLASS":"2","PROP_LOC":"136 MOMAR DR","SALES_CODE":"","SALE_PRICE":0.0,"YR_CONSTR":1952,"ZIP5":"07446"},"type":"Feature"},{"geometry":{"coordinates":[[[-74.1494578279077,41.043086031866],[-74.1498291492254,41.0431981605999],[-74.1496892195519,41.0434519018171],[-74.1493898344239,41.0433613905021],[-74.1493774246158,41.0433564075183],[-74.1493665498638,41.0433496872402],[-74.1493576317404,41.0433414901868],[-74.1493510159671,41.043332134126],[-74.1493469590122,41.0433219817563],[-74.1493456181484,41.0433114266459],[-74.1493470453558,41.0433008779759],[-74.1493511853071,41.0432907446783],[-74.1494578279077,41.043086031866]]],"type":"Polygon"},"properties":{"CALC_ACRE":0.264,"DEED_DATE":"211227","NET_VALUE":665000.0,"PAMS_PIN":"0248_3507_3","PCLBLOCK":"3507","PCLLOT":"3","PROP_CLASS":"2","PROP_LOC":"1 MAYFAIR DR","SALES_CODE":"","SALE_PRICE":575000.0,"YR_CONSTR":1957,"ZIP5":"07446"},"type":"Feature"},{"geometry":{"coordinates":[[[-74.1496199504603,41.0466603130958],[-74.1495718885101,41.0466482282],[-74.1495244579543,41.0466347991836],[-74.1494777248559,41.0466200447502],[-74.1494317543066,41.0466039854496],[-74.1496400826041,41.0462974426189],[-74.1497036089616,41.0463180310318],[-74.1497690770383,41.046334806555],[-74.149836085192,41.0463476662748],[-74.149904222332,41.0463565312998],[-74.149941598536,41.046359455347],[-74.1498773501285,41.0467008877783],[-74.149812095952,41.0466942928576],[-74.1497473431153,41.0466853170722],[-74.1496832442535,41.0466739815787],[-74.1496199504603,41.0466603130958]]],"type":"Polygon"},"properties":{"CALC_ACRE":0.24400000000000002,"DEED_DATE":"070118","NET_VALUE":1560200.0,"PAMS_PIN":"0248_3208_19","PCLBLOCK":"3208","PCLLOT":"19","PROP_CLASS":"2","PROP_LOC":"121 ALDER DR","SALES_CODE":"","SALE_PRICE":470000.0,"YR_CONSTR":2009,"ZIP5":"07446"},"type":"Feature"},{"geometry":{"coordinates":[[[-74.1593306281889,41.0484557354515],[-74.1599392960827,41.0484131016681],[-74.1598266293797,41.049477089182],[-74.1592722799162,41.0496413447598],[-74.1592494645046,41.049649168702],[-74.1592267649757,41.0496564777765],[-74.1593306281889,41.0484557354515]]],"type":"Polygon"},"properties":{"CALC_ACRE":1.47,"DEED_DATE":"160826","NET_VALUE":841500.0,"PAMS_PIN":"0248_3101_17","PCLBLOCK":"3101","PCLLOT":"17","PROP_CLASS":"2","PROP_LOC":"134 W OAK ST","SALES_CODE":"","SALE_PRICE":615000.0,"YR_CONSTR":1962,"ZIP5":"07446"},"type":"Feature"},{"geometry":{"coordinates":[[[-74.1531591186436,41.0491192284861],[-74.1534351403877,41.0493074934567],[-74.1531980435432,41.0495016700625],[-74.152924417606,41.0493091816863],[-74.1531591186436,41.0491192284861]]],"type":"Polygon"},"properties":{"CALC_ACRE":0.23,"DEED_DATE":"230226","NET_VALUE":638300.0,"PAMS_PIN":"0248_3202_4","PCLBLOCK":"3202","PCLLOT":"4","PROP_CLASS":"2","PROP_LOC":"22 E OAK ST","SALES_CODE":"","SALE_PRICE":615000.0,"YR_CONSTR":1954,"ZIP5":"07446"},"type":"Feature"},{"geometry":{"coordinates":[[[-74.1620539841604,41.0432813772631],[-74.1622879512745,41.0430822038565],[-74.1627671494779,41.0431392201708],[-74.162701814109,41.0433764362078],[-74.1620539841604,41.0432813772631]]],"type":"Polygon"},"properties":{"CALC_ACRE":0.367,"DEED_DATE":"210415","NET_VALUE":750500.0,"PAMS_PIN":"0248_3101_74","PCLBLOCK":"3101","PCLLOT":"74","PROP_CLASS":"2","PROP_LOC":"537 WYCKOFF AVE","SALES_CODE":"","SALE_PRICE":250000.0,"YR_CONSTR":1923,"ZIP5":"07446"},"type":"Feature"},{"geometry":{"coordinates":[[[-74.1531980435432,41.0495016700625],[-74.1534351403877,41.0493074934567],[-74.1535490027483,41.0492144388787],[-74.1536684436468,41.0492976587732],[-74.1533243826048,41.0495905463583],[-74.1531980435432,41.0495016700625]]],"type":"Polygon"},"properties":{"CALC_ACRE":0.16,"DEED_DATE":null,"NET_VALUE":594800.0,"PAMS_PIN":"0248_3202_3","PCLBLOCK":"3202","PCLLOT":"3","PROP_CLASS":"2","PROP_LOC":"16 E OAK STREET","SALES_CODE":"","SALE_PRICE":0.0,"YR_CONSTR":1930,"ZIP5":"07446"},"type":"Feature"},{"geometry":{"coordinates":[[[-74.1583131783318,41.0497208509811],[-74.158070088826,41.049707606048],[-74.1580803278236,41.0493055145968],[-74.1583309308384,41.0493115758289],[-74.1583131783318,41.0497208509811]]],"type":"Polygon"},"properties":{"CALC_ACRE":0.231,"DEED_DATE":"980911","NET_VALUE":751700.0,"PAMS_PIN":"0248_3101_19","PCLBLOCK":"3101","PCLLOT":"19","PROP_CLASS":"2","PROP_LOC":"100 W OAK ST","SALES_CODE":"","SALE_PRICE":1.0,"YR_CONSTR":1964,"ZIP5":"07446"},"type":"Feature"},{"geometry":{"coordinates":[[[-74.1551189524377,41.0498736786593],[-74.1545886499761,41.049917981419],[-74.1545594502378,41.0497811986862],[-74.1547251768313,41.0497676279094],[-74.1549964572673,41.0495027031855],[-74.1551046171224,41.0495773095285],[-74.1551515828421,41.0496098728432],[-74.1551189524377,41.0498736786593]]],"type":"Polygon"},"properties":{"CALC_ACRE":0.337,"DEED_DATE":null,"NET_VALUE":615500.0,"PAMS_PIN":"0248_3201_11","PCLBLOCK":"3201","PCLLOT":"11","PROP_CLASS":"2","PROP_LOC":"28 W OAK ST","SALES_CODE":"","SALE_PRICE":0.0,"YR_CONSTR":1956,"ZIP5":"07446"},"type":"Feature"},{"geometry":{"coordinates":[[[-74.1509233394622,41.0411175722822],[-74.1510517644119,41.0408970489443],[-74.1510588538554,41.0408890650857],[-74.151067714184,41.0408821604582],[-74.1510780624352,41.0408765555675],[-74.1510895681287,41.040872429411],[-74.15110186382,41.0408699137615],[-74.1511145568355,41.0408690889586],[-74.1511272418126,41.0408699813432],[-74.1511395136454,41.0408725624162],[-74.1515194659763,41.0410021715253],[-74.1513667505814,41.0412664495429],[-74.1509233394622,41.0411175722822]]],"type":"Polygon"},"properties":{"CALC_ACRE":0.321,"DEED_DATE":"231018","NET_VALUE":846800.0,"PAMS_PIN":"0248_3507_12","PCLBLOCK":"3507","PCLLOT":"12","PROP_CLASS":"2","PROP_LOC":"330 MOMAR DRIVE","SALES_CODE":"","SALE_PRICE":10.0,"YR_CONSTR":1971,"ZIP5":"07446"},"type":"Feature"},{"geometry":{"coordinates":[[[-74.1491195421346,41.0437139104776],[-74.149229981914,41.0435185873675],[-74.149237574398,41.0435100231377],[-74.1492469429472,41.043502525769],[-74.1492578287115,41.043496302412],[-74.1492699309208,41.0434915250163],[-74.1492829151948,41.0434883255803],[-74.1492964227821,41.0434867925034],[-74.1493100804725,41.0434869681444],[-74.1493235109081,41.0434888476502],[-74.1495738255637,41.0435647467427],[-74.149437773019,41.0438132324078],[-74.1491195421346,41.0437139104776]]],"type":"Polygon"},"properties":{"CALC_ACRE":0.24300000000000002,"DEED_DATE":"160303","NET_VALUE":980100.0,"PAMS_PIN":"0248_3501_26","PCLBLOCK":"3501","PCLLOT":"26","PROP_CLASS":"2","PROP_LOC":"2 MAYFAIR DRIVE","SALES_CODE":"","SALE_PRICE":665000.0,"YR_CONSTR":1957,"ZIP5":"07446"},"type":"Feature"},{"geometry":{"coordinates":[[[-74.1503235424318,41.0475562794561],[-74.150020866775,41.0475266126987],[-74.1500760628593,41.047203903365],[-74.1503697077526,41.047230846794],[-74.1503235424318,41.0475562794561]]],"type":"Polygon"},"properties":{"CALC_ACRE":0.23,"DEED_DATE":"131011","NET_VALUE":608300.0,"PAMS_PIN":"0248_3204_14","PCLBLOCK":"3204","PCLLOT":"14","PROP_CLASS":"2","PROP_LOC":"131 MOMAR DR","SALES_CODE":"","SALE_PRICE":491800.0,"YR_CONSTR":1967,"ZIP5":"07446"},"type":"Feature"},{"geometry":{"coordinates":[[[-74.1533243826048,41.0495905463583],[-74.1536684436468,41.0492976587732],[-74.1538086589845,41.0493955225139],[-74.1534631363835,41.049688153585],[-74.1533243826048,41.0495905463583]]],"type":"Polygon"},"properties":{"CALC_ACRE":0.16,"DEED_DATE":null,"NET_VALUE":635800.0,"PAMS_PIN":"0248_3202_2","PCLBLOCK":"3202","PCLLOT":"2","PROP_CLASS":"2","PROP_LOC":"12 E OAK ST","SALES_CODE":"","SALE_PRICE":0.0,"YR_CONSTR":1925,"ZIP5":"07446"},"type":"Feature"},{"geometry":{"coordinates":[[[-74.1492592867552,41.0447868669238],[-74.1489789234533,41.0446989936253],[-74.1491232126509,41.0444364821093],[-74.149403117812,41.0445224099526],[-74.1492592867552,41.0447868669238]]],"type":"Polygon"},"properties":{"CALC_ACRE":0.20500000000000002,"DEED_DATE":"220713","NET_VALUE":815800.0,"PAMS_PIN":"0248_3212_8","PCLBLOCK":"3212","PCLLOT":"8","PROP_CLASS":"2","PROP_LOC":"191 PINE STREET","SALES_CODE":"","SALE_PRICE":729000.0,"YR_CONSTR":1952,"ZIP5":"07446"},"type":"Feature"},{"geometry":{"coordinates":[[[-74.1493645639166,41.044056364776],[-74.1489910560996,41.043941146681],[-74.1491195421346,41.0437139104776],[-74.149437773019,41.0438132324078],[-74.149479762072,41.0438261465445],[-74.1493645639166,41.044056364776]]],"type":"Polygon"},"properties":{"CALC_ACRE":0.219,"DEED_DATE":"240603","NET_VALUE":966600.0,"PAMS_PIN":"0248_3501_25","PCLBLOCK":"3501","PCLLOT":"25","PROP_CLASS":"2","PROP_LOC":"238 MOMAR DR","SALES_CODE":"","SALE_PRICE":1025000.0,"YR_CONSTR":1959,"ZIP5":"07446"},"type":"Feature"},{"geometry":{"coordinates":[[[-74.1626600137022,41.0457226603765],[-74.1626421127889,41.0457038015019],[-74.1626227161135,41.0456858035813],[-74.1626018962913,41.0456687339944],[-74.1625797312653,41.0456526566451],[-74.1624261166567,41.0455667174052],[-74.1630629638027,41.045117762861],[-74.1629281688993,41.0454936214025],[-74.1628329088517,41.0457592397644],[-74.1626600137022,41.0457226603765]]],"type":"Polygon"},"properties":{"CALC_ACRE":0.5670000000000001,"DEED_DATE":"170125","NET_VALUE":1191600.0,"PAMS_PIN":"0248_3101_68.06","PCLBLOCK":"3101","PCLLOT":"68.06","PROP_CLASS":"2","PROP_LOC":"11 GOOSE COVE LANE","SALES_CODE":"","SALE_PRICE":1095000.0,"YR_CONSTR":1980,"ZIP5":"07446"},"type":"Feature"},{"geometry":{"coordinates":[[[-74.1622505463243,41.0462188346797],[-74.1623451398221,41.0457521186009],[-74.1623445485531,41.0457736281116],[-74.1623484440904,41.0457949406904],[-74.1623567297357,41.0458155272991],[-74.1623691998156,41.0458348769203],[-74.1623855447876,41.0458525092431],[-74.1624053589229,41.0458679865845],[-74.1624281503785,41.0458809247546],[-74.1624533534057,41.0458910025931],[-74.1624803423939,41.0458979699405],[-74.1625084473998,41.0459016538487],[-74.1625369707774,41.0459019628732],[-74.1625652044955,41.045898889343],[-74.1625924477131,41.0458925095515],[-74.1626180241761,41.0458829818623],[-74.1626412990042,41.0458705427783],[-74.1626616944501,41.0458555010715],[-74.1630453577214,41.046076710355],[-74.1626064282972,41.0464103991933],[-74.1622505463243,41.0462188346797]]],"type":"Polygon"},"properties":{"CALC_ACRE":0.49,"DEED_DATE":"961030","NET_VALUE":1060700.0,"PAMS_PIN":"0248_3101_68.04","PCLBLOCK":"3101","PCLLOT":"68.04","PROP_CLASS":"2","PROP_LOC":"12 GOOSE COVE LANE","SALES_CODE":"","SALE_PRICE":476000.0,"YR_CONSTR":1979,"ZIP5":"07446"},"type":"Feature"},{"geometry":{"coordinates":[[[-74.1495671295216,41.0423777325059],[-74.1496995546692,41.0421297305999],[-74.1501787968901,41.0422917937319],[-74.15017807575,41.042309552317],[-74.1501747289128,41.0423271389902],[-74.1501687982735,41.0423443336057],[-74.1501603580706,41.0423609209254],[-74.150049136757,41.042549050078],[-74.1495671295216,41.0423777325059]]],"type":"Polygon"},"properties":{"CALC_ACRE":0.28,"DEED_DATE":"180920","NET_VALUE":620000.0,"PAMS_PIN":"0248_3508_8","PCLBLOCK":"3508","PCLLOT":"8","PROP_CLASS":"2","PROP_LOC":"287 MOMAR DR","SALES_CODE":"","SALE_PRICE":1.0,"YR_CONSTR":1961,"ZIP5":"07446"},"type":"Feature"},{"geometry":{"coordinates":[[[-74.1585836790301,41.0497355483758],[-74.1583131783318,41.0497208509811],[-74.1583309308384,41.0493115758289],[-74.1583350559022,41.049215174601],[-74.1591190973973,41.049222642927],[-74.1590781297288,41.0496960107169],[-74.1590708695447,41.0496975336374],[-74.1590470489183,41.0497026091353],[-74.1590232309868,41.0497071704441],[-74.1589994139537,41.0497115603563],[-74.1589753732401,41.0497154347244],[-74.1589511052527,41.0497191370188],[-74.158927067234,41.0497224971979],[-74.1589028046365,41.0497255132294],[-74.1588783165618,41.049728185791],[-74.1588540548626,41.0497306876337],[-74.1588295703813,41.0497326739328],[-74.1588050867982,41.0497344881582],[-74.158780377738,41.0497359589137],[-74.1587558995448,41.049736916158],[-74.1587311940779,41.0497376999738],[-74.1587067176813,41.0497381416747],[-74.1586820149093,41.0497384126568],[-74.158657542106,41.0497381694503],[-74.1586328447239,41.0497375807417],[-74.158608372819,41.0497368219918],[-74.1585836790301,41.0497355483758]]],"type":"Polygon"},"properties":{"CALC_ACRE":0.92,"DEED_DATE":"920110","NET_VALUE":1073300.0,"PAMS_PIN":"0248_3101_18.01","PCLBLOCK":"3101","PCLLOT":"18.01","PROP_CLASS":"2","PROP_LOC":"8 HUBBARD SCHOOL ROAD","SALES_CODE":"","SALE_PRICE":0.0,"YR_CONSTR":1975,"ZIP5":"07446"},"type":"Feature"},{"geometry":{"coordinates":[[[-74.1534631363835,41.049688153585],[-74.1538086589845,41.0493955225139],[-74.1540676369927,41.0495760880736],[-74.1537017406011,41.0498560038848],[-74.1534631363835,41.049688153585]]],"type":"Polygon"},"properties":{"CALC_ACRE":0.303,"DEED_DATE":"120725","NET_VALUE":793200.0,"PAMS_PIN":"0248_3202_1","PCLBLOCK":"3202","PCLLOT":"1","PROP_CLASS":"2","PROP_LOC":"7 E OAK STREET","SALES_CODE":"","SALE_PRICE":421000.0,"YR_CONSTR":1972,"ZIP5":"07446"},"type":"Feature"},{"geometry":{"coordinates":[[[-74.1492653216373,41.0425566621193],[-74.1495671295216,41.0423777325059],[-74.150049136757,41.042549050078],[-74.1499705144067,41.0426820381052],[-74.1499514825191,41.0427100709229],[-74.1499275707756,41.0427358901239],[-74.1498992238626,41.0427590155518],[-74.1498669689473,41.0427790171463],[-74.1498314058742,41.0427955229408],[-74.1497931960091,41.0428082259802],[-74.1497530499407,41.0428168900282],[-74.1497117142649,41.0428213539614],[-74.1492653216373,41.0425566621193]]],"type":"Polygon"},"properties":{"CALC_ACRE":0.367,"DEED_DATE":null,"NET_VALUE":1096700.0,"PAMS_PIN":"0248_3508_7","PCLBLOCK":"3508","PCLLOT":"7","PROP_CLASS":"2","PROP_LOC":"279 MOMAR DR","SALES_CODE":"","SALE_PRICE":0.0,"YR_CONSTR":1961,"ZIP5":"07446"},"type":"Feature"},{"geometry":{"coordinates":[[[-74.149475662161,41.0469864199659],[-74.1496199504603,41.0466603130958],[-74.1496832442535,41.0466739815787],[-74.1497473431153,41.0466853170722],[-74.149812095952,41.0466942928577],[-74.1498773501285,41.0467008877783],[-74.1498129777536,41.0470411016784],[-74.149727424517,41.0470320940906],[-74.1496425538052,41.0470199575504],[-74.1495585666928,41.04700472081],[-74.149475662161,41.0469864199659]]],"type":"Polygon"},"properties":{"CALC_ACRE":0.255,"DEED_DATE":"161229","NET_VALUE":1464300.0,"PAMS_PIN":"0248_3208_4","PCLBLOCK":"3208","PCLLOT":"4","PROP_CLASS":"2","PROP_LOC":"144 MOMAR DR","SALES_CODE":"","SALE_PRICE":900000.0,"YR_CONSTR":2010,"ZIP5":"07446"},"type":"Feature"},{"geometry":{"coordinates":[[[-74.1489910560996,41.043941146681],[-74.1493645639166,41.044056364776],[-74.149231854003,41.0443213873093],[-74.1489133536241,41.0442235295722],[-74.1489006985878,41.0442193741032],[-74.1488893898197,41.044213405929],[-74.1488798778195,41.0442058627993],[-74.1488725415103,41.0441970452041],[-74.1488676731437,41.0441873044036],[-74.1488654666574,41.0441770284351],[-74.1488660099497,41.0441666266551],[-74.148869281378,41.0441565134323],[-74.1489910560996,41.043941146681]]],"type":"Polygon"},"properties":{"CALC_ACRE":0.24300000000000002,"DEED_DATE":"980305","NET_VALUE":760500.0,"PAMS_PIN":"0248_3501_24","PCLBLOCK":"3501","PCLLOT":"24","PROP_CLASS":"2","PROP_LOC":"232 MOMAR DRIVE","SALES_CODE":"","SALE_PRICE":251500.0,"YR_CONSTR":1959,"ZIP5":"07446"},"type":"Feature"},{"geometry":{"coordinates":[[[-74.1544857713165,41.0494401006436],[-74.1545594502378,41.0497811986862],[-74.1545886499761,41.049917981419],[-74.1544326826798,41.0499310562689],[-74.1543490296027,41.0499387361738],[-74.1542650635227,41.0499441345713],[-74.1541808938146,41.04994724443],[-74.1540966301185,41.0499480616995],[-74.1539601580606,41.0499461268933],[-74.153942924051,41.0499455665285],[-74.1539267209483,41.0499411035462],[-74.1539130648661,41.0499331555439],[-74.1539032335951,41.0499224662101],[-74.1538981470407,41.0499100357374],[-74.1538982811486,41.0498970272365],[-74.1539036233704,41.0498846579043],[-74.1539136738379,41.0498740851316],[-74.1544857713165,41.0494401006436]]],"type":"Polygon"},"properties":{"CALC_ACRE":0.35100000000000003,"DEED_DATE":"200918","NET_VALUE":830200.0,"PAMS_PIN":"0248_3201_12","PCLBLOCK":"3201","PCLLOT":"12","PROP_CLASS":"2","PROP_LOC":"277 WYCKOFF AVE","SALES_CODE":"","SALE_PRICE":590000.0,"YR_CONSTR":1966,"ZIP5":"07446"},"type":"Feature"},{"geometry":{"coordinates":[[[-74.1624376636014,41.0444297700186],[-74.1625486962688,41.0440689238478],[-74.1625738751479,41.0440736014019],[-74.1626646597888,41.0438807346759],[-74.1632137478197,41.0439991277091],[-74.1633853493952,41.0440361267586],[-74.163297581297,41.0444630682688],[-74.1630411068935,41.0444061181424],[-74.1630226625802,41.044402699355],[-74.1630038442852,41.0444007599452],[-74.1629848600145,41.0444003213502],[-74.1629659196088,41.0444013884179],[-74.1629472324239,41.0444039493537],[-74.1629290050167,41.0444079758501],[-74.1629114388619,41.0444134234006],[-74.1628947281252,41.0444202317909],[-74.1628790575169,41.0444283257647],[-74.1628646002505,41.0444376158557],[-74.1628515161279,41.0444479993762],[-74.1628399497731,41.0444593615528],[-74.1628300290336,41.0444715767942],[-74.1628218635672,41.0444845100801],[-74.1628155436301,41.0444980184535],[-74.1628111390791,41.0445119526006],[-74.1624376636014,41.0444297700186]]],"type":"Polygon"},"properties":{"CALC_ACRE":0.9400000000000001,"DEED_DATE":"081024","NET_VALUE":1808400.0,"PAMS_PIN":"0248_3101_71.01","PCLBLOCK":"3101","PCLLOT":"71.01","PROP_CLASS":"2","PROP_LOC":"9 VAN GELDER COURT","SALES_CODE":"","SALE_PRICE":1.0,"YR_CONSTR":2010,"ZIP5":"07446"},"type":"Feature"},{"geometry":{"coordinates":[[[-74.1491105068795,41.0450618071988],[-74.1488297680819,41.0449730602868],[-74.1489789234533,41.0446989936253],[-74.1492592867552,41.0447868669238],[-74.1491105068795,41.0450618071988]]],"type":"Polygon"},"properties":{"CALC_ACRE":0.20500000000000002,"DEED_DATE":null,"NET_VALUE":726600.0,"PAMS_PIN":"0248_3212_5","PCLBLOCK":"3212","PCLLOT":"5","PROP_CLASS":"2","PROP_LOC":"28 LARCH AVENUE","SALES_CODE":"","SALE_PRICE":0.0,"YR_CONSTR":1952,"ZIP5":"07446"},"type":"Feature"},{"geometry":{"coordinates":[[[-74.1605118193627,41.0492741028136],[-74.1598266293797,41.049477089182],[-74.1599392960827,41.0484131016681],[-74.1603885992518,41.0483814882505],[-74.160549096752,41.048370294425],[-74.1605118193627,41.0492741028136]]],"type":"Polygon"},"properties":{"CALC_ACRE":1.3940000000000001,"DEED_DATE":"220614","NET_VALUE":963400.0,"PAMS_PIN":"0248_3101_16","PCLBLOCK":"3101","PCLLOT":"16","PROP_CLASS":"2","PROP_LOC":"150 W OAK ST","SALES_CODE":"","SALE_PRICE":1.0,"YR_CONSTR":1961,"ZIP5":"07446"},"type":"Feature"},{"geometry":{"coordinates":[[[-74.1493782030376,41.046583236035],[-74.1493206560185,41.0465583189807],[-74.1492647887004,41.0465313150127],[-74.1492107340314,41.0465022883901],[-74.1491586206461,41.0464713081855],[-74.1491089233258,41.0464386945087],[-74.1490613744234,41.046404307207],[-74.1493801254323,41.0461580467249],[-74.1494388647349,41.046199135823],[-74.1495020908266,41.0462362444824],[-74.1495693310166,41.0462690952785],[-74.1496400826041,41.0462974426189],[-74.1494317543066,41.0466039854496],[-74.1493782030376,41.046583236035]]],"type":"Polygon"},"properties":{"CALC_ACRE":0.24400000000000002,"DEED_DATE":"170126","NET_VALUE":898900.0,"PAMS_PIN":"0248_3208_18","PCLBLOCK":"3208","PCLLOT":"18","PROP_CLASS":"2","PROP_LOC":"127 ALDER DR","SALES_CODE":"","SALE_PRICE":650000.0,"YR_CONSTR":1952,"ZIP5":"07446"},"type":"Feature"},{"geometry":{"coordinates":[[[-74.1620061264136,41.0470704692073],[-74.1622821391746,41.0467843981058],[-74.1623190552227,41.046782170841],[-74.1623557815033,41.0467785778848],[-74.1623922292432,41.0467736279218],[-74.1624283103426,41.0467673329164],[-74.162459749694,41.0467629759429],[-74.1624898160357,41.046754789652],[-74.1625176953012,41.0467429956914],[-74.1625426326407,41.046727913389],[-74.1625780810601,41.0471086107977],[-74.1620061264136,41.0470704692073]]],"type":"Polygon"},"properties":{"CALC_ACRE":0.34400000000000003,"DEED_DATE":"961210","NET_VALUE":561900.0,"PAMS_PIN":"0248_3101_54","PCLBLOCK":"3101","PCLLOT":"54","PROP_CLASS":"2","PROP_LOC":"75 W CEDAR PLACE","SALES_CODE":"","SALE_PRICE":1.0,"YR_CONSTR":1962,"ZIP5":"07446"},"type":"Feature"},{"geometry":{"coordinates":[[[-74.150020866775,41.0475266126987],[-74.1497196014731,41.047497083456],[-74.1497800652782,41.0471767424535],[-74.1500760628593,41.047203903365],[-74.150020866775,41.0475266126987]]],"type":"Polygon"},"properties":{"CALC_ACRE":0.23,"DEED_DATE":"210423","NET_VALUE":696500.0,"PAMS_PIN":"0248_3204_15","PCLBLOCK":"3204","PCLLOT":"15","PROP_CLASS":"2","PROP_LOC":"137 MOMAR DRIVE","SALES_CODE":"","SALE_PRICE":625000.0,"YR_CONSTR":1970,"ZIP5":"07446"},"type":"Feature"},{"geometry":{"coordinates":[[[-74.1520300064001,41.0492837376499],[-74.1516918347131,41.0491537905384],[-74.1520339203598,41.0488720039709],[-74.1522975040304,41.049057772523],[-74.1520300064001,41.0492837376499]]],"type":"Polygon"},"properties":{"CALC_ACRE":0.278,"DEED_DATE":null,"NET_VALUE":625600.0,"PAMS_PIN":"0248_2802_78","PCLBLOCK":"2802","PCLLOT":"78","PROP_CLASS":"2","PROP_LOC":"37 E OAK ST","SALES_CODE":"","SALE_PRICE":0.0,"YR_CONSTR":1960,"ZIP5":"07446"},"type":"Feature"},{"geometry":{"coordinates":[[[-74.1511506581449,41.0489458326235],[-74.1512625792461,41.0486887360992],[-74.151498446297,41.0484946051946],[-74.1517708109996,41.0486865661753],[-74.151362327277,41.0490271708667],[-74.1511506581449,41.0489458326235]]],"type":"Polygon"},"properties":{"CALC_ACRE":0.395,"DEED_DATE":"220812","NET_VALUE":917700.0,"PAMS_PIN":"0248_2802_76","PCLBLOCK":"2802","PCLLOT":"76","PROP_CLASS":"2","PROP_LOC":"59 E OAK ST","SALES_CODE":"","SALE_PRICE":850000.0,"YR_CONSTR":1959,"ZIP5":"07446"},"type":"Feature"},{"geometry":{"coordinates":[[[-74.151362327277,41.0490271708667],[-74.1517708109996,41.0486865661753],[-74.1520339203598,41.0488720039709],[-74.1516918347131,41.0491537905384],[-74.151362327277,41.0490271708667]]],"type":"Polygon"},"properties":{"CALC_ACRE":0.342,"DEED_DATE":"971217","NET_VALUE":805000.0,"PAMS_PIN":"0248_2802_77","PCLBLOCK":"2802","PCLLOT":"77","PROP_CLASS":"2","PROP_LOC":"51 E OAK ST","SALES_CODE":"","SALE_PRICE":272000.0,"YR_CONSTR":1959,"ZIP5":"07446"},"type":"Feature"},{"geometry":{"coordinates":[[[-74.1487079116136,41.0454303063817],[-74.1487317169686,41.0453735054649],[-74.1487515625499,41.0453355132739],[-74.1488621038389,41.0451324145362],[-74.1491966876546,41.0452377607026],[-74.1492055958302,41.045243613415],[-74.1492132057981,41.045250428961],[-74.14921933681,41.045258045461],[-74.1492238432452,41.0452662820113],[-74.1492266180691,41.0452749429813],[-74.1492275953754,41.0452838226599],[-74.1492267519516,41.0452927101411],[-74.1492241078304,41.0453013943341],[-74.1491767181059,41.0453912288684],[-74.1491493107887,41.0454491320962],[-74.1491287130354,41.0455086191959],[-74.1487079116136,41.0454303063817]]],"type":"Polygon"},"properties":{"CALC_ACRE":0.273,"DEED_DATE":"210614","NET_VALUE":600600.0,"PAMS_PIN":"0248_3208_14","PCLBLOCK":"3208","PCLLOT":"14","PROP_CLASS":"2","PROP_LOC":"151 ALDER DR","SALES_CODE":"","SALE_PRICE":577700.0,"YR_CONSTR":1952,"ZIP5":"07446"},"type":"Feature"},{"geometry":{"coordinates":[[[-74.152547872585,41.0494827324066],[-74.1520300064001,41.0492837376499],[-74.1522975040304,41.049057772523],[-74.1526934858993,41.0493368511672],[-74.152547872585,41.0494827324066]]],"type":"Polygon"},"properties":{"CALC_ACRE":0.365,"DEED_DATE":"921022","NET_VALUE":692300.0,"PAMS_PIN":"0248_2802_1","PCLBLOCK":"2802","PCLLOT":"1","PROP_CLASS":"2","PROP_LOC":"33 E OAK ST","SALES_CODE":"","SALE_PRICE":220000.0,"YR_CONSTR":1956,"ZIP5":"07446"},"type":"Feature"},{"geometry":{"coordinates":[[[-74.1564239215762,41.0501920669909],[-74.1564507380841,41.0498713421207],[-74.1567130012313,41.0498500626124],[-74.1566888805676,41.0501942863191],[-74.1564239215762,41.0501920669909]]],"type":"Polygon"},"properties":{"CALC_ACRE":0.198,"DEED_DATE":"980309","NET_VALUE":656200.0,"PAMS_PIN":"0248_2702_9","PCLBLOCK":"2702","PCLLOT":"9","PROP_CLASS":"2","PROP_LOC":"65 W OAK STREET","SALES_CODE":"","SALE_PRICE":227000.0,"YR_CONSTR":1939,"ZIP5":"07446"},"type":"Feature"},{"geometry":{"coordinates":[[[-74.1566888805676,41.0501942863191],[-74.1567130012313,41.0498500626124],[-74.1573356558941,41.0497979731434],[-74.1573126707009,41.0501453696262],[-74.1568756951124,41.0501296845991],[-74.1568736622249,41.0501958329387],[-74.1568627971016,41.0501957421604],[-74.1566888805676,41.0501942863191]]],"type":"Polygon"},"properties":{"CALC_ACRE":0.528,"DEED_DATE":null,"NET_VALUE":642900.0,"PAMS_PIN":"0248_2702_10","PCLBLOCK":"2702","PCLLOT":"10","PROP_CLASS":"2","PROP_LOC":"79 W OAK ST","SALES_CODE":"","SALE_PRICE":0.0,"YR_CONSTR":1933,"ZIP5":"07446"},"type":"Feature"},{"geometry":{"coordinates":[[[-74.1614727247642,41.0472492471781],[-74.161477599023,41.0470153308955],[-74.1615385191723,41.047020700628],[-74.1617449313633,41.0470388957936],[-74.1617448927357,41.0470530470585],[-74.1620061264136,41.0470704692073],[-74.1625780810601,41.0471086107977],[-74.1629492541557,41.0471333612562],[-74.1631807248516,41.0473462901498],[-74.1616764177549,41.0475860051406],[-74.1616619737434,41.0475303794766],[-74.1616617527579,41.0475293490325],[-74.1616617599444,41.0475279771395],[-74.1616615389589,41.0475267759709],[-74.1616615452471,41.0475255741248],[-74.1616613260581,41.0475242015543],[-74.1616613323463,41.0475230010631],[-74.1616613395329,41.047521627815],[-74.1616613449227,41.0475204273237],[-74.161661351211,41.047519226155],[-74.1616613583975,41.0475178535844],[-74.1616615901628,41.0475166537705],[-74.1616615973494,41.0475152811998],[-74.1616618309113,41.0475140807084],[-74.161662063575,41.0475128808945],[-74.1616620698632,41.0475115083237],[-74.1616623034251,41.0475103078323],[-74.1616627624643,41.0475091086958],[-74.1616629960262,41.0475079082044],[-74.1616632295882,41.0475065363109],[-74.1616636886273,41.0475053371744],[-74.1616641476664,41.0475041373603],[-74.1616643803301,41.0475029375463],[-74.1616648393692,41.0475017377322],[-74.1616652993066,41.0475003665161],[-74.1616657601424,41.0474991673794],[-74.1616664455569,41.0474979682428],[-74.161666904596,41.0474967691061],[-74.1616675918072,41.0474955699694],[-74.1616680490497,41.0474945415572],[-74.1616687353626,41.0474933437754],[-74.1616694207772,41.0474921439612],[-74.16167010709,41.0474909455018],[-74.1616707934029,41.0474899184445],[-74.1616714779191,41.0474887193077],[-74.1616723906075,41.0474875215258],[-74.1616730751237,41.0474864937909],[-74.1616739878121,41.047485296009],[-74.1616746732266,41.0474842682741],[-74.1616755850166,41.0474832412167],[-74.161676497705,41.0474820434347],[-74.161677409495,41.0474810170548],[-74.1616796849276,41.0474791363744],[-74.1616817348831,41.0474770836143],[-74.1616837839402,41.0474752029338],[-74.1616858338957,41.0474731501737],[-74.1616878829529,41.0474712688155],[-74.1616899329083,41.0474692160553],[-74.1616917573867,41.0474671626175],[-74.1616935809667,41.0474651098571],[-74.1616954027501,41.0474630564191],[-74.1616972272285,41.047460831579],[-74.1616990508085,41.0474587788184],[-74.1617006489114,41.0474565526232],[-74.161702246116,41.0474543277829],[-74.1617038442188,41.0474521015875],[-74.1617054414234,41.047449876747],[-74.1617068122525,41.047447649874],[-74.1617081830817,41.0474454243558],[-74.1617095566057,41.047443026758],[-74.1617109256382,41.0474407998847],[-74.1617120718885,41.0474384016093],[-74.1617134427177,41.0474361760908],[-74.161714588968,41.0474337771377],[-74.1617155061479,41.0474313781845],[-74.1617166523982,41.0474289799086],[-74.1617175713747,41.0474265809553],[-74.1617184894529,41.0474241820017],[-74.1617194084294,41.0474217830482],[-74.161720327406,41.0474193834171],[-74.1617210200071,41.0474168117061],[-74.1617217126082,41.0474144120748],[-74.1617224034126,41.0474120131208],[-74.1617228714349,41.0474094407321],[-74.1617235631376,41.0474070411006],[-74.1617240293633,41.0474044687116],[-74.1617244946906,41.0474020684024],[-74.1617247336425,41.0473994966908],[-74.1617249734926,41.0473970957039],[-74.1617254397183,41.0473945233146],[-74.161725453193,41.0473919502477],[-74.1617256912466,41.0473895492605],[-74.1617257047213,41.0473869755159],[-74.1617257163994,41.0473845738511],[-74.1617257298741,41.0473820007838],[-74.1617255169734,41.0473794263615],[-74.1617255295498,41.0473770246964],[-74.1617253157508,41.0473744509513],[-74.1617248755763,41.0473718765288],[-74.1617246617772,41.0473694741858],[-74.1617242216027,41.0473668990856],[-74.1617237805299,41.047364496065],[-74.1617233403554,41.047361921642],[-74.1617226729072,41.0473595179438],[-74.1617220054589,41.0473571142455],[-74.161721338909,41.0473545391448],[-74.1617206714607,41.0473521354463],[-74.1617200031142,41.0473497317477],[-74.1617191092905,41.0473473266941],[-74.1617182172634,41.0473447509154],[-74.161717321643,41.0473423465392],[-74.1617162014439,41.0473401135652],[-74.1617150812447,41.0473377078337],[-74.1617139592489,41.0473353034572],[-74.1617128381515,41.047332898403],[-74.161711717054,41.0473306647513],[-74.1617103695811,41.0473282590195],[-74.1617090221081,41.0473260246901],[-74.1617076737369,41.0473237910381],[-74.1617060989902,41.0473213846286],[-74.161704750619,41.0473191509764],[-74.1617031767706,41.0473169152917],[-74.1617016002273,41.0473148523645],[-74.1616997991051,41.0473126160022],[-74.1616982252567,41.0473103816723],[-74.161696422338,41.0473083180673],[-74.1616946203175,41.0473062537848],[-74.1616928191954,41.0473040180997],[-74.1616910162766,41.047301953817],[-74.161688986084,41.0473000616143],[-74.1616869576881,41.047297996654],[-74.1616849292922,41.0472959323712],[-74.1616828990997,41.0472940388133],[-74.1616808689071,41.0472921459329],[-74.1616786123391,41.0472902516975],[-74.1616763575678,41.047288358817],[-74.1616741001015,41.0472864645815],[-74.1616718444318,41.0472845710234],[-74.1616695860672,41.0472828488678],[-74.1616671031237,41.0472811260347],[-74.1616648456574,41.047279403879],[-74.1616623618156,41.0472776810458],[-74.1616598779739,41.0472759582126],[-74.1616571668584,41.0472744061044],[-74.16165468122,41.0472728553512],[-74.1616519701044,41.0472713025655],[-74.1616494862627,41.0472697518122],[-74.1616467751471,41.0472681997039],[-74.161644062235,41.0472668189982],[-74.1616413502211,41.0472654396474],[-74.1616386382073,41.0472640582642],[-74.1616356989197,41.0472626775584],[-74.1616329878042,41.0472612968525],[-74.1616300476182,41.0472600882268],[-74.1616271074323,41.0472588782461],[-74.1616241681447,41.0472576689428],[-74.1616212279588,41.047256458962],[-74.1616182877729,41.0472554210614],[-74.1616153466886,41.0472543831607],[-74.1616121801272,41.04725334526],[-74.1616092399413,41.0472523066819],[-74.1616060715833,41.0472514401838],[-74.1616031304991,41.0472504016055],[-74.1615999621411,41.0472495351075],[-74.1615967937831,41.0472488386571],[-74.1615936254251,41.047247972159],[-74.161590457067,41.0472472770636],[-74.1615872878107,41.0472465812907],[-74.1615841185544,41.0472458855177],[-74.1615809501964,41.0472451904223],[-74.1615775545646,41.0472446653745],[-74.16157438441,41.0472441416818],[-74.1615712142553,41.0472436179889],[-74.1615678168269,41.0472432650214],[-74.1615646466723,41.0472427406511],[-74.1615612492439,41.0472423876835],[-74.1615580799876,41.0472420353934],[-74.1615546807625,41.047241853151],[-74.1615515097096,41.0472416729411],[-74.1615481122812,41.047241319296],[-74.1615447130561,41.0472413098112],[-74.1615415411049,41.0472411282463],[-74.1615381418798,41.0472411180842],[-74.1615349690303,41.0472411092769],[-74.1615315707035,41.0472410991147],[-74.1615281714785,41.0472412610326],[-74.1615249977306,41.0472412515479],[-74.1615215985056,41.0472414127884],[-74.1615181983822,41.047241746109],[-74.161515023736,41.0472419087045],[-74.1615116236127,41.0472422420251],[-74.1615084498648,41.0472425753457],[-74.1615050497414,41.0472429086664],[-74.1615018732986,41.0472434147447],[-74.161498697754,41.047243919468],[-74.1614952967324,41.0472444235138],[-74.1614921220861,41.0472449295921],[-74.1614889465416,41.0472454349929],[-74.1614857709971,41.0472461111189],[-74.1614823681788,41.0472467879223],[-74.1614791935326,41.0472474640483],[-74.1614762425669,41.0472483136094],[-74.1614727247642,41.0472492471781]]],"type":"Polygon"},"properties":{"CALC_ACRE":1.3,"DEED_DATE":"201029","NET_VALUE":873100.0,"PAMS_PIN":"0248_3101_10","PCLBLOCK":"3101","PCLLOT":"10","PROP_CLASS":"2","PROP_LOC":"5 ACORN CT","SALES_CODE":"","SALE_PRICE":749000.0,"YR_CONSTR":1963,"ZIP5":"07446"},"type":"Feature"},{"geometry":{"coordinates":[[[-74.1486352253307,41.0445932827744],[-74.1487489798934,41.0443810082552],[-74.1487556963341,41.0443714250958],[-74.1487647705663,41.0443630191944],[-74.1487758513411,41.0443561159304],[-74.1487885097395,41.0443509825186],[-74.1488022557752,41.0443478176657],[-74.1488165573611,41.0443467438782],[-74.1488308609058,41.0443478027209],[-74.148844612742,41.0443509532076],[-74.1491232126509,41.0444364821093],[-74.1489789234533,41.0446989936253],[-74.1486352253307,41.0445932827744]]],"type":"Polygon"},"properties":{"CALC_ACRE":0.24100000000000002,"DEED_DATE":"231002","NET_VALUE":622400.0,"PAMS_PIN":"0248_3212_7","PCLBLOCK":"3212","PCLLOT":"7","PROP_CLASS":"2","PROP_LOC":"197 PINE ST","SALES_CODE":"","SALE_PRICE":572000.0,"YR_CONSTR":1952,"ZIP5":"07446"},"type":"Feature"},{"geometry":{"coordinates":[[[-74.1562404469677,41.0502713828608],[-74.1558509877661,41.0502543165433],[-74.155838553286,41.0499219485861],[-74.1562712151645,41.0498859073782],[-74.1562404469677,41.0502713828608]]],"type":"Polygon"},"properties":{"CALC_ACRE":0.328,"DEED_DATE":"140328","NET_VALUE":812000.0,"PAMS_PIN":"0248_2701_15","PCLBLOCK":"2701","PCLLOT":"15","PROP_CLASS":"2","PROP_LOC":"53 W OAK STREET","SALES_CODE":"","SALE_PRICE":1.0,"YR_CONSTR":1942,"ZIP5":"07446"},"type":"Feature"},{"geometry":{"coordinates":[[[-74.1491527699187,41.0468816409436],[-74.1493782030376,41.046583236035],[-74.1494317543066,41.0466039854496],[-74.1494777248559,41.0466200447502],[-74.1495244579543,41.0466347991836],[-74.1495718885101,41.0466482282],[-74.1496199504603,41.0466603130958],[-74.149475662161,41.0469864199659],[-74.1493924999169,41.0469646989489],[-74.149310835778,41.0469399552839],[-74.1492308627693,41.0469122474529],[-74.1491527699187,41.0468816409436]]],"type":"Polygon"},"properties":{"CALC_ACRE":0.255,"DEED_DATE":"150810","NET_VALUE":679300.0,"PAMS_PIN":"0248_3208_5","PCLBLOCK":"3208","PCLLOT":"5","PROP_CLASS":"2","PROP_LOC":"152 MOMAR DRIVE","SALES_CODE":"","SALE_PRICE":435000.0,"YR_CONSTR":1952,"ZIP5":"07446"},"type":"Feature"},{"geometry":{"coordinates":[[[-74.1489704756964,41.0427318214838],[-74.1492653216373,41.0425566621193],[-74.1497117142649,41.0428213539614],[-74.1496292111926,41.0428306347187],[-74.1495940747766,41.0428351875934],[-74.1495595844309,41.0428419932903],[-74.1495259935899,41.0428510018004],[-74.1494935490788,41.0428621469286],[-74.1494624892992,41.0428753467796],[-74.149433042478,41.0428905043598],[-74.14940542499,41.0429075082902],[-74.149379839768,41.0429262336248],[-74.1489704756964,41.0427318214838]]],"type":"Polygon"},"properties":{"CALC_ACRE":0.341,"DEED_DATE":"090123","NET_VALUE":668400.0,"PAMS_PIN":"0248_3508_6","PCLBLOCK":"3508","PCLLOT":"6","PROP_CLASS":"2","PROP_LOC":"271 MOMAR DR","SALES_CODE":"","SALE_PRICE":1.0,"YR_CONSTR":1960,"ZIP5":"07446"},"type":"Feature"},{"geometry":{"coordinates":[[[-74.1627795372457,41.0436366795567],[-74.1626390703797,41.0436042379493],[-74.162701814109,41.0433764362078],[-74.1627671494779,41.0431392201708],[-74.1627722833498,41.0431205815042],[-74.1633782679758,41.0432163988288],[-74.1632664142482,41.0437485620913],[-74.1632137478197,41.0439991277091],[-74.1626646597888,41.0438807346759],[-74.162685471059,41.0438365227035],[-74.1627795372457,41.0436366795567]]],"type":"Polygon"},"properties":{"CALC_ACRE":1.106,"DEED_DATE":"180809","NET_VALUE":987900.0,"PAMS_PIN":"0248_3101_75","PCLBLOCK":"3101","PCLLOT":"75","PROP_CLASS":"2","PROP_LOC":"21 W CRESCENT AVE","SALES_CODE":"","SALE_PRICE":800000.0,"YR_CONSTR":1890,"ZIP5":"07446"},"type":"Feature"},{"geometry":{"coordinates":[[[-74.1489728014347,41.0463302141914],[-74.1489301975909,41.0462887877658],[-74.1488904427226,41.0462457806743],[-74.1488536397417,41.0462013042451],[-74.1488198839188,41.0461554736097],[-74.148795654559,41.0461187528462],[-74.1492014334543,41.0459659089942],[-74.1492379054229,41.046018027906],[-74.149280049369,41.0460676539943],[-74.1493275678357,41.0461144369984],[-74.1493801254323,41.0461580467249],[-74.1490613744234,41.046404307207],[-74.1490158964066,41.0463680708765],[-74.1489728014347,41.0463302141914]]],"type":"Polygon"},"properties":{"CALC_ACRE":0.24400000000000002,"DEED_DATE":"220225","NET_VALUE":1366900.0,"PAMS_PIN":"0248_3208_17","PCLBLOCK":"3208","PCLLOT":"17","PROP_CLASS":"2","PROP_LOC":"133 ALDER DR","SALES_CODE":"","SALE_PRICE":1.0,"YR_CONSTR":1952,"ZIP5":"07446"},"type":"Feature"},{"geometry":{"coordinates":[[[-74.160549096752,41.048370294425],[-74.1607615069942,41.0483553088009],[-74.1607510937234,41.0482207801526],[-74.1612264291712,41.0481501259961],[-74.1611466318245,41.0490838297499],[-74.1608052765081,41.0491871311105],[-74.1605118193627,41.0492741028136],[-74.160549096752,41.048370294425]]],"type":"Polygon"},"properties":{"CALC_ACRE":1.3960000000000001,"DEED_DATE":"150904","NET_VALUE":838300.0,"PAMS_PIN":"0248_3101_14","PCLBLOCK":"3101","PCLLOT":"14","PROP_CLASS":"2","PROP_LOC":"166 W OAK ST","SALES_CODE":"","SALE_PRICE":595000.0,"YR_CONSTR":1961,"ZIP5":"07446"},"type":"Feature"},{"geometry":{"coordinates":[[[-74.1581709597509,41.0500957314109],[-74.157494243576,41.0500757215199],[-74.1575124191892,41.0498049942833],[-74.1581935613635,41.049816985906],[-74.1581709597509,41.0500957314109]]],"type":"Polygon"},"properties":{"CALC_ACRE":0.365,"DEED_DATE":"211025","NET_VALUE":952800.0,"PAMS_PIN":"0248_2601_23","PCLBLOCK":"2601","PCLLOT":"23","PROP_CLASS":"2","PROP_LOC":"139 FUHRMAN AVE","SALES_CODE":"","SALE_PRICE":975000.0,"YR_CONSTR":1965,"ZIP5":"07446"},"type":"Feature"},{"geometry":{"coordinates":[[[-74.1486668882495,41.0457725918591],[-74.1486626465312,41.0457228493285],[-74.1486618416321,41.0456730076945],[-74.148664475732,41.0456232019302],[-74.1486705416978,41.045573566912],[-74.1486771581588,41.0455373744434],[-74.1486856006,41.0455013986767],[-74.1486958567292,41.045465691993],[-74.1487079116136,41.0454303063817],[-74.1491287130354,41.0455086191959],[-74.1491154706245,41.0455667878552],[-74.1491086928561,41.0456255858372],[-74.1491084267539,41.0456846052045],[-74.1491146741641,41.0457434364848],[-74.148669217581,41.0457901959159],[-74.1486668882495,41.0457725918591]]],"type":"Polygon"},"properties":{"CALC_ACRE":0.252,"DEED_DATE":"000411","NET_VALUE":864300.0,"PAMS_PIN":"0248_3208_15","PCLBLOCK":"3208","PCLLOT":"15","PROP_CLASS":"2","PROP_LOC":"145 ALDER DR","SALES_CODE":"","SALE_PRICE":100.0,"YR_CONSTR":1952,"ZIP5":"07446"},"type":"Feature"},{"geometry":{"coordinates":[[[-74.1487192753019,41.0459707219123],[-74.1487027946893,41.0459262622651],[-74.1486889409434,41.0458812957575],[-74.1486777412486,41.0458359106228],[-74.148669217581,41.0457901959159],[-74.1491146741641,41.0457434364848],[-74.1491271750225,41.0458008879016],[-74.1491458931225,41.0458573702791],[-74.1491707018643,41.0459125016021],[-74.1492014334543,41.0459659089942],[-74.148795654559,41.0461187528462],[-74.1487737623129,41.0460825972065],[-74.1487537159968,41.04604583765],[-74.1487355448309,41.0460085277575],[-74.1487192753019,41.0459707219123]]],"type":"Polygon"},"properties":{"CALC_ACRE":0.24400000000000002,"DEED_DATE":"090204","NET_VALUE":998600.0,"PAMS_PIN":"0248_3208_16","PCLBLOCK":"3208","PCLLOT":"16","PROP_CLASS":"2","PROP_LOC":"139 ALDER DR","SALES_CODE":"","SALE_PRICE":800000.0,"YR_CONSTR":1952,"ZIP5":"07446"},"type":"Feature"},{"geometry":{"coordinates":[[[-74.1503558395613,41.0417525899159],[-74.1498741593127,41.041588152714],[-74.1499220655685,41.0415923053516],[-74.1499436790342,41.0415909705995],[-74.1499564863152,41.0415893905781],[-74.1499760498254,41.0415850997223],[-74.1499900599506,41.0415820264043],[-74.150023704553,41.0415679654306],[-74.150046860426,41.0415562053782],[-74.1500993822258,41.0415238650537],[-74.1501188918371,41.0415093216591],[-74.1501459419069,41.0414811041444],[-74.1501747185388,41.0414415561054],[-74.1501857453588,41.0414201519136],[-74.1501942542012,41.0414015398618],[-74.1501997590773,41.0413682068631],[-74.1502010221086,41.0413488318847],[-74.1501984484353,41.0413352099083],[-74.1501919095983,41.0413237431899],[-74.1501832210929,41.0413147142657],[-74.1501750320508,41.0413070580405],[-74.1501657722168,41.0413031323616],[-74.1500971885398,41.041275624823],[-74.1500930194586,41.0412739533258],[-74.1500449694723,41.0412493504005],[-74.149974031311,41.0412063697889],[-74.1499154351033,41.0411671874584],[-74.1498663870888,41.0411325629423],[-74.1498558139179,41.0411206293608],[-74.1498240063704,41.0410847290043],[-74.1498119258264,41.0410658621008],[-74.1497988346778,41.0410389778043],[-74.1497962879539,41.0410201122429],[-74.1497949036501,41.0409939772928],[-74.1497967191453,41.0409764430954],[-74.1497982507728,41.0409616468553],[-74.1506503962446,41.0412505740426],[-74.1503558395613,41.0417525899159]]],"type":"Polygon"},"properties":{"CALC_ACRE":0.7000000000000001,"DEED_DATE":"010726","NET_VALUE":803600.0,"PAMS_PIN":"0248_3508_11","PCLBLOCK":"3508","PCLLOT":"11","PROP_CLASS":"2","PROP_LOC":"315 MOMAR DRIVE","SALES_CODE":"","SALE_PRICE":470000.0,"YR_CONSTR":1976,"ZIP5":"07446"},"type":"Feature"},{"geometry":{"coordinates":[[[-74.1486352253307,41.0445932827744],[-74.1489789234533,41.0446989936253],[-74.1488297680819,41.0449730602868],[-74.1485542071735,41.0448859480752],[-74.1485424871403,41.0448808938422],[-74.1485321879482,41.0448743104548],[-74.1485236559567,41.0448664193103],[-74.1485171780945,41.0448574857855],[-74.1485129722106,41.0448478103125],[-74.1485111797479,41.0448377182747],[-74.1485118609865,41.0448275490649],[-74.1485149930164,41.0448176446712],[-74.1486352253307,41.0445932827744]]],"type":"Polygon"},"properties":{"CALC_ACRE":0.24100000000000002,"DEED_DATE":"170816","NET_VALUE":778500.0,"PAMS_PIN":"0248_3212_6","PCLBLOCK":"3212","PCLLOT":"6","PROP_CLASS":"2","PROP_LOC":"34 LARCH AVENUE","SALES_CODE":"","SALE_PRICE":649502.0,"YR_CONSTR":1952,"ZIP5":"07446"},"type":"Feature"},{"geometry":{"coordinates":[[[-74.1493955180647,41.0417268631344],[-74.1494084502115,41.0417029819565],[-74.1494110714955,41.0416983686],[-74.1494525476105,41.041625354348],[-74.1494611507759,41.0416109905236],[-74.1494671497254,41.0416009737869],[-74.149489931001,41.0415629394431],[-74.1495080033079,41.0415457570403],[-74.1495298081148,41.0415289696387],[-74.1495552897262,41.0415162285015],[-74.149562349586,41.041513903862],[-74.1495818008068,41.0415074983989],[-74.1496125231895,41.0415047916264],[-74.1496187907353,41.041504927812],[-74.1496551527413,41.0415057164686],[-74.149686592878,41.0415109186209],[-74.1497376288642,41.0415264166688],[-74.1497677197313,41.0415401226206],[-74.1498116518403,41.0415619685291],[-74.1498382177181,41.0415772280711],[-74.1498399308054,41.0415779232264],[-74.1498551114354,41.0415840861236],[-74.1498741593127,41.041588152714],[-74.1503558395613,41.0417525899159],[-74.1502091940827,41.0420025167647],[-74.1493955180647,41.0417268631344]]],"type":"Polygon"},"properties":{"CALC_ACRE":0.52,"DEED_DATE":null,"NET_VALUE":718300.0,"PAMS_PIN":"0248_3508_10","PCLBLOCK":"3508","PCLLOT":"10","PROP_CLASS":"2","PROP_LOC":"299 MOMAR DRIVE","SALES_CODE":"","SALE_PRICE":0.0,"YR_CONSTR":1975,"ZIP5":"07446"},"type":"Feature"},{"geometry":{"coordinates":[[[-74.1488060857961,41.0430372108398],[-74.1489704756964,41.0427318214838],[-74.149379839768,41.0429262336248],[-74.1493536580492,41.0429492182421],[-74.1493305210637,41.0429739914367],[-74.1493106422965,41.0430003246246],[-74.1492942051686,41.0430279748282],[-74.1492232023286,41.0431636658818],[-74.1488060857961,41.0430372108398]]],"type":"Polygon"},"properties":{"CALC_ACRE":0.28500000000000003,"DEED_DATE":"161216","NET_VALUE":596000.0,"PAMS_PIN":"0248_3508_5","PCLBLOCK":"3508","PCLLOT":"5","PROP_CLASS":"2","PROP_LOC":"263 MOMAR DR","SALES_CODE":"","SALE_PRICE":430000.0,"YR_CONSTR":1960,"ZIP5":"07446"},"type":"Feature"},{"geometry":{"coordinates":[[[-74.1493580241813,41.0474616418436],[-74.1494902220552,41.047133160044],[-74.1495618226331,41.0471471106583],[-74.1496340639954,41.0471590352104],[-74.1497068453816,41.0471689170695],[-74.1497800652782,41.0471767424535],[-74.1497196014731,41.047497083456],[-74.1493580241813,41.0474616418436]]],"type":"Polygon"},"properties":{"CALC_ACRE":0.253,"DEED_DATE":"240729","NET_VALUE":678300.0,"PAMS_PIN":"0248_3204_16","PCLBLOCK":"3204","PCLLOT":"16","PROP_CLASS":"2","PROP_LOC":"143 MOMAR DRIVE","SALES_CODE":"","SALE_PRICE":801000.0,"YR_CONSTR":1970,"ZIP5":"07446"},"type":"Feature"},{"geometry":{"coordinates":[[[-74.1625780810601,41.0471086107977],[-74.1625426326407,41.046727913389],[-74.1625571800155,41.0467163239591],[-74.1625699843384,41.0467036183806],[-74.1625808960971,41.0466899450122],[-74.162589787878,41.0466754635134],[-74.1625965558545,41.04666034298],[-74.1626011209989,41.0466447599696],[-74.1626034300052,41.0466288964402],[-74.1626034559119,41.0466129376256],[-74.1626011984165,41.0465970698721],[-74.1625966838791,41.0465814784632],[-74.1625899650146,41.0465663454553],[-74.1625811202773,41.0465518475526],[-74.1625702529446,41.0465381540435],[-74.1625574899112,41.0465254248235],[-74.1625429802073,41.0465138085286],[-74.1625268932586,41.0465034407997],[-74.1626064282972,41.0464103991933],[-74.1629856269415,41.0464894323666],[-74.1629492541557,41.0471333612562],[-74.1625780810601,41.0471086107977]]],"type":"Polygon"},"properties":{"CALC_ACRE":0.597,"DEED_DATE":"000323","NET_VALUE":599300.0,"PAMS_PIN":"0248_3101_55","PCLBLOCK":"3101","PCLLOT":"55","PROP_CLASS":"2","PROP_LOC":"73 W CEDAR PLACE","SALES_CODE":"","SALE_PRICE":369900.0,"YR_CONSTR":1967,"ZIP5":"07446"},"type":"Feature"},{"geometry":{"coordinates":[[[-74.1530558689798,41.0495971576589],[-74.1531918541509,41.0496934919365],[-74.1529531358473,41.0498907633667],[-74.1528207160896,41.0497969095396],[-74.1530558689798,41.0495971576589]]],"type":"Polygon"},"properties":{"CALC_ACRE":0.115,"DEED_DATE":"220817","NET_VALUE":660300.0,"PAMS_PIN":"0248_2801_9","PCLBLOCK":"2801","PCLLOT":"9","PROP_CLASS":"2","PROP_LOC":"15 E OAK ST","SALES_CODE":"","SALE_PRICE":540000.0,"YR_CONSTR":1925,"ZIP5":"07446"},"type":"Feature"},{"geometry":{"coordinates":[[[-74.1629281688993,41.0454936214025],[-74.1630629638027,41.045117762861],[-74.1630889152329,41.0450454000961],[-74.1632488530827,41.0445994243865],[-74.1635884405146,41.0446751175908],[-74.1635834854075,41.0455099010237],[-74.1629281688993,41.0454936214025]]],"type":"Polygon"},"properties":{"CALC_ACRE":1.083,"DEED_DATE":"091010","NET_VALUE":1564800.0,"PAMS_PIN":"0248_3101_68.12","PCLBLOCK":"3101","PCLLOT":"68.12","PROP_CLASS":"2","PROP_LOC":"11 VAN GELDER CT","SALES_CODE":"","SALE_PRICE":1055000.0,"YR_CONSTR":1989,"ZIP5":"07446"},"type":"Feature"},{"geometry":{"coordinates":[[[-74.1525124627931,41.0497470786642],[-74.1528251358008,41.0494337034041],[-74.1530558689798,41.0495971576589],[-74.1528207160896,41.0497969095396],[-74.1529531358473,41.0498907633667],[-74.1529721495886,41.0499042385972],[-74.1529117396824,41.0499537184328],[-74.1525124627931,41.0497470786642]]],"type":"Polygon"},"properties":{"CALC_ACRE":0.39,"DEED_DATE":"151221","NET_VALUE":747500.0,"PAMS_PIN":"0248_2801_8","PCLBLOCK":"2801","PCLLOT":"8","PROP_CLASS":"2","PROP_LOC":"27 CENTER ST","SALES_CODE":"","SALE_PRICE":1.0,"YR_CONSTR":1954,"ZIP5":"07446"},"type":"Feature"},{"geometry":{"coordinates":[[[-74.1484138669699,41.0429165456881],[-74.1484257588677,41.0429112067868],[-74.1484685501162,41.0428919941913],[-74.1485279682824,41.0428720010803],[-74.1485893277079,41.042855252636],[-74.1486440243289,41.0428368632186],[-74.1487146543681,41.0428152846787],[-74.1487469452093,41.042803991665],[-74.1487501351269,41.0428032057341],[-74.1487803113339,41.042795761748],[-74.1487822301354,41.0427952888343],[-74.1488353996204,41.0427847180608],[-74.1488807654406,41.0427008632161],[-74.1488971516097,41.0426802995685],[-74.1489052409388,41.0426746313694],[-74.1489134542354,41.0426688757687],[-74.1489290202427,41.0426597555628],[-74.1489438981404,41.0426522268694],[-74.1489582478288,41.0426449664764],[-74.148997305679,41.0426290289759],[-74.1490644053391,41.0426030471087],[-74.1490565244192,41.0425869530889],[-74.1490441061087,41.0425615924993],[-74.1490376732729,41.0425303360385],[-74.1490378520377,41.0424965747351],[-74.1490447870317,41.0424619007813],[-74.1490463447104,41.0424541105386],[-74.1490547430599,41.0424291293149],[-74.1490515360744,41.0424116354741],[-74.1490400511135,41.0423965861601],[-74.1490272923415,41.0423878297506],[-74.1490235787061,41.0423852815566],[-74.1489972796278,41.0423677165634],[-74.1489825023414,41.0423514219367],[-74.1489760973535,41.0423151435114],[-74.1489812994973,41.0422639126087],[-74.1489915870039,41.0422366568362],[-74.1489963759227,41.0422239652958],[-74.1490362539348,41.0421766010039],[-74.1490451086285,41.0421637610722],[-74.1490612064384,41.0421404173368],[-74.1490795033241,41.0421154949395],[-74.1490960709529,41.0421017931727],[-74.1491573306654,41.0420694808953],[-74.1491954740307,41.0420432277934],[-74.149217006648,41.0420284067243],[-74.1492704878485,41.0419845783475],[-74.1493084731103,41.0419534483118],[-74.1493046642534,41.0419062803106],[-74.1493128416175,41.04186142674],[-74.1493252671145,41.0418360191208],[-74.1493787563998,41.0417578157624],[-74.1493955180647,41.0417268631344],[-74.1502091940827,41.0420025167647],[-74.1501712896693,41.0420671163008],[-74.1501624033956,41.0420878929336],[-74.1501557746957,41.042109143655],[-74.1501514470206,41.0421307291662],[-74.1501494487383,41.0421525079741],[-74.1501497929475,41.0421743373187],[-74.1501524773918,41.0421960741089],[-74.1501574844748,41.0422175758603],[-74.1501647813751,41.0422387016293],[-74.1501748105925,41.0422647939551],[-74.1501787968901,41.0422917937319],[-74.1496995546692,41.0421297305999],[-74.1495671295216,41.0423777325059],[-74.1492653216373,41.0425566621193],[-74.1489704756964,41.0427318214838],[-74.1488060857961,41.0430372108398],[-74.1484138669699,41.0429165456881]]],"type":"Polygon"},"properties":{"CALC_ACRE":1.0550000000000002,"DEED_DATE":"010119","NET_VALUE":929300.0,"PAMS_PIN":"0248_3508_9","PCLBLOCK":"3508","PCLLOT":"9","PROP_CLASS":"2","PROP_LOC":"295 MOMAR DRIVE","SALES_CODE":"","SALE_PRICE":396000.0,"YR_CONSTR":1972,"ZIP5":"07446"},"type":"Feature"},{"geometry":{"coordinates":[[[-74.1488659046108,41.0467337817749],[-74.1491586206461,41.0464713081855],[-74.1492107340314,41.0465022883901],[-74.1492647887004,41.0465313150127],[-74.1493206560185,41.0465583189807],[-74.1493782030376,41.046583236035],[-74.1491527699187,41.0468816409436],[-74.1490776074191,41.0468486127393],[-74.1490046313438,41.0468129043821],[-74.148934009583,41.0467745980193],[-74.1488659046108,41.0467337817749]]],"type":"Polygon"},"properties":{"CALC_ACRE":0.255,"DEED_DATE":"120714","NET_VALUE":625600.0,"PAMS_PIN":"0248_3208_6","PCLBLOCK":"3208","PCLLOT":"6","PROP_CLASS":"2","PROP_LOC":"162 MOMAR DRIVE","SALES_CODE":"","SALE_PRICE":0.0,"YR_CONSTR":1952,"ZIP5":"07446"},"type":"Feature"},{"geometry":{"coordinates":[[[-74.1553838189026,41.0499598277043],[-74.155838553286,41.0499219485861],[-74.1558509877661,41.0502543165433],[-74.1558603149737,41.0505036467907],[-74.1553415369988,41.0505492430499],[-74.1553838189026,41.0499598277043]]],"type":"Polygon"},"properties":{"CALC_ACRE":0.636,"DEED_DATE":"180604","NET_VALUE":1096800.0,"PAMS_PIN":"0248_2701_14","PCLBLOCK":"2701","PCLLOT":"14","PROP_CLASS":"2","PROP_LOC":"43 W OAK STREET","SALES_CODE":"","SALE_PRICE":825000.0,"YR_CONSTR":2001,"ZIP5":"07446"},"type":"Feature"},{"geometry":{"coordinates":[[[-74.1504531971751,41.0489751613644],[-74.151255851763,41.0483236235436],[-74.151498446297,41.0484946051946],[-74.1512625792461,41.0486887360992],[-74.1511506581449,41.0489458326235],[-74.150937835576,41.0491604642094],[-74.1504531971751,41.0489751613644]]],"type":"Polygon"},"properties":{"CALC_ACRE":0.686,"DEED_DATE":"240312","NET_VALUE":746700.0,"PAMS_PIN":"0248_2802_75","PCLBLOCK":"2802","PCLLOT":"75","PROP_CLASS":"2","PROP_LOC":"65 E OAK ST","SALES_CODE":"","SALE_PRICE":10.0,"YR_CONSTR":1959,"ZIP5":"07446"},"type":"Feature"},{"geometry":{"coordinates":[[[-74.1530837769407,41.0499833556429],[-74.1529721495886,41.0499042385972],[-74.1529531358473,41.0498907633667],[-74.1531918541509,41.0496934919365],[-74.1533220137474,41.0497856990186],[-74.1530837769407,41.0499833556429]]],"type":"Polygon"},"properties":{"CALC_ACRE":0.115,"DEED_DATE":"200721","NET_VALUE":669000.0,"PAMS_PIN":"0248_2801_10","PCLBLOCK":"2801","PCLLOT":"10","PROP_CLASS":"2","PROP_LOC":"9 E  OAK STREET","SALES_CODE":"","SALE_PRICE":605000.0,"YR_CONSTR":1996,"ZIP5":"07446"},"type":"Feature"},{"geometry":{"coordinates":[[[-74.1573003925276,41.0503309320258],[-74.1568559366678,41.0503127784175],[-74.1568627971016,41.0501957421604],[-74.1568736622249,41.0501958329387],[-74.1568756951124,41.0501296845991],[-74.1573126707009,41.0501453696262],[-74.1573003925276,41.0503309320258]]],"type":"Polygon"},"properties":{"CALC_ACRE":0.198,"DEED_DATE":"231218","NET_VALUE":600900.0,"PAMS_PIN":"0248_2702_11","PCLBLOCK":"2702","PCLLOT":"11","PROP_CLASS":"2","PROP_LOC":"128 FUHRMAN AVE","SALES_CODE":"","SALE_PRICE":575000.0,"YR_CONSTR":1938,"ZIP5":"07446"},"type":"Feature"},{"geometry":{"coordinates":[[[-74.1549552560368,41.0499955240483],[-74.1553838189026,41.0499598277043],[-74.1553415369988,41.0505492430499],[-74.1550922140833,41.0505711543899],[-74.1549115179639,41.0505871699055],[-74.1549539247335,41.0500135348016],[-74.1549552560368,41.0499955240483]]],"type":"Polygon"},"properties":{"CALC_ACRE":0.601,"DEED_DATE":"010313","NET_VALUE":900900.0,"PAMS_PIN":"0248_2701_13","PCLBLOCK":"2701","PCLLOT":"13","PROP_CLASS":"2","PROP_LOC":"33 W OAK STREET","SALES_CODE":"","SALE_PRICE":270000.0,"YR_CONSTR":1925,"ZIP5":"07446"},"type":"Feature"},{"geometry":{"coordinates":[[[-74.1488222644543,41.0438955817509],[-74.1483960075638,41.0437627709753],[-74.1485340974876,41.0435396128212],[-74.1489520467584,41.0436639618501],[-74.1488222644543,41.0438955817509]]],"type":"Polygon"},"properties":{"CALC_ACRE":0.219,"DEED_DATE":"230619","NET_VALUE":886000.0,"PAMS_PIN":"0248_3508_2","PCLBLOCK":"3508","PCLLOT":"2","PROP_CLASS":"2","PROP_LOC":"239 MOMAR DR","SALES_CODE":"","SALE_PRICE":800000.0,"YR_CONSTR":1951,"ZIP5":"07446"},"type":"Feature"},{"geometry":{"coordinates":[[[-74.156850350045,41.0504080812483],[-74.1564068814336,41.0503958668528],[-74.1564239215762,41.0501920669909],[-74.1566888805676,41.0501942863191],[-74.1568627971016,41.0501957421604],[-74.1568559366678,41.0503127784175],[-74.156850350045,41.0504080812483]]],"type":"Polygon"},"properties":{"CALC_ACRE":0.20700000000000002,"DEED_DATE":"161026","NET_VALUE":1120200.0,"PAMS_PIN":"0248_2702_8","PCLBLOCK":"2702","PCLLOT":"8","PROP_CLASS":"2","PROP_LOC":"13 ELM AVENUE","SALES_CODE":"","SALE_PRICE":800000.0,"YR_CONSTR":2008,"ZIP5":"07446"},"type":"Feature"},{"geometry":{"coordinates":[[[-74.152547872585,41.0494827324066],[-74.152335967196,41.0496950277287],[-74.150937835576,41.0491604642094],[-74.1511506581449,41.0489458326235],[-74.151362327277,41.0490271708667],[-74.1516918347131,41.0491537905384],[-74.1520300064001,41.0492837376499],[-74.152547872585,41.0494827324066]]],"type":"Polygon"},"properties":{"CALC_ACRE":0.99,"DEED_DATE":"930712","NET_VALUE":723800.0,"PAMS_PIN":"0248_2802_2","PCLBLOCK":"2802","PCLLOT":"2","PROP_CLASS":"2","PROP_LOC":"26 CENTER ST","SALES_CODE":"","SALE_PRICE":0.0,"YR_CONSTR":1920,"ZIP5":"07446"},"type":"Feature"},{"geometry":{"coordinates":[[[-74.1482803261148,41.0452758349277],[-74.148306909959,41.0452110657783],[-74.1483922454194,41.0450446324845],[-74.1483988842519,41.0450354856752],[-74.1484076422084,41.0450274168936],[-74.148418219945,41.0450207019282],[-74.1484302559184,41.0450155702948],[-74.148443338743,41.0450121973912],[-74.1484570212525,41.0450106985024],[-74.1484708357833,41.0450111248599],[-74.1484843101596,41.0450134618911],[-74.1488621038389,41.0451324145362],[-74.1487515625499,41.0453355132739],[-74.1487317169686,41.0453735054649],[-74.1482803261148,41.0452758349277]]],"type":"Polygon"},"properties":{"CALC_ACRE":0.278,"DEED_DATE":"040416","NET_VALUE":1223900.0,"PAMS_PIN":"0248_3208_13","PCLBLOCK":"3208","PCLLOT":"13","PROP_CLASS":"2","PROP_LOC":"212 MOMAR DR","SALES_CODE":"","SALE_PRICE":445000.0,"YR_CONSTR":2007,"ZIP5":"07446"},"type":"Feature"},{"geometry":{"coordinates":[[[-74.1530837769407,41.0499833556429],[-74.1533220137474,41.0497856990186],[-74.1535683165269,41.0499601806573],[-74.153328819384,41.0501570285584],[-74.1530837769407,41.0499833556429]]],"type":"Polygon"},"properties":{"CALC_ACRE":0.23,"DEED_DATE":"210329","NET_VALUE":736300.0,"PAMS_PIN":"0248_2801_1","PCLBLOCK":"2801","PCLLOT":"1","PROP_CLASS":"2","PROP_LOC":"260 WYCKOFF AVE","SALES_CODE":"","SALE_PRICE":625000.0,"YR_CONSTR":1954,"ZIP5":"07446"},"type":"Feature"}],"type":"FeatureCollection"}
